'vswhere.exe' is not recognized as an internal or external command,
operable program or batch file.
**********************************************************************
** Visual Studio 2022 Developer Command Prompt v17.0
** Copyright (c) 2025 Microsoft Corporation
**********************************************************************
[vcvarsall.bat] Environment initialized for: 'x64'
=== [1/3] compile CPU reference (cl /O2) ===
token_merge_ref.cpp
=== [2/3] run CPU reference: 8 boundary cases (fused-mirror vs naive) ===
=== 融合算子 CPU 镜像 vs 朴素三段式 对拍 ===
（验证分块边界、跨步取列、8-lane 归约顺序、平局规则、合并链路）

N=   64 D=   64 | argmax不一致   0 | 相似度最大误差 1.79e-07 | 植入对命中 4/4 | 压缩 64->48 (期望 48) | PASS
N=  128 D=  128 | argmax不一致   0 | 相似度最大误差 2.98e-07 | 植入对命中 4/4 | 压缩 128->96 (期望 96) | PASS
N=  100 D=   96 | argmax不一致   0 | 相似度最大误差 1.19e-07 | 植入对命中 4/4 | 压缩 100->75 (期望 75) | PASS
N=  129 D=   64 | argmax不一致   0 | 相似度最大误差 2.38e-07 | 植入对命中 4/4 | 压缩 129->97 (期望 97) | PASS
N=  256 D=  100 | argmax不一致   0 | 相似度最大误差 2.98e-07 | 植入对命中 4/4 | 压缩 256->192 (期望 192) | PASS
N=   37 D=   33 | argmax不一致   0 | 相似度最大误差 1.19e-07 | 植入对命中 4/4 | 压缩 37->28 (期望 28) | PASS
N=  512 D=  256 | argmax不一致   0 | 相似度最大误差 3.58e-07 | 植入对命中 4/4 | 压缩 512->384 (期望 384) | PASS
N= 1024 D=  128 | argmax不一致   0 | 相似度最大误差 2.38e-07 | 植入对命中 4/4 | 压缩 1024->768 (期望 768) | PASS

全部通过
=== [3/3] build CUDA extension (SM89, torch cu118 env "yolo") ===
running build_ext
building 'token_merge_cuda' extension
creating F:\qwen25vl-build\kernels\build
creating F:\qwen25vl-build\kernels\build\temp.win-amd64-cpython-38
creating F:\qwen25vl-build\kernels\build\temp.win-amd64-cpython-38\Release
D:\APP\AboutCode\Miniconda3\envs\yolo\lib\site-packages\torch\utils\cpp_extension.py:381: UserWarning: Error checking compiler version for cl: 'cp1' codec can't decode bytes in position 0--1: No mapping for the Unicode character exists in the target code page.
  warnings.warn(f'Error checking compiler version for {compiler}: {error}')
Emitting ninja build file F:\qwen25vl-build\kernels\build\temp.win-amd64-cpython-38\Release\build.ninja...
Compiling objects...
Allowing ninja to set a default number of workers... (overridable by setting the environment variable MAX_JOBS=N)
[1/2] cl /showIncludes /nologo /O2 /W3 /GL /DNDEBUG /MD /MD /wd4819 /wd4251 /wd4244 /wd4267 /wd4275 /wd4018 /wd4190 /wd4624 /wd4067 /wd4068 /EHsc -ID:\APP\AboutCode\Miniconda3\envs\yolo\lib\site-packages\torch\include -ID:\APP\AboutCode\Miniconda3\envs\yolo\lib\site-packages\torch\include\torch\csrc\api\include -ID:\APP\AboutCode\Miniconda3\envs\yolo\lib\site-packages\torch\include\TH -ID:\APP\AboutCode\Miniconda3\envs\yolo\lib\site-packages\torch\include\THC "-IC:\Program Files\NVIDIA GPU Computing Toolkit\CUDA\v11.8\include" -ID:\APP\AboutCode\Miniconda3\envs\yolo\include -ID:\APP\AboutCode\Miniconda3\envs\yolo\Include "-ID:\APP\AboutCode\Microsoft Visual Studio\2022\Community\VC\Tools\MSVC\14.44.35207\include" "-ID:\APP\AboutCode\Microsoft Visual Studio\2022\Community\VC\Tools\MSVC\14.44.35207\ATLMFC\include" "-ID:\APP\AboutCode\Microsoft Visual Studio\2022\Community\VC\Auxiliary\VS\include" "-IC:\Program Files (x86)\Windows Kits\10\include\10.0.26100.0\ucrt" "-IC:\Program Files (x86)\Windows Kits\10\\include\10.0.26100.0\\um" "-IC:\Program Files (x86)\Windows Kits\10\\include\10.0.26100.0\\shared" "-IC:\Program Files (x86)\Windows Kits\10\\include\10.0.26100.0\\winrt" "-IC:\Program Files (x86)\Windows Kits\10\\include\10.0.26100.0\\cppwinrt" -c F:\qwen25vl-build\kernels\bindings.cpp /FoF:\qwen25vl-build\kernels\build\temp.win-amd64-cpython-38\Release\bindings.obj -O3 -DTORCH_API_INCLUDE_EXTENSION_H -DTORCH_EXTENSION_NAME=token_merge_cuda -D_GLIBCXX_USE_CXX11_ABI=0 /std:c++17
cl: 命令行 warning D9002 :忽略未知选项“-O3”
注意: 包含文件:  D:\APP\AboutCode\Miniconda3\envs\yolo\lib\site-packages\torch\include\torch/extension.h
注意: 包含文件:   D:\APP\AboutCode\Miniconda3\envs\yolo\lib\site-packages\torch\include\torch\csrc\api\include\torch/all.h
注意: 包含文件:    D:\APP\AboutCode\Miniconda3\envs\yolo\lib\site-packages\torch\include\torch\csrc\api\include\torch/autograd.h
注意: 包含文件:     D:\APP\AboutCode\Miniconda3\envs\yolo\lib\site-packages\torch\include\torch/csrc/autograd/autograd.h
注意: 包含文件:      D:\APP\AboutCode\Miniconda3\envs\yolo\lib\site-packages\torch\include\torch/csrc/autograd/variable.h
注意: 包含文件:       D:\APP\AboutCode\Miniconda3\envs\yolo\lib\site-packages\torch\include\torch/csrc/utils/python_stub.h
注意: 包含文件:       D:\APP\AboutCode\Miniconda3\envs\yolo\lib\site-packages\torch\include\torch/csrc/Export.h
注意: 包含文件:        D:\APP\AboutCode\Miniconda3\envs\yolo\lib\site-packages\torch\include\c10/macros/Export.h
注意: 包含文件:         D:\APP\AboutCode\Miniconda3\envs\yolo\lib\site-packages\torch\include\c10/macros/cmake_macros.h
注意: 包含文件:       D:\APP\AboutCode\Miniconda3\envs\yolo\lib\site-packages\torch\include\torch/csrc/autograd/cpp_hook.h
注意: 包含文件:        D:\APP\AboutCode\Miniconda3\envs\yolo\lib\site-packages\torch\include\torch/csrc/autograd/function_hook.h
注意: 包含文件:         D:\APP\AboutCode\Miniconda3\envs\yolo\lib\site-packages\torch\include\ATen/Tensor.h
注意: 包含文件:          D:\APP\AboutCode\Miniconda3\envs\yolo\lib\site-packages\torch\include\ATen/core/Tensor.h
注意: 包含文件:           D:\APP\AboutCode\Miniconda3\envs\yolo\lib\site-packages\torch\include\ATen/core/TensorBody.h
注意: 包含文件:            D:\APP\AboutCode\Miniconda3\envs\yolo\lib\site-packages\torch\include\c10/core/Device.h
注意: 包含文件:             D:\APP\AboutCode\Miniconda3\envs\yolo\lib\site-packages\torch\include\c10/core/DeviceType.h
注意: 包含文件:              D:\APP\AboutCode\Microsoft Visual Studio\2022\Community\VC\Tools\MSVC\14.44.35207\include\functional
注意: 包含文件:               D:\APP\AboutCode\Microsoft Visual Studio\2022\Community\VC\Tools\MSVC\14.44.35207\include\yvals_core.h
注意: 包含文件:                D:\APP\AboutCode\Microsoft Visual Studio\2022\Community\VC\Tools\MSVC\14.44.35207\include\vcruntime.h
注意: 包含文件:                 D:\APP\AboutCode\Microsoft Visual Studio\2022\Community\VC\Tools\MSVC\14.44.35207\include\sal.h
注意: 包含文件:                  D:\APP\AboutCode\Microsoft Visual Studio\2022\Community\VC\Tools\MSVC\14.44.35207\include\concurrencysal.h
注意: 包含文件:                 D:\APP\AboutCode\Microsoft Visual Studio\2022\Community\VC\Tools\MSVC\14.44.35207\include\vadefs.h
注意: 包含文件:                D:\APP\AboutCode\Microsoft Visual Studio\2022\Community\VC\Tools\MSVC\14.44.35207\include\xkeycheck.h
注意: 包含文件:               D:\APP\AboutCode\Microsoft Visual Studio\2022\Community\VC\Tools\MSVC\14.44.35207\include\exception
注意: 包含文件:                D:\APP\AboutCode\Microsoft Visual Studio\2022\Community\VC\Tools\MSVC\14.44.35207\include\yvals.h
注意: 包含文件:                 C:\Program Files (x86)\Windows Kits\10\include\10.0.26100.0\ucrt\crtdbg.h
注意: 包含文件:                  C:\Program Files (x86)\Windows Kits\10\include\10.0.26100.0\ucrt\corecrt.h
注意: 包含文件:                  D:\APP\AboutCode\Microsoft Visual Studio\2022\Community\VC\Tools\MSVC\14.44.35207\include\vcruntime_new_debug.h
注意: 包含文件:                   D:\APP\AboutCode\Microsoft Visual Studio\2022\Community\VC\Tools\MSVC\14.44.35207\include\vcruntime_new.h
注意: 包含文件:                 D:\APP\AboutCode\Microsoft Visual Studio\2022\Community\VC\Tools\MSVC\14.44.35207\include\crtdefs.h
注意: 包含文件:                 D:\APP\AboutCode\Microsoft Visual Studio\2022\Community\VC\Tools\MSVC\14.44.35207\include\use_ansi.h
注意: 包含文件:                D:\APP\AboutCode\Microsoft Visual Studio\2022\Community\VC\Tools\MSVC\14.44.35207\include\cstdlib
注意: 包含文件:                 C:\Program Files (x86)\Windows Kits\10\include\10.0.26100.0\ucrt\math.h
注意: 包含文件:                  C:\Program Files (x86)\Windows Kits\10\include\10.0.26100.0\ucrt\corecrt_math.h
注意: 包含文件:                 C:\Program Files (x86)\Windows Kits\10\include\10.0.26100.0\ucrt\stdlib.h
注意: 包含文件:                  C:\Program Files (x86)\Windows Kits\10\include\10.0.26100.0\ucrt\corecrt_malloc.h
注意: 包含文件:                  C:\Program Files (x86)\Windows Kits\10\include\10.0.26100.0\ucrt\corecrt_search.h
注意: 包含文件:                   C:\Program Files (x86)\Windows Kits\10\include\10.0.26100.0\ucrt\stddef.h
注意: 包含文件:                  C:\Program Files (x86)\Windows Kits\10\include\10.0.26100.0\ucrt\corecrt_wstdlib.h
注意: 包含文件:                  D:\APP\AboutCode\Microsoft Visual Studio\2022\Community\VC\Tools\MSVC\14.44.35207\include\limits.h
注意: 包含文件:                D:\APP\AboutCode\Microsoft Visual Studio\2022\Community\VC\Tools\MSVC\14.44.35207\include\type_traits
注意: 包含文件:                 D:\APP\AboutCode\Microsoft Visual Studio\2022\Community\VC\Tools\MSVC\14.44.35207\include\cstddef
注意: 包含文件:                  D:\APP\AboutCode\Microsoft Visual Studio\2022\Community\VC\Tools\MSVC\14.44.35207\include\xtr1common
注意: 包含文件:                 D:\APP\AboutCode\Microsoft Visual Studio\2022\Community\VC\Tools\MSVC\14.44.35207\include\cstdint
注意: 包含文件:                  D:\APP\AboutCode\Microsoft Visual Studio\2022\Community\VC\Tools\MSVC\14.44.35207\include\stdint.h
注意: 包含文件:                 D:\APP\AboutCode\Microsoft Visual Studio\2022\Community\VC\Tools\MSVC\14.44.35207\include\cstring
注意: 包含文件:                  C:\Program Files (x86)\Windows Kits\10\include\10.0.26100.0\ucrt\string.h
注意: 包含文件:                   C:\Program Files (x86)\Windows Kits\10\include\10.0.26100.0\ucrt\corecrt_memory.h
注意: 包含文件:                    C:\Program Files (x86)\Windows Kits\10\include\10.0.26100.0\ucrt\corecrt_memcpy_s.h
注意: 包含文件:                     C:\Program Files (x86)\Windows Kits\10\include\10.0.26100.0\ucrt\errno.h
注意: 包含文件:                     D:\APP\AboutCode\Microsoft Visual Studio\2022\Community\VC\Tools\MSVC\14.44.35207\include\vcruntime_string.h
注意: 包含文件:                   C:\Program Files (x86)\Windows Kits\10\include\10.0.26100.0\ucrt\corecrt_wstring.h
注意: 包含文件:                C:\Program Files (x86)\Windows Kits\10\include\10.0.26100.0\ucrt\malloc.h
注意: 包含文件:                D:\APP\AboutCode\Microsoft Visual Studio\2022\Community\VC\Tools\MSVC\14.44.35207\include\vcruntime_exception.h
注意: 包含文件:                 D:\APP\AboutCode\Microsoft Visual Studio\2022\Community\VC\Tools\MSVC\14.44.35207\include\eh.h
注意: 包含文件:                  C:\Program Files (x86)\Windows Kits\10\include\10.0.26100.0\ucrt\corecrt_terminate.h
注意: 包含文件:               D:\APP\AboutCode\Microsoft Visual Studio\2022\Community\VC\Tools\MSVC\14.44.35207\include\tuple
注意: 包含文件:                D:\APP\AboutCode\Microsoft Visual Studio\2022\Community\VC\Tools\MSVC\14.44.35207\include\__msvc_iter_core.hpp
注意: 包含文件:                 D:\APP\AboutCode\Microsoft Visual Studio\2022\Community\VC\Tools\MSVC\14.44.35207\include\utility
注意: 包含文件:                  D:\APP\AboutCode\Microsoft Visual Studio\2022\Community\VC\Tools\MSVC\14.44.35207\include\initializer_list
注意: 包含文件:               D:\APP\AboutCode\Microsoft Visual Studio\2022\Community\VC\Tools\MSVC\14.44.35207\include\typeinfo
注意: 包含文件:                D:\APP\AboutCode\Microsoft Visual Studio\2022\Community\VC\Tools\MSVC\14.44.35207\include\vcruntime_typeinfo.h
注意: 包含文件:               D:\APP\AboutCode\Microsoft Visual Studio\2022\Community\VC\Tools\MSVC\14.44.35207\include\xmemory
注意: 包含文件:                D:\APP\AboutCode\Microsoft Visual Studio\2022\Community\VC\Tools\MSVC\14.44.35207\include\limits
注意: 包含文件:                 D:\APP\AboutCode\Microsoft Visual Studio\2022\Community\VC\Tools\MSVC\14.44.35207\include\cfloat
注意: 包含文件:                  C:\Program Files (x86)\Windows Kits\10\include\10.0.26100.0\ucrt\float.h
注意: 包含文件:                 D:\APP\AboutCode\Microsoft Visual Studio\2022\Community\VC\Tools\MSVC\14.44.35207\include\climits
注意: 包含文件:                 D:\APP\AboutCode\Microsoft Visual Studio\2022\Community\VC\Tools\MSVC\14.44.35207\include\cwchar
注意: 包含文件:                  D:\APP\AboutCode\Microsoft Visual Studio\2022\Community\VC\Tools\MSVC\14.44.35207\include\cstdio
注意: 包含文件:                   C:\Program Files (x86)\Windows Kits\10\include\10.0.26100.0\ucrt\stdio.h
注意: 包含文件:                    C:\Program Files (x86)\Windows Kits\10\include\10.0.26100.0\ucrt\corecrt_wstdio.h
注意: 包含文件:                     C:\Program Files (x86)\Windows Kits\10\include\10.0.26100.0\ucrt\corecrt_stdio_config.h
注意: 包含文件:                  C:\Program Files (x86)\Windows Kits\10\include\10.0.26100.0\ucrt\wchar.h
注意: 包含文件:                   C:\Program Files (x86)\Windows Kits\10\include\10.0.26100.0\ucrt\corecrt_wconio.h
注意: 包含文件:                   C:\Program Files (x86)\Windows Kits\10\include\10.0.26100.0\ucrt\corecrt_wctype.h
注意: 包含文件:                   C:\Program Files (x86)\Windows Kits\10\include\10.0.26100.0\ucrt\corecrt_wdirect.h
注意: 包含文件:                   C:\Program Files (x86)\Windows Kits\10\include\10.0.26100.0\ucrt\corecrt_wio.h
注意: 包含文件:                    C:\Program Files (x86)\Windows Kits\10\include\10.0.26100.0\ucrt\corecrt_share.h
注意: 包含文件:                   C:\Program Files (x86)\Windows Kits\10\include\10.0.26100.0\ucrt\corecrt_wprocess.h
注意: 包含文件:                   C:\Program Files (x86)\Windows Kits\10\include\10.0.26100.0\ucrt\corecrt_wtime.h
注意: 包含文件:                   C:\Program Files (x86)\Windows Kits\10\include\10.0.26100.0\ucrt\sys/stat.h
注意: 包含文件:                    C:\Program Files (x86)\Windows Kits\10\include\10.0.26100.0\ucrt\sys/types.h
注意: 包含文件:                   D:\APP\AboutCode\Microsoft Visual Studio\2022\Community\VC\Tools\MSVC\14.44.35207\include\intrin.h
注意: 包含文件:                    D:\APP\AboutCode\Microsoft Visual Studio\2022\Community\VC\Tools\MSVC\14.44.35207\include\intrin0.inl.h
注意: 包含文件:                    D:\APP\AboutCode\Microsoft Visual Studio\2022\Community\VC\Tools\MSVC\14.44.35207\include\setjmp.h
注意: 包含文件:                    D:\APP\AboutCode\Microsoft Visual Studio\2022\Community\VC\Tools\MSVC\14.44.35207\include\immintrin.h
注意: 包含文件:                     D:\APP\AboutCode\Microsoft Visual Studio\2022\Community\VC\Tools\MSVC\14.44.35207\include\wmmintrin.h
注意: 包含文件:                      D:\APP\AboutCode\Microsoft Visual Studio\2022\Community\VC\Tools\MSVC\14.44.35207\include\nmmintrin.h
注意: 包含文件:                       D:\APP\AboutCode\Microsoft Visual Studio\2022\Community\VC\Tools\MSVC\14.44.35207\include\smmintrin.h
注意: 包含文件:                        D:\APP\AboutCode\Microsoft Visual Studio\2022\Community\VC\Tools\MSVC\14.44.35207\include\tmmintrin.h
注意: 包含文件:                         D:\APP\AboutCode\Microsoft Visual Studio\2022\Community\VC\Tools\MSVC\14.44.35207\include\pmmintrin.h
注意: 包含文件:                          D:\APP\AboutCode\Microsoft Visual Studio\2022\Community\VC\Tools\MSVC\14.44.35207\include\emmintrin.h
注意: 包含文件:                           D:\APP\AboutCode\Microsoft Visual Studio\2022\Community\VC\Tools\MSVC\14.44.35207\include\xmmintrin.h
注意: 包含文件:                            D:\APP\AboutCode\Microsoft Visual Studio\2022\Community\VC\Tools\MSVC\14.44.35207\include\mmintrin.h
注意: 包含文件:                     D:\APP\AboutCode\Microsoft Visual Studio\2022\Community\VC\Tools\MSVC\14.44.35207\include\zmmintrin.h
注意: 包含文件:                    D:\APP\AboutCode\Microsoft Visual Studio\2022\Community\VC\Tools\MSVC\14.44.35207\include\ammintrin.h
注意: 包含文件:                 D:\APP\AboutCode\Microsoft Visual Studio\2022\Community\VC\Tools\MSVC\14.44.35207\include\intrin0.h
注意: 包含文件:                D:\APP\AboutCode\Microsoft Visual Studio\2022\Community\VC\Tools\MSVC\14.44.35207\include\new
注意: 包含文件:                D:\APP\AboutCode\Microsoft Visual Studio\2022\Community\VC\Tools\MSVC\14.44.35207\include\xatomic.h
注意: 包含文件:                D:\APP\AboutCode\Microsoft Visual Studio\2022\Community\VC\Tools\MSVC\14.44.35207\include\xutility
注意: 包含文件:               D:\APP\AboutCode\Microsoft Visual Studio\2022\Community\VC\Tools\MSVC\14.44.35207\include\unordered_map
注意: 包含文件:                D:\APP\AboutCode\Microsoft Visual Studio\2022\Community\VC\Tools\MSVC\14.44.35207\include\xhash
注意: 包含文件:                 D:\APP\AboutCode\Microsoft Visual Studio\2022\Community\VC\Tools\MSVC\14.44.35207\include\cmath
注意: 包含文件:                 D:\APP\AboutCode\Microsoft Visual Studio\2022\Community\VC\Tools\MSVC\14.44.35207\include\list
注意: 包含文件:                  D:\APP\AboutCode\Microsoft Visual Studio\2022\Community\VC\Tools\MSVC\14.44.35207\include\xpolymorphic_allocator.h
注意: 包含文件:                 D:\APP\AboutCode\Microsoft Visual Studio\2022\Community\VC\Tools\MSVC\14.44.35207\include\vector
注意: 包含文件:                  D:\APP\AboutCode\Microsoft Visual Studio\2022\Community\VC\Tools\MSVC\14.44.35207\include\__msvc_bit_utils.hpp
注意: 包含文件:                  D:\APP\AboutCode\Microsoft Visual Studio\2022\Community\VC\Tools\MSVC\14.44.35207\include\__msvc_sanitizer_annotate_container.hpp
注意: 包含文件:                 D:\APP\AboutCode\Microsoft Visual Studio\2022\Community\VC\Tools\MSVC\14.44.35207\include\xbit_ops.h
注意: 包含文件:                 D:\APP\AboutCode\Microsoft Visual Studio\2022\Community\VC\Tools\MSVC\14.44.35207\include\xnode_handle.h
注意: 包含文件:              D:\APP\AboutCode\Microsoft Visual Studio\2022\Community\VC\Tools\MSVC\14.44.35207\include\ostream
注意: 包含文件:               D:\APP\AboutCode\Microsoft Visual Studio\2022\Community\VC\Tools\MSVC\14.44.35207\include\__msvc_ostream.hpp
注意: 包含文件:                D:\APP\AboutCode\Microsoft Visual Studio\2022\Community\VC\Tools\MSVC\14.44.35207\include\ios
注意: 包含文件:                 D:\APP\AboutCode\Microsoft Visual Studio\2022\Community\VC\Tools\MSVC\14.44.35207\include\xlocnum
注意: 包含文件:                  D:\APP\AboutCode\Microsoft Visual Studio\2022\Community\VC\Tools\MSVC\14.44.35207\include\iterator
注意: 包含文件:                   D:\APP\AboutCode\Microsoft Visual Studio\2022\Community\VC\Tools\MSVC\14.44.35207\include\iosfwd
注意: 包含文件:                  D:\APP\AboutCode\Microsoft Visual Studio\2022\Community\VC\Tools\MSVC\14.44.35207\include\streambuf
注意: 包含文件:                   D:\APP\AboutCode\Microsoft Visual Studio\2022\Community\VC\Tools\MSVC\14.44.35207\include\xiosbase
注意: 包含文件:                    C:\Program Files (x86)\Windows Kits\10\include\10.0.26100.0\ucrt\share.h
注意: 包含文件:                    D:\APP\AboutCode\Microsoft Visual Studio\2022\Community\VC\Tools\MSVC\14.44.35207\include\system_error
注意: 包含文件:                     D:\APP\AboutCode\Microsoft Visual Studio\2022\Community\VC\Tools\MSVC\14.44.35207\include\__msvc_system_error_abi.hpp
注意: 包含文件:                     D:\APP\AboutCode\Microsoft Visual Studio\2022\Community\VC\Tools\MSVC\14.44.35207\include\cerrno
注意: 包含文件:                     D:\APP\AboutCode\Microsoft Visual Studio\2022\Community\VC\Tools\MSVC\14.44.35207\include\stdexcept
注意: 包含文件:                      D:\APP\AboutCode\Microsoft Visual Studio\2022\Community\VC\Tools\MSVC\14.44.35207\include\xstring
注意: 包含文件:                       D:\APP\AboutCode\Microsoft Visual Studio\2022\Community\VC\Tools\MSVC\14.44.35207\include\__msvc_string_view.hpp
注意: 包含文件:                     D:\APP\AboutCode\Microsoft Visual Studio\2022\Community\VC\Tools\MSVC\14.44.35207\include\xcall_once.h
注意: 包含文件:                     D:\APP\AboutCode\Microsoft Visual Studio\2022\Community\VC\Tools\MSVC\14.44.35207\include\xerrc.h
注意: 包含文件:                     D:\APP\AboutCode\Microsoft Visual Studio\2022\Community\VC\Tools\MSVC\14.44.35207\include\atomic
注意: 包含文件:                      D:\APP\AboutCode\Microsoft Visual Studio\2022\Community\VC\Tools\MSVC\14.44.35207\include\xthreads.h
注意: 包含文件:                       D:\APP\AboutCode\Microsoft Visual Studio\2022\Community\VC\Tools\MSVC\14.44.35207\include\__msvc_threads_core.hpp
注意: 包含文件:                       D:\APP\AboutCode\Microsoft Visual Studio\2022\Community\VC\Tools\MSVC\14.44.35207\include\xtimec.h
注意: 包含文件:                        D:\APP\AboutCode\Microsoft Visual Studio\2022\Community\VC\Tools\MSVC\14.44.35207\include\ctime
注意: 包含文件:                         C:\Program Files (x86)\Windows Kits\10\include\10.0.26100.0\ucrt\time.h
注意: 包含文件:                    D:\APP\AboutCode\Microsoft Visual Studio\2022\Community\VC\Tools\MSVC\14.44.35207\include\xlocale
注意: 包含文件:                     D:\APP\AboutCode\Microsoft Visual Studio\2022\Community\VC\Tools\MSVC\14.44.35207\include\memory
注意: 包含文件:                     D:\APP\AboutCode\Microsoft Visual Studio\2022\Community\VC\Tools\MSVC\14.44.35207\include\xfacet
注意: 包含文件:                     D:\APP\AboutCode\Microsoft Visual Studio\2022\Community\VC\Tools\MSVC\14.44.35207\include\xlocinfo
注意: 包含文件:                      D:\APP\AboutCode\Microsoft Visual Studio\2022\Community\VC\Tools\MSVC\14.44.35207\include\__msvc_xlocinfo_types.hpp
注意: 包含文件:                      D:\APP\AboutCode\Microsoft Visual Studio\2022\Community\VC\Tools\MSVC\14.44.35207\include\cctype
注意: 包含文件:                       C:\Program Files (x86)\Windows Kits\10\include\10.0.26100.0\ucrt\ctype.h
注意: 包含文件:                      D:\APP\AboutCode\Microsoft Visual Studio\2022\Community\VC\Tools\MSVC\14.44.35207\include\clocale
注意: 包含文件:                       C:\Program Files (x86)\Windows Kits\10\include\10.0.26100.0\ucrt\locale.h
注意: 包含文件:             D:\APP\AboutCode\Miniconda3\envs\yolo\lib\site-packages\torch\include\c10/util/Exception.h
注意: 包含文件:              D:\APP\AboutCode\Miniconda3\envs\yolo\lib\site-packages\torch\include\c10/macros/Macros.h
注意: 包含文件:               D:\APP\AboutCode\Microsoft Visual Studio\2022\Community\VC\Tools\MSVC\14.44.35207\include\cassert
注意: 包含文件:                C:\Program Files (x86)\Windows Kits\10\include\10.0.26100.0\ucrt\assert.h
注意: 包含文件:              D:\APP\AboutCode\Miniconda3\envs\yolo\lib\site-packages\torch\include\c10/util/StringUtil.h
注意: 包含文件:               D:\APP\AboutCode\Miniconda3\envs\yolo\lib\site-packages\torch\include\c10/util/string_utils.h
注意: 包含文件:                D:\APP\AboutCode\Microsoft Visual Studio\2022\Community\VC\Tools\MSVC\14.44.35207\include\sstream
注意: 包含文件:                 D:\APP\AboutCode\Microsoft Visual Studio\2022\Community\VC\Tools\MSVC\14.44.35207\include\istream
注意: 包含文件:                 D:\APP\AboutCode\Microsoft Visual Studio\2022\Community\VC\Tools\MSVC\14.44.35207\include\string
注意: 包含文件:               D:\APP\AboutCode\Miniconda3\envs\yolo\lib\site-packages\torch\include\c10/util/string_view.h
注意: 包含文件:                D:\APP\AboutCode\Microsoft Visual Studio\2022\Community\VC\Tools\MSVC\14.44.35207\include\algorithm
注意: 包含文件:                 D:\APP\AboutCode\Microsoft Visual Studio\2022\Community\VC\Tools\MSVC\14.44.35207\include\__msvc_heap_algorithms.hpp
注意: 包含文件:                 D:\APP\AboutCode\Microsoft Visual Studio\2022\Community\VC\Tools\MSVC\14.44.35207\include\__msvc_minmax.hpp
注意: 包含文件:                D:\APP\AboutCode\Microsoft Visual Studio\2022\Community\VC\Tools\MSVC\14.44.35207\include\string_view
注意: 包含文件:              D:\APP\AboutCode\Microsoft Visual Studio\2022\Community\VC\Tools\MSVC\14.44.35207\include\variant
注意: 包含文件:               D:\APP\AboutCode\Microsoft Visual Studio\2022\Community\VC\Tools\MSVC\14.44.35207\include\xsmf_control.h
注意: 包含文件:            D:\APP\AboutCode\Miniconda3\envs\yolo\lib\site-packages\torch\include\c10/core/Layout.h
注意: 包含文件:             D:\APP\AboutCode\Miniconda3\envs\yolo\lib\site-packages\torch\include\c10/core/Backend.h
注意: 包含文件:              D:\APP\AboutCode\Miniconda3\envs\yolo\lib\site-packages\torch\include\c10/core/DispatchKey.h
注意: 包含文件:              D:\APP\AboutCode\Miniconda3\envs\yolo\lib\site-packages\torch\include\c10/core/DispatchKeySet.h
注意: 包含文件:               D:\APP\AboutCode\Miniconda3\envs\yolo\lib\site-packages\torch\include\c10/util/Metaprogramming.h
注意: 包含文件:                D:\APP\AboutCode\Miniconda3\envs\yolo\lib\site-packages\torch\include\c10/util/TypeList.h
注意: 包含文件:                 D:\APP\AboutCode\Miniconda3\envs\yolo\lib\site-packages\torch\include\c10/util/C++17.h
注意: 包含文件:                 D:\APP\AboutCode\Miniconda3\envs\yolo\lib\site-packages\torch\include\c10/util/TypeTraits.h
注意: 包含文件:               D:\APP\AboutCode\Miniconda3\envs\yolo\lib\site-packages\torch\include\c10/util/llvmMathExtras.h
注意: 包含文件:                D:\APP\AboutCode\Miniconda3\envs\yolo\lib\site-packages\torch\include\c10/util/bit_cast.h
注意: 包含文件:                D:\APP\AboutCode\Microsoft Visual Studio\2022\Community\VC\Tools\MSVC\14.44.35207\include\cassert
注意: 包含文件:                 C:\Program Files (x86)\Windows Kits\10\include\10.0.26100.0\ucrt\assert.h
注意: 包含文件:               D:\APP\AboutCode\Microsoft Visual Studio\2022\Community\VC\Tools\MSVC\14.44.35207\include\array
注意: 包含文件:            D:\APP\AboutCode\Miniconda3\envs\yolo\lib\site-packages\torch\include\c10/core/MemoryFormat.h
注意: 包含文件:             D:\APP\AboutCode\Miniconda3\envs\yolo\lib\site-packages\torch\include\c10/util/ArrayRef.h
注意: 包含文件:              D:\APP\AboutCode\Miniconda3\envs\yolo\lib\site-packages\torch\include\c10/util/Deprecated.h
注意: 包含文件:              D:\APP\AboutCode\Miniconda3\envs\yolo\lib\site-packages\torch\include\c10/util/SmallVector.h
注意: 包含文件:               D:\APP\AboutCode\Miniconda3\envs\yolo\lib\site-packages\torch\include\c10/util/AlignOf.h
注意: 包含文件:               D:\APP\AboutCode\Microsoft Visual Studio\2022\Community\VC\Tools\MSVC\14.44.35207\include\cassert
注意: 包含文件:                C:\Program Files (x86)\Windows Kits\10\include\10.0.26100.0\ucrt\assert.h
注意: 包含文件:            D:\APP\AboutCode\Miniconda3\envs\yolo\lib\site-packages\torch\include\c10/core/QScheme.h
注意: 包含文件:            D:\APP\AboutCode\Miniconda3\envs\yolo\lib\site-packages\torch\include\c10/core/Stream.h
注意: 包含文件:            D:\APP\AboutCode\Miniconda3\envs\yolo\lib\site-packages\torch\include\c10/core/Scalar.h
注意: 包含文件:             D:\APP\AboutCode\Miniconda3\envs\yolo\lib\site-packages\torch\include\c10/core/OptionalRef.h
注意: 包含文件:             D:\APP\AboutCode\Miniconda3\envs\yolo\lib\site-packages\torch\include\c10/core/ScalarType.h
注意: 包含文件:              D:\APP\AboutCode\Miniconda3\envs\yolo\lib\site-packages\torch\include\c10/util/BFloat16.h
注意: 包含文件:               D:\APP\AboutCode\Miniconda3\envs\yolo\lib\site-packages\torch\include\c10/util/BFloat16-inl.h
注意: 包含文件:              D:\APP\AboutCode\Miniconda3\envs\yolo\lib\site-packages\torch\include\c10/util/Float8_e4m3fn.h
注意: 包含文件:               D:\APP\AboutCode\Miniconda3\envs\yolo\lib\site-packages\torch\include\c10/util/TypeSafeSignMath.h
注意: 包含文件:               D:\APP\AboutCode\Miniconda3\envs\yolo\lib\site-packages\torch\include\c10/util/floating_point_utils.h
注意: 包含文件:               C:\Program Files (x86)\Windows Kits\10\include\10.0.26100.0\ucrt\math.h
注意: 包含文件:               D:\APP\AboutCode\Miniconda3\envs\yolo\lib\site-packages\torch\include\c10/util/Float8_e4m3fn-inl.h
注意: 包含文件:              D:\APP\AboutCode\Miniconda3\envs\yolo\lib\site-packages\torch\include\c10/util/Float8_e4m3fnuz.h
注意: 包含文件:               C:\Program Files (x86)\Windows Kits\10\include\10.0.26100.0\ucrt\math.h
注意: 包含文件:               D:\APP\AboutCode\Miniconda3\envs\yolo\lib\site-packages\torch\include\c10/util/Float8_e4m3fnuz-inl.h
注意: 包含文件:              D:\APP\AboutCode\Miniconda3\envs\yolo\lib\site-packages\torch\include\c10/util/Float8_e5m2.h
注意: 包含文件:               D:\APP\AboutCode\Miniconda3\envs\yolo\lib\site-packages\torch\include\c10/util/Half.h
注意: 包含文件:                D:\APP\AboutCode\Miniconda3\envs\yolo\lib\site-packages\torch\include\c10/util/complex.h
注意: 包含文件:                 D:\APP\AboutCode\Microsoft Visual Studio\2022\Community\VC\Tools\MSVC\14.44.35207\include\complex
注意: 包含文件:                  D:\APP\AboutCode\Microsoft Visual Studio\2022\Community\VC\Tools\MSVC\14.44.35207\include\ymath.h
注意: 包含文件:                 D:\APP\AboutCode\Miniconda3\envs\yolo\lib\site-packages\torch\include\c10/util/complex_math.h
注意: 包含文件:                 D:\APP\AboutCode\Miniconda3\envs\yolo\lib\site-packages\torch\include\c10/util/complex_utils.h
注意: 包含文件:                C:\Program Files (x86)\Windows Kits\10\include\10.0.26100.0\ucrt\math.h
注意: 包含文件:                D:\APP\AboutCode\Miniconda3\envs\yolo\lib\site-packages\torch\include\c10/util/Half-inl.h
注意: 包含文件:               D:\APP\AboutCode\Miniconda3\envs\yolo\lib\site-packages\torch\include\c10/util/Float8_e5m2-inl.h
注意: 包含文件:              D:\APP\AboutCode\Miniconda3\envs\yolo\lib\site-packages\torch\include\c10/util/Float8_e5m2fnuz.h
注意: 包含文件:               C:\Program Files (x86)\Windows Kits\10\include\10.0.26100.0\ucrt\math.h
注意: 包含文件:               D:\APP\AboutCode\Miniconda3\envs\yolo\lib\site-packages\torch\include\c10/util/Float8_e5m2fnuz-inl.h
注意: 包含文件:              D:\APP\AboutCode\Miniconda3\envs\yolo\lib\site-packages\torch\include\c10/util/bits.h
注意: 包含文件:              D:\APP\AboutCode\Miniconda3\envs\yolo\lib\site-packages\torch\include\c10/util/qint32.h
注意: 包含文件:              D:\APP\AboutCode\Miniconda3\envs\yolo\lib\site-packages\torch\include\c10/util/qint8.h
注意: 包含文件:              D:\APP\AboutCode\Miniconda3\envs\yolo\lib\site-packages\torch\include\c10/util/quint2x4.h
注意: 包含文件:              D:\APP\AboutCode\Miniconda3\envs\yolo\lib\site-packages\torch\include\c10/util/quint4x2.h
注意: 包含文件:              D:\APP\AboutCode\Miniconda3\envs\yolo\lib\site-packages\torch\include\c10/util/quint8.h
注意: 包含文件:             D:\APP\AboutCode\Miniconda3\envs\yolo\lib\site-packages\torch\include\c10/core/SymFloat.h
注意: 包含文件:              D:\APP\AboutCode\Miniconda3\envs\yolo\lib\site-packages\torch\include\c10/core/SymBool.h
注意: 包含文件:               D:\APP\AboutCode\Miniconda3\envs\yolo\lib\site-packages\torch\include\c10/core/SymNodeImpl.h
注意: 包含文件:                D:\APP\AboutCode\Miniconda3\envs\yolo\lib\site-packages\torch\include\c10/util/Optional.h
注意: 包含文件:                 D:\APP\AboutCode\Microsoft Visual Studio\2022\Community\VC\Tools\MSVC\14.44.35207\include\optional
注意: 包含文件:                D:\APP\AboutCode\Miniconda3\envs\yolo\lib\site-packages\torch\include\c10/util/intrusive_ptr.h
注意: 包含文件:                 D:\APP\AboutCode\Miniconda3\envs\yolo\lib\site-packages\torch\include\c10/util/MaybeOwned.h
注意: 包含文件:                  D:\APP\AboutCode\Miniconda3\envs\yolo\lib\site-packages\torch\include\c10/util/in_place.h
注意: 包含文件:             D:\APP\AboutCode\Miniconda3\envs\yolo\lib\site-packages\torch\include\c10/core/SymInt.h
注意: 包含文件:              D:\APP\AboutCode\Microsoft Visual Studio\2022\Community\VC\Tools\MSVC\14.44.35207\include\numeric
注意: 包含文件:             D:\APP\AboutCode\Miniconda3\envs\yolo\lib\site-packages\torch\include\c10/util/TypeCast.h
注意: 包含文件:            D:\APP\AboutCode\Miniconda3\envs\yolo\lib\site-packages\torch\include\c10/core/ScalarTypeToTypeMeta.h
注意: 包含文件:             D:\APP\AboutCode\Miniconda3\envs\yolo\lib\site-packages\torch\include\c10/util/typeid.h
注意: 包含文件:              D:\APP\AboutCode\Microsoft Visual Studio\2022\Community\VC\Tools\MSVC\14.44.35207\include\mutex
注意: 包含文件:               D:\APP\AboutCode\Microsoft Visual Studio\2022\Community\VC\Tools\MSVC\14.44.35207\include\__msvc_chrono.hpp
注意: 包含文件:                D:\APP\AboutCode\Microsoft Visual Studio\2022\Community\VC\Tools\MSVC\14.44.35207\include\ratio
注意: 包含文件:               D:\APP\AboutCode\Microsoft Visual Studio\2022\Community\VC\Tools\MSVC\14.44.35207\include\thread
注意: 包含文件:                C:\Program Files (x86)\Windows Kits\10\include\10.0.26100.0\ucrt\process.h
注意: 包含文件:                 C:\Program Files (x86)\Windows Kits\10\include\10.0.26100.0\ucrt\corecrt_startup.h
注意: 包含文件:                  C:\Program Files (x86)\Windows Kits\10\include\10.0.26100.0\ucrt\math.h
注意: 包含文件:                  D:\APP\AboutCode\Microsoft Visual Studio\2022\Community\VC\Tools\MSVC\14.44.35207\include\vcruntime_startup.h
注意: 包含文件:              D:\APP\AboutCode\Miniconda3\envs\yolo\lib\site-packages\torch\include\c10/util/IdWrapper.h
注意: 包含文件:              D:\APP\AboutCode\Miniconda3\envs\yolo\lib\site-packages\torch\include\c10/util/TypeIndex.h
注意: 包含文件:               D:\APP\AboutCode\Miniconda3\envs\yolo\lib\site-packages\torch\include\c10/util/ConstexprCrc.h
注意: 包含文件:               D:\APP\AboutCode\Microsoft Visual Studio\2022\Community\VC\Tools\MSVC\14.44.35207\include\cinttypes
注意: 包含文件:                C:\Program Files (x86)\Windows Kits\10\include\10.0.26100.0\ucrt\inttypes.h
注意: 包含文件:              D:\APP\AboutCode\Miniconda3\envs\yolo\lib\site-packages\torch\include\c10/util/irange.h
注意: 包含文件:            D:\APP\AboutCode\Miniconda3\envs\yolo\lib\site-packages\torch\include\c10/core/Storage.h
注意: 包含文件:             D:\APP\AboutCode\Miniconda3\envs\yolo\lib\site-packages\torch\include\c10/core/StorageImpl.h
注意: 包含文件:              D:\APP\AboutCode\Miniconda3\envs\yolo\lib\site-packages\torch\include\c10/core/Allocator.h
注意: 包含文件:               D:\APP\AboutCode\Miniconda3\envs\yolo\lib\site-packages\torch\include\c10/util/ThreadLocalDebugInfo.h
注意: 包含文件:               D:\APP\AboutCode\Miniconda3\envs\yolo\lib\site-packages\torch\include\c10/util/UniqueVoidPtr.h
注意: 包含文件:              D:\APP\AboutCode\Miniconda3\envs\yolo\lib\site-packages\torch\include\c10/core/impl/PyObjectSlot.h
注意: 包含文件:               D:\APP\AboutCode\Miniconda3\envs\yolo\lib\site-packages\torch\include\c10/core/impl/HermeticPyObjectTLS.h
注意: 包含文件:               D:\APP\AboutCode\Miniconda3\envs\yolo\lib\site-packages\torch\include\c10/core/impl/PyInterpreter.h
注意: 包含文件:                D:\APP\AboutCode\Miniconda3\envs\yolo\lib\site-packages\torch\include\c10/core/SymIntArrayRef.h
注意: 包含文件:                D:\APP\AboutCode\Miniconda3\envs\yolo\lib\site-packages\torch\include\c10/util/python_stub.h
注意: 包含文件:             D:\APP\AboutCode\Miniconda3\envs\yolo\lib\site-packages\torch\include\c10/util/ExclusivelyOwned.h
注意: 包含文件:            D:\APP\AboutCode\Miniconda3\envs\yolo\lib\site-packages\torch\include\c10/core/TensorImpl.h
注意: 包含文件:             D:\APP\AboutCode\Miniconda3\envs\yolo\lib\site-packages\torch\include\c10/core/InferenceMode.h
注意: 包含文件:              D:\APP\AboutCode\Miniconda3\envs\yolo\lib\site-packages\torch\include\c10/core/AutogradState.h
注意: 包含文件:              D:\APP\AboutCode\Miniconda3\envs\yolo\lib\site-packages\torch\include\c10/core/impl/LocalDispatchKeySet.h
注意: 包含文件:             D:\APP\AboutCode\Miniconda3\envs\yolo\lib\site-packages\torch\include\c10/core/SymbolicShapeMeta.h
注意: 包含文件:              D:\APP\AboutCode\Miniconda3\envs\yolo\lib\site-packages\torch\include\c10/util/DimVector.h
注意: 包含文件:               D:\APP\AboutCode\Miniconda3\envs\yolo\lib\site-packages\torch\include\c10/core/impl/SizesAndStrides.h
注意: 包含文件:             D:\APP\AboutCode\Miniconda3\envs\yolo\lib\site-packages\torch\include\c10/core/WrapDimMinimal.h
注意: 包含文件:             D:\APP\AboutCode\Miniconda3\envs\yolo\lib\site-packages\torch\include\c10/util/Flags.h
注意: 包含文件:              D:\APP\AboutCode\Miniconda3\envs\yolo\lib\site-packages\torch\include\c10/util/Registry.h
注意: 包含文件:               D:\APP\AboutCode\Miniconda3\envs\yolo\lib\site-packages\torch\include\c10/util/Type.h
注意: 包含文件:             D:\APP\AboutCode\Miniconda3\envs\yolo\lib\site-packages\torch\include\c10/util/accumulate.h
注意: 包含文件:             D:\APP\AboutCode\Miniconda3\envs\yolo\lib\site-packages\torch\include\c10/util/safe_numerics.h
注意: 包含文件:            D:\APP\AboutCode\Miniconda3\envs\yolo\lib\site-packages\torch\include\c10/core/UndefinedTensorImpl.h
注意: 包含文件:            D:\APP\AboutCode\Miniconda3\envs\yolo\lib\site-packages\torch\include\c10/util/OptionalArrayRef.h
注意: 包含文件:            D:\APP\AboutCode\Miniconda3\envs\yolo\lib\site-packages\torch\include\ATen/core/CheckMemoryFormat.h
注意: 包含文件:             D:\APP\AboutCode\Miniconda3\envs\yolo\lib\site-packages\torch\include\c10/core/TensorOptions.h
注意: 包含文件:              D:\APP\AboutCode\Miniconda3\envs\yolo\lib\site-packages\torch\include\c10/core/DefaultDtype.h
注意: 包含文件:            D:\APP\AboutCode\Miniconda3\envs\yolo\lib\site-packages\torch\include\ATen/core/DeprecatedTypePropertiesRegistry.h
注意: 包含文件:            D:\APP\AboutCode\Miniconda3\envs\yolo\lib\site-packages\torch\include\ATen/core/DeprecatedTypeProperties.h
注意: 包含文件:             D:\APP\AboutCode\Miniconda3\envs\yolo\lib\site-packages\torch\include\ATen/core/Generator.h
注意: 包含文件:              D:\APP\AboutCode\Microsoft Visual Studio\2022\Community\VC\Tools\MSVC\14.44.35207\include\deque
注意: 包含文件:              D:\APP\AboutCode\Miniconda3\envs\yolo\lib\site-packages\torch\include\c10/core/GeneratorImpl.h
注意: 包含文件:            D:\APP\AboutCode\Miniconda3\envs\yolo\lib\site-packages\torch\include\ATen/core/NamedTensor.h
注意: 包含文件:             D:\APP\AboutCode\Miniconda3\envs\yolo\lib\site-packages\torch\include\ATen/core/Dimname.h
注意: 包含文件:              D:\APP\AboutCode\Miniconda3\envs\yolo\lib\site-packages\torch\include\ATen/core/symbol.h
注意: 包含文件:            D:\APP\AboutCode\Miniconda3\envs\yolo\lib\site-packages\torch\include\ATen/core/QuantizerBase.h
注意: 包含文件:            D:\APP\AboutCode\Miniconda3\envs\yolo\lib\site-packages\torch\include\ATen/core/TensorAccessor.h
注意: 包含文件:            D:\APP\AboutCode\Miniconda3\envs\yolo\lib\site-packages\torch\include\ATen/core/TensorBase.h
注意: 包含文件:             D:\APP\AboutCode\Miniconda3\envs\yolo\lib\site-packages\torch\include\c10/util/ExclusivelyOwnedTensorTraits.h
注意: 包含文件:             D:\APP\AboutCode\Miniconda3\envs\yolo\lib\site-packages\torch\include\ATen/StorageUtils.h
注意: 包含文件:            D:\APP\AboutCode\Miniconda3\envs\yolo\lib\site-packages\torch\include\ATen/MethodOperators.h
注意: 包含文件:             D:\APP\AboutCode\Miniconda3\envs\yolo\lib\site-packages\torch\include\ATen/core/ATen_fwd.h
注意: 包含文件:             D:\APP\AboutCode\Miniconda3\envs\yolo\lib\site-packages\torch\include\ATen/ops/_addmm_activation_ops.h
注意: 包含文件:             D:\APP\AboutCode\Miniconda3\envs\yolo\lib\site-packages\torch\include\ATen/ops/_autocast_to_full_precision_ops.h
注意: 包含文件:             D:\APP\AboutCode\Miniconda3\envs\yolo\lib\site-packages\torch\include\ATen/ops/_autocast_to_reduced_precision_ops.h
注意: 包含文件:             D:\APP\AboutCode\Miniconda3\envs\yolo\lib\site-packages\torch\include\ATen/ops/_backward_ops.h
注意: 包含文件:             D:\APP\AboutCode\Miniconda3\envs\yolo\lib\site-packages\torch\include\ATen/ops/_coalesced_ops.h
注意: 包含文件:             D:\APP\AboutCode\Miniconda3\envs\yolo\lib\site-packages\torch\include\ATen/ops/_conj_ops.h
注意: 包含文件:             D:\APP\AboutCode\Miniconda3\envs\yolo\lib\site-packages\torch\include\ATen/ops/_conj_physical_ops.h
注意: 包含文件:             D:\APP\AboutCode\Miniconda3\envs\yolo\lib\site-packages\torch\include\ATen/ops/_dimI_ops.h
注意: 包含文件:             D:\APP\AboutCode\Miniconda3\envs\yolo\lib\site-packages\torch\include\ATen/ops/_dimV_ops.h
注意: 包含文件:             D:\APP\AboutCode\Miniconda3\envs\yolo\lib\site-packages\torch\include\ATen/ops/_fw_primal_ops.h
注意: 包含文件:             D:\APP\AboutCode\Miniconda3\envs\yolo\lib\site-packages\torch\include\ATen/ops/_indices_ops.h
注意: 包含文件:             D:\APP\AboutCode\Miniconda3\envs\yolo\lib\site-packages\torch\include\ATen/ops/_is_all_true_ops.h
注意: 包含文件:             D:\APP\AboutCode\Miniconda3\envs\yolo\lib\site-packages\torch\include\ATen/ops/_is_any_true_ops.h
注意: 包含文件:             D:\APP\AboutCode\Miniconda3\envs\yolo\lib\site-packages\torch\include\ATen/ops/_is_zerotensor_ops.h
注意: 包含文件:             D:\APP\AboutCode\Miniconda3\envs\yolo\lib\site-packages\torch\include\ATen/ops/_neg_view_ops.h
注意: 包含文件:             D:\APP\AboutCode\Miniconda3\envs\yolo\lib\site-packages\torch\include\ATen/ops/_nested_tensor_size_ops.h
注意: 包含文件:             D:\APP\AboutCode\Miniconda3\envs\yolo\lib\site-packages\torch\include\ATen/ops/_nested_tensor_storage_offsets_ops.h
注意: 包含文件:             D:\APP\AboutCode\Miniconda3\envs\yolo\lib\site-packages\torch\include\ATen/ops/_nested_tensor_strides_ops.h
注意: 包含文件:             D:\APP\AboutCode\Miniconda3\envs\yolo\lib\site-packages\torch\include\ATen/ops/_nnz_ops.h
注意: 包含文件:             D:\APP\AboutCode\Miniconda3\envs\yolo\lib\site-packages\torch\include\ATen/ops/_reshape_alias_ops.h
注意: 包含文件:             D:\APP\AboutCode\Miniconda3\envs\yolo\lib\site-packages\torch\include\ATen/ops/_sparse_mask_projection_ops.h
注意: 包含文件:             D:\APP\AboutCode\Miniconda3\envs\yolo\lib\site-packages\torch\include\ATen/ops/_to_dense_ops.h
注意: 包含文件:             D:\APP\AboutCode\Miniconda3\envs\yolo\lib\site-packages\torch\include\ATen/ops/_to_sparse_bsc_ops.h
注意: 包含文件:             D:\APP\AboutCode\Miniconda3\envs\yolo\lib\site-packages\torch\include\ATen/ops/_to_sparse_bsr_ops.h
注意: 包含文件:             D:\APP\AboutCode\Miniconda3\envs\yolo\lib\site-packages\torch\include\ATen/ops/_to_sparse_csc_ops.h
注意: 包含文件:             D:\APP\AboutCode\Miniconda3\envs\yolo\lib\site-packages\torch\include\ATen/ops/_to_sparse_csr_ops.h
注意: 包含文件:             D:\APP\AboutCode\Miniconda3\envs\yolo\lib\site-packages\torch\include\ATen/ops/_to_sparse_ops.h
注意: 包含文件:             D:\APP\AboutCode\Miniconda3\envs\yolo\lib\site-packages\torch\include\ATen/ops/_values_ops.h
注意: 包含文件:             D:\APP\AboutCode\Miniconda3\envs\yolo\lib\site-packages\torch\include\ATen/ops/_version_ops.h
注意: 包含文件:             D:\APP\AboutCode\Miniconda3\envs\yolo\lib\site-packages\torch\include\ATen/ops/abs_ops.h
注意: 包含文件:             D:\APP\AboutCode\Miniconda3\envs\yolo\lib\site-packages\torch\include\ATen/ops/absolute_ops.h
注意: 包含文件:             D:\APP\AboutCode\Miniconda3\envs\yolo\lib\site-packages\torch\include\ATen/ops/acos_ops.h
注意: 包含文件:             D:\APP\AboutCode\Miniconda3\envs\yolo\lib\site-packages\torch\include\ATen/ops/acosh_ops.h
注意: 包含文件:             D:\APP\AboutCode\Miniconda3\envs\yolo\lib\site-packages\torch\include\ATen/ops/add_ops.h
注意: 包含文件:             D:\APP\AboutCode\Miniconda3\envs\yolo\lib\site-packages\torch\include\ATen/ops/addbmm_ops.h
注意: 包含文件:             D:\APP\AboutCode\Miniconda3\envs\yolo\lib\site-packages\torch\include\ATen/ops/addcdiv_ops.h
注意: 包含文件:             D:\APP\AboutCode\Miniconda3\envs\yolo\lib\site-packages\torch\include\ATen/ops/addcmul_ops.h
注意: 包含文件:             D:\APP\AboutCode\Miniconda3\envs\yolo\lib\site-packages\torch\include\ATen/ops/addmm_ops.h
注意: 包含文件:             D:\APP\AboutCode\Miniconda3\envs\yolo\lib\site-packages\torch\include\ATen/ops/addmv_ops.h
注意: 包含文件:             D:\APP\AboutCode\Miniconda3\envs\yolo\lib\site-packages\torch\include\ATen/ops/addr_ops.h
注意: 包含文件:             D:\APP\AboutCode\Miniconda3\envs\yolo\lib\site-packages\torch\include\ATen/ops/adjoint_ops.h
注意: 包含文件:             D:\APP\AboutCode\Miniconda3\envs\yolo\lib\site-packages\torch\include\ATen/ops/alias_ops.h
注意: 包含文件:             D:\APP\AboutCode\Miniconda3\envs\yolo\lib\site-packages\torch\include\ATen/ops/align_as_ops.h
注意: 包含文件:             D:\APP\AboutCode\Miniconda3\envs\yolo\lib\site-packages\torch\include\ATen/ops/align_to_ops.h
注意: 包含文件:             D:\APP\AboutCode\Miniconda3\envs\yolo\lib\site-packages\torch\include\ATen/ops/all_ops.h
注意: 包含文件:             D:\APP\AboutCode\Miniconda3\envs\yolo\lib\site-packages\torch\include\ATen/ops/allclose_ops.h
注意: 包含文件:             D:\APP\AboutCode\Miniconda3\envs\yolo\lib\site-packages\torch\include\ATen/ops/amax_ops.h
注意: 包含文件:             D:\APP\AboutCode\Miniconda3\envs\yolo\lib\site-packages\torch\include\ATen/ops/amin_ops.h
注意: 包含文件:             D:\APP\AboutCode\Miniconda3\envs\yolo\lib\site-packages\torch\include\ATen/ops/aminmax_ops.h
注意: 包含文件:             D:\APP\AboutCode\Miniconda3\envs\yolo\lib\site-packages\torch\include\ATen/ops/and_ops.h
注意: 包含文件:             D:\APP\AboutCode\Miniconda3\envs\yolo\lib\site-packages\torch\include\ATen/ops/angle_ops.h
注意: 包含文件:             D:\APP\AboutCode\Miniconda3\envs\yolo\lib\site-packages\torch\include\ATen/ops/any_ops.h
注意: 包含文件:             D:\APP\AboutCode\Miniconda3\envs\yolo\lib\site-packages\torch\include\ATen/ops/arccos_ops.h
注意: 包含文件:             D:\APP\AboutCode\Miniconda3\envs\yolo\lib\site-packages\torch\include\ATen/ops/arccosh_ops.h
注意: 包含文件:             D:\APP\AboutCode\Miniconda3\envs\yolo\lib\site-packages\torch\include\ATen/ops/arcsin_ops.h
注意: 包含文件:             D:\APP\AboutCode\Miniconda3\envs\yolo\lib\site-packages\torch\include\ATen/ops/arcsinh_ops.h
注意: 包含文件:             D:\APP\AboutCode\Miniconda3\envs\yolo\lib\site-packages\torch\include\ATen/ops/arctan2_ops.h
注意: 包含文件:             D:\APP\AboutCode\Miniconda3\envs\yolo\lib\site-packages\torch\include\ATen/ops/arctan_ops.h
注意: 包含文件:             D:\APP\AboutCode\Miniconda3\envs\yolo\lib\site-packages\torch\include\ATen/ops/arctanh_ops.h
注意: 包含文件:             D:\APP\AboutCode\Miniconda3\envs\yolo\lib\site-packages\torch\include\ATen/ops/argmax_ops.h
注意: 包含文件:             D:\APP\AboutCode\Miniconda3\envs\yolo\lib\site-packages\torch\include\ATen/ops/argmin_ops.h
注意: 包含文件:             D:\APP\AboutCode\Miniconda3\envs\yolo\lib\site-packages\torch\include\ATen/ops/argsort_ops.h
注意: 包含文件:             D:\APP\AboutCode\Miniconda3\envs\yolo\lib\site-packages\torch\include\ATen/ops/argwhere_ops.h
注意: 包含文件:             D:\APP\AboutCode\Miniconda3\envs\yolo\lib\site-packages\torch\include\ATen/ops/as_strided_ops.h
注意: 包含文件:             D:\APP\AboutCode\Miniconda3\envs\yolo\lib\site-packages\torch\include\ATen/ops/as_strided_scatter_ops.h
注意: 包含文件:             D:\APP\AboutCode\Miniconda3\envs\yolo\lib\site-packages\torch\include\ATen/ops/asin_ops.h
注意: 包含文件:             D:\APP\AboutCode\Miniconda3\envs\yolo\lib\site-packages\torch\include\ATen/ops/asinh_ops.h
注意: 包含文件:             D:\APP\AboutCode\Miniconda3\envs\yolo\lib\site-packages\torch\include\ATen/ops/atan2_ops.h
注意: 包含文件:             D:\APP\AboutCode\Miniconda3\envs\yolo\lib\site-packages\torch\include\ATen/ops/atan_ops.h
注意: 包含文件:             D:\APP\AboutCode\Miniconda3\envs\yolo\lib\site-packages\torch\include\ATen/ops/atanh_ops.h
注意: 包含文件:             D:\APP\AboutCode\Miniconda3\envs\yolo\lib\site-packages\torch\include\ATen/ops/baddbmm_ops.h
注意: 包含文件:             D:\APP\AboutCode\Miniconda3\envs\yolo\lib\site-packages\torch\include\ATen/ops/bernoulli_ops.h
注意: 包含文件:             D:\APP\AboutCode\Miniconda3\envs\yolo\lib\site-packages\torch\include\ATen/ops/bincount_ops.h
注意: 包含文件:             D:\APP\AboutCode\Miniconda3\envs\yolo\lib\site-packages\torch\include\ATen/ops/bitwise_and_ops.h
注意: 包含文件:             D:\APP\AboutCode\Miniconda3\envs\yolo\lib\site-packages\torch\include\ATen/ops/bitwise_left_shift_ops.h
注意: 包含文件:             D:\APP\AboutCode\Miniconda3\envs\yolo\lib\site-packages\torch\include\ATen/ops/bitwise_not_ops.h
注意: 包含文件:             D:\APP\AboutCode\Miniconda3\envs\yolo\lib\site-packages\torch\include\ATen/ops/bitwise_or_ops.h
注意: 包含文件:             D:\APP\AboutCode\Miniconda3\envs\yolo\lib\site-packages\torch\include\ATen/ops/bitwise_right_shift_ops.h
注意: 包含文件:             D:\APP\AboutCode\Miniconda3\envs\yolo\lib\site-packages\torch\include\ATen/ops/bitwise_xor_ops.h
注意: 包含文件:             D:\APP\AboutCode\Miniconda3\envs\yolo\lib\site-packages\torch\include\ATen/ops/bmm_ops.h
注意: 包含文件:             D:\APP\AboutCode\Miniconda3\envs\yolo\lib\site-packages\torch\include\ATen/ops/broadcast_to_ops.h
注意: 包含文件:             D:\APP\AboutCode\Miniconda3\envs\yolo\lib\site-packages\torch\include\ATen/ops/cauchy_ops.h
注意: 包含文件:             D:\APP\AboutCode\Miniconda3\envs\yolo\lib\site-packages\torch\include\ATen/ops/ccol_indices_ops.h
注意: 包含文件:             D:\APP\AboutCode\Miniconda3\envs\yolo\lib\site-packages\torch\include\ATen/ops/ceil_ops.h
注意: 包含文件:             D:\APP\AboutCode\Miniconda3\envs\yolo\lib\site-packages\torch\include\ATen/ops/chalf_ops.h
注意: 包含文件:             D:\APP\AboutCode\Miniconda3\envs\yolo\lib\site-packages\torch\include\ATen/ops/cholesky_inverse_ops.h
注意: 包含文件:             D:\APP\AboutCode\Miniconda3\envs\yolo\lib\site-packages\torch\include\ATen/ops/cholesky_ops.h
注意: 包含文件:             D:\APP\AboutCode\Miniconda3\envs\yolo\lib\site-packages\torch\include\ATen/ops/cholesky_solve_ops.h
注意: 包含文件:             D:\APP\AboutCode\Miniconda3\envs\yolo\lib\site-packages\torch\include\ATen/ops/chunk_ops.h
注意: 包含文件:             D:\APP\AboutCode\Miniconda3\envs\yolo\lib\site-packages\torch\include\ATen/ops/clamp_max_ops.h
注意: 包含文件:             D:\APP\AboutCode\Miniconda3\envs\yolo\lib\site-packages\torch\include\ATen/ops/clamp_min_ops.h
注意: 包含文件:             D:\APP\AboutCode\Miniconda3\envs\yolo\lib\site-packages\torch\include\ATen/ops/clamp_ops.h
注意: 包含文件:             D:\APP\AboutCode\Miniconda3\envs\yolo\lib\site-packages\torch\include\ATen/ops/clip_ops.h
注意: 包含文件:             D:\APP\AboutCode\Miniconda3\envs\yolo\lib\site-packages\torch\include\ATen/ops/clone_ops.h
注意: 包含文件:             D:\APP\AboutCode\Miniconda3\envs\yolo\lib\site-packages\torch\include\ATen/ops/coalesce_ops.h
注意: 包含文件:             D:\APP\AboutCode\Miniconda3\envs\yolo\lib\site-packages\torch\include\ATen/ops/col_indices_ops.h
注意: 包含文件:             D:\APP\AboutCode\Miniconda3\envs\yolo\lib\site-packages\torch\include\ATen/ops/conj_ops.h
注意: 包含文件:             D:\APP\AboutCode\Miniconda3\envs\yolo\lib\site-packages\torch\include\ATen/ops/conj_physical_ops.h
注意: 包含文件:             D:\APP\AboutCode\Miniconda3\envs\yolo\lib\site-packages\torch\include\ATen/ops/contiguous_ops.h
注意: 包含文件:             D:\APP\AboutCode\Miniconda3\envs\yolo\lib\site-packages\torch\include\ATen/ops/copy_ops.h
注意: 包含文件:             D:\APP\AboutCode\Miniconda3\envs\yolo\lib\site-packages\torch\include\ATen/ops/copysign_ops.h
注意: 包含文件:             D:\APP\AboutCode\Miniconda3\envs\yolo\lib\site-packages\torch\include\ATen/ops/corrcoef_ops.h
注意: 包含文件:             D:\APP\AboutCode\Miniconda3\envs\yolo\lib\site-packages\torch\include\ATen/ops/cos_ops.h
注意: 包含文件:             D:\APP\AboutCode\Miniconda3\envs\yolo\lib\site-packages\torch\include\ATen/ops/cosh_ops.h
注意: 包含文件:             D:\APP\AboutCode\Miniconda3\envs\yolo\lib\site-packages\torch\include\ATen/ops/count_nonzero_ops.h
注意: 包含文件:             D:\APP\AboutCode\Miniconda3\envs\yolo\lib\site-packages\torch\include\ATen/ops/cov_ops.h
注意: 包含文件:             D:\APP\AboutCode\Miniconda3\envs\yolo\lib\site-packages\torch\include\ATen/ops/cross_ops.h
注意: 包含文件:             D:\APP\AboutCode\Miniconda3\envs\yolo\lib\site-packages\torch\include\ATen/ops/crow_indices_ops.h
注意: 包含文件:             D:\APP\AboutCode\Miniconda3\envs\yolo\lib\site-packages\torch\include\ATen/ops/cummax_ops.h
注意: 包含文件:             D:\APP\AboutCode\Miniconda3\envs\yolo\lib\site-packages\torch\include\ATen/ops/cummin_ops.h
注意: 包含文件:             D:\APP\AboutCode\Miniconda3\envs\yolo\lib\site-packages\torch\include\ATen/ops/cumprod_ops.h
注意: 包含文件:             D:\APP\AboutCode\Miniconda3\envs\yolo\lib\site-packages\torch\include\ATen/ops/cumsum_ops.h
注意: 包含文件:             D:\APP\AboutCode\Miniconda3\envs\yolo\lib\site-packages\torch\include\ATen/ops/data_ops.h
注意: 包含文件:             D:\APP\AboutCode\Miniconda3\envs\yolo\lib\site-packages\torch\include\ATen/ops/deg2rad_ops.h
注意: 包含文件:             D:\APP\AboutCode\Miniconda3\envs\yolo\lib\site-packages\torch\include\ATen/ops/dense_dim_ops.h
注意: 包含文件:             D:\APP\AboutCode\Miniconda3\envs\yolo\lib\site-packages\torch\include\ATen/ops/dequantize_ops.h
注意: 包含文件:             D:\APP\AboutCode\Miniconda3\envs\yolo\lib\site-packages\torch\include\ATen/ops/det_ops.h
注意: 包含文件:             D:\APP\AboutCode\Miniconda3\envs\yolo\lib\site-packages\torch\include\ATen/ops/detach_ops.h
注意: 包含文件:             D:\APP\AboutCode\Miniconda3\envs\yolo\lib\site-packages\torch\include\ATen/ops/diag_embed_ops.h
注意: 包含文件:             D:\APP\AboutCode\Miniconda3\envs\yolo\lib\site-packages\torch\include\ATen/ops/diag_ops.h
注意: 包含文件:             D:\APP\AboutCode\Miniconda3\envs\yolo\lib\site-packages\torch\include\ATen/ops/diagflat_ops.h
注意: 包含文件:             D:\APP\AboutCode\Miniconda3\envs\yolo\lib\site-packages\torch\include\ATen/ops/diagonal_ops.h
注意: 包含文件:             D:\APP\AboutCode\Miniconda3\envs\yolo\lib\site-packages\torch\include\ATen/ops/diagonal_scatter_ops.h
注意: 包含文件:             D:\APP\AboutCode\Miniconda3\envs\yolo\lib\site-packages\torch\include\ATen/ops/diff_ops.h
注意: 包含文件:             D:\APP\AboutCode\Miniconda3\envs\yolo\lib\site-packages\torch\include\ATen/ops/digamma_ops.h
注意: 包含文件:             D:\APP\AboutCode\Miniconda3\envs\yolo\lib\site-packages\torch\include\ATen/ops/dist_ops.h
注意: 包含文件:             D:\APP\AboutCode\Miniconda3\envs\yolo\lib\site-packages\torch\include\ATen/ops/div_ops.h
注意: 包含文件:             D:\APP\AboutCode\Miniconda3\envs\yolo\lib\site-packages\torch\include\ATen/ops/divide_ops.h
注意: 包含文件:             D:\APP\AboutCode\Miniconda3\envs\yolo\lib\site-packages\torch\include\ATen/ops/dot_ops.h
注意: 包含文件:             D:\APP\AboutCode\Miniconda3\envs\yolo\lib\site-packages\torch\include\ATen/ops/dsplit_ops.h
注意: 包含文件:             D:\APP\AboutCode\Miniconda3\envs\yolo\lib\site-packages\torch\include\ATen/ops/eq_ops.h
注意: 包含文件:             D:\APP\AboutCode\Miniconda3\envs\yolo\lib\site-packages\torch\include\ATen/ops/equal_ops.h
注意: 包含文件:             D:\APP\AboutCode\Miniconda3\envs\yolo\lib\site-packages\torch\include\ATen/ops/erf_ops.h
注意: 包含文件:             D:\APP\AboutCode\Miniconda3\envs\yolo\lib\site-packages\torch\include\ATen/ops/erfc_ops.h
注意: 包含文件:             D:\APP\AboutCode\Miniconda3\envs\yolo\lib\site-packages\torch\include\ATen/ops/erfinv_ops.h
注意: 包含文件:             D:\APP\AboutCode\Miniconda3\envs\yolo\lib\site-packages\torch\include\ATen/ops/exp2_ops.h
注意: 包含文件:             D:\APP\AboutCode\Miniconda3\envs\yolo\lib\site-packages\torch\include\ATen/ops/exp_ops.h
注意: 包含文件:             D:\APP\AboutCode\Miniconda3\envs\yolo\lib\site-packages\torch\include\ATen/ops/expand_as_ops.h
注意: 包含文件:             D:\APP\AboutCode\Miniconda3\envs\yolo\lib\site-packages\torch\include\ATen/ops/expand_ops.h
注意: 包含文件:             D:\APP\AboutCode\Miniconda3\envs\yolo\lib\site-packages\torch\include\ATen/ops/expm1_ops.h
注意: 包含文件:             D:\APP\AboutCode\Miniconda3\envs\yolo\lib\site-packages\torch\include\ATen/ops/exponential_ops.h
注意: 包含文件:             D:\APP\AboutCode\Miniconda3\envs\yolo\lib\site-packages\torch\include\ATen/ops/fill_diagonal_ops.h
注意: 包含文件:             D:\APP\AboutCode\Miniconda3\envs\yolo\lib\site-packages\torch\include\ATen/ops/fill_ops.h
注意: 包含文件:             D:\APP\AboutCode\Miniconda3\envs\yolo\lib\site-packages\torch\include\ATen/ops/fix_ops.h
注意: 包含文件:             D:\APP\AboutCode\Miniconda3\envs\yolo\lib\site-packages\torch\include\ATen/ops/flatten_ops.h
注意: 包含文件:             D:\APP\AboutCode\Miniconda3\envs\yolo\lib\site-packages\torch\include\ATen/ops/flip_ops.h
注意: 包含文件:             D:\APP\AboutCode\Miniconda3\envs\yolo\lib\site-packages\torch\include\ATen/ops/fliplr_ops.h
注意: 包含文件:             D:\APP\AboutCode\Miniconda3\envs\yolo\lib\site-packages\torch\include\ATen/ops/flipud_ops.h
注意: 包含文件:             D:\APP\AboutCode\Miniconda3\envs\yolo\lib\site-packages\torch\include\ATen/ops/float_power_ops.h
注意: 包含文件:             D:\APP\AboutCode\Miniconda3\envs\yolo\lib\site-packages\torch\include\ATen/ops/floor_divide_ops.h
注意: 包含文件:             D:\APP\AboutCode\Miniconda3\envs\yolo\lib\site-packages\torch\include\ATen/ops/floor_ops.h
注意: 包含文件:             D:\APP\AboutCode\Miniconda3\envs\yolo\lib\site-packages\torch\include\ATen/ops/fmax_ops.h
注意: 包含文件:             D:\APP\AboutCode\Miniconda3\envs\yolo\lib\site-packages\torch\include\ATen/ops/fmin_ops.h
注意: 包含文件:             D:\APP\AboutCode\Miniconda3\envs\yolo\lib\site-packages\torch\include\ATen/ops/fmod_ops.h
注意: 包含文件:             D:\APP\AboutCode\Miniconda3\envs\yolo\lib\site-packages\torch\include\ATen/ops/frac_ops.h
注意: 包含文件:             D:\APP\AboutCode\Miniconda3\envs\yolo\lib\site-packages\torch\include\ATen/ops/frexp_ops.h
注意: 包含文件:             D:\APP\AboutCode\Miniconda3\envs\yolo\lib\site-packages\torch\include\ATen/ops/gather_ops.h
注意: 包含文件:             D:\APP\AboutCode\Miniconda3\envs\yolo\lib\site-packages\torch\include\ATen/ops/gcd_ops.h
注意: 包含文件:             D:\APP\AboutCode\Miniconda3\envs\yolo\lib\site-packages\torch\include\ATen/ops/ge_ops.h
注意: 包含文件:             D:\APP\AboutCode\Miniconda3\envs\yolo\lib\site-packages\torch\include\ATen/ops/geometric_ops.h
注意: 包含文件:             D:\APP\AboutCode\Miniconda3\envs\yolo\lib\site-packages\torch\include\ATen/ops/geqrf_ops.h
注意: 包含文件:             D:\APP\AboutCode\Miniconda3\envs\yolo\lib\site-packages\torch\include\ATen/ops/ger_ops.h
注意: 包含文件:             D:\APP\AboutCode\Miniconda3\envs\yolo\lib\site-packages\torch\include\ATen/ops/greater_equal_ops.h
注意: 包含文件:             D:\APP\AboutCode\Miniconda3\envs\yolo\lib\site-packages\torch\include\ATen/ops/greater_ops.h
注意: 包含文件:             D:\APP\AboutCode\Miniconda3\envs\yolo\lib\site-packages\torch\include\ATen/ops/gt_ops.h
注意: 包含文件:             D:\APP\AboutCode\Miniconda3\envs\yolo\lib\site-packages\torch\include\ATen/ops/hardshrink_backward_ops.h
注意: 包含文件:             D:\APP\AboutCode\Miniconda3\envs\yolo\lib\site-packages\torch\include\ATen/ops/hardshrink_ops.h
注意: 包含文件:             D:\APP\AboutCode\Miniconda3\envs\yolo\lib\site-packages\torch\include\ATen/ops/heaviside_ops.h
注意: 包含文件:             D:\APP\AboutCode\Miniconda3\envs\yolo\lib\site-packages\torch\include\ATen/ops/histc_ops.h
注意: 包含文件:             D:\APP\AboutCode\Miniconda3\envs\yolo\lib\site-packages\torch\include\ATen/ops/histogram_ops.h
注意: 包含文件:             D:\APP\AboutCode\Miniconda3\envs\yolo\lib\site-packages\torch\include\ATen/ops/hsplit_ops.h
注意: 包含文件:             D:\APP\AboutCode\Miniconda3\envs\yolo\lib\site-packages\torch\include\ATen/ops/hypot_ops.h
注意: 包含文件:             D:\APP\AboutCode\Miniconda3\envs\yolo\lib\site-packages\torch\include\ATen/ops/i0_ops.h
注意: 包含文件:             D:\APP\AboutCode\Miniconda3\envs\yolo\lib\site-packages\torch\include\ATen/ops/igamma_ops.h
注意: 包含文件:             D:\APP\AboutCode\Miniconda3\envs\yolo\lib\site-packages\torch\include\ATen/ops/igammac_ops.h
注意: 包含文件:             D:\APP\AboutCode\Miniconda3\envs\yolo\lib\site-packages\torch\include\ATen/ops/index_add_ops.h
注意: 包含文件:             D:\APP\AboutCode\Miniconda3\envs\yolo\lib\site-packages\torch\include\ATen/ops/index_copy_ops.h
注意: 包含文件:             D:\APP\AboutCode\Miniconda3\envs\yolo\lib\site-packages\torch\include\ATen/ops/index_fill_ops.h
注意: 包含文件:             D:\APP\AboutCode\Miniconda3\envs\yolo\lib\site-packages\torch\include\ATen/ops/index_ops.h
注意: 包含文件:             D:\APP\AboutCode\Miniconda3\envs\yolo\lib\site-packages\torch\include\ATen/ops/index_put_ops.h
注意: 包含文件:             D:\APP\AboutCode\Miniconda3\envs\yolo\lib\site-packages\torch\include\ATen/ops/index_reduce_ops.h
注意: 包含文件:             D:\APP\AboutCode\Miniconda3\envs\yolo\lib\site-packages\torch\include\ATen/ops/index_select_ops.h
注意: 包含文件:             D:\APP\AboutCode\Miniconda3\envs\yolo\lib\site-packages\torch\include\ATen/ops/indices_ops.h
注意: 包含文件:             D:\APP\AboutCode\Miniconda3\envs\yolo\lib\site-packages\torch\include\ATen/ops/inner_ops.h
注意: 包含文件:             D:\APP\AboutCode\Miniconda3\envs\yolo\lib\site-packages\torch\include\ATen/ops/int_repr_ops.h
注意: 包含文件:             D:\APP\AboutCode\Miniconda3\envs\yolo\lib\site-packages\torch\include\ATen/ops/inverse_ops.h
注意: 包含文件:             D:\APP\AboutCode\Miniconda3\envs\yolo\lib\site-packages\torch\include\ATen/ops/is_coalesced_ops.h
注意: 包含文件:             D:\APP\AboutCode\Miniconda3\envs\yolo\lib\site-packages\torch\include\ATen/ops/is_complex_ops.h
注意: 包含文件:             D:\APP\AboutCode\Miniconda3\envs\yolo\lib\site-packages\torch\include\ATen/ops/is_conj_ops.h
注意: 包含文件:             D:\APP\AboutCode\Miniconda3\envs\yolo\lib\site-packages\torch\include\ATen/ops/is_distributed_ops.h
注意: 包含文件:             D:\APP\AboutCode\Miniconda3\envs\yolo\lib\site-packages\torch\include\ATen/ops/is_floating_point_ops.h
注意: 包含文件:             D:\APP\AboutCode\Miniconda3\envs\yolo\lib\site-packages\torch\include\ATen/ops/is_inference_ops.h
注意: 包含文件:             D:\APP\AboutCode\Miniconda3\envs\yolo\lib\site-packages\torch\include\ATen/ops/is_leaf_ops.h
注意: 包含文件:             D:\APP\AboutCode\Miniconda3\envs\yolo\lib\site-packages\torch\include\ATen/ops/is_neg_ops.h
注意: 包含文件:             D:\APP\AboutCode\Miniconda3\envs\yolo\lib\site-packages\torch\include\ATen/ops/is_nonzero_ops.h
注意: 包含文件:             D:\APP\AboutCode\Miniconda3\envs\yolo\lib\site-packages\torch\include\ATen/ops/is_pinned_ops.h
注意: 包含文件:             D:\APP\AboutCode\Miniconda3\envs\yolo\lib\site-packages\torch\include\ATen/ops/is_same_size_ops.h
注意: 包含文件:             D:\APP\AboutCode\Miniconda3\envs\yolo\lib\site-packages\torch\include\ATen/ops/is_set_to_ops.h
注意: 包含文件:             D:\APP\AboutCode\Miniconda3\envs\yolo\lib\site-packages\torch\include\ATen/ops/is_signed_ops.h
注意: 包含文件:             D:\APP\AboutCode\Miniconda3\envs\yolo\lib\site-packages\torch\include\ATen/ops/isclose_ops.h
注意: 包含文件:             D:\APP\AboutCode\Miniconda3\envs\yolo\lib\site-packages\torch\include\ATen/ops/isfinite_ops.h
注意: 包含文件:             D:\APP\AboutCode\Miniconda3\envs\yolo\lib\site-packages\torch\include\ATen/ops/isinf_ops.h
注意: 包含文件:             D:\APP\AboutCode\Miniconda3\envs\yolo\lib\site-packages\torch\include\ATen/ops/isnan_ops.h
注意: 包含文件:             D:\APP\AboutCode\Miniconda3\envs\yolo\lib\site-packages\torch\include\ATen/ops/isneginf_ops.h
注意: 包含文件:             D:\APP\AboutCode\Miniconda3\envs\yolo\lib\site-packages\torch\include\ATen/ops/isposinf_ops.h
注意: 包含文件:             D:\APP\AboutCode\Miniconda3\envs\yolo\lib\site-packages\torch\include\ATen/ops/isreal_ops.h
注意: 包含文件:             D:\APP\AboutCode\Miniconda3\envs\yolo\lib\site-packages\torch\include\ATen/ops/istft_ops.h
注意: 包含文件:             D:\APP\AboutCode\Miniconda3\envs\yolo\lib\site-packages\torch\include\ATen/ops/item_ops.h
注意: 包含文件:             D:\APP\AboutCode\Miniconda3\envs\yolo\lib\site-packages\torch\include\ATen/ops/kron_ops.h
注意: 包含文件:             D:\APP\AboutCode\Miniconda3\envs\yolo\lib\site-packages\torch\include\ATen/ops/kthvalue_ops.h
注意: 包含文件:             D:\APP\AboutCode\Miniconda3\envs\yolo\lib\site-packages\torch\include\ATen/ops/lcm_ops.h
注意: 包含文件:             D:\APP\AboutCode\Miniconda3\envs\yolo\lib\site-packages\torch\include\ATen/ops/ldexp_ops.h
注意: 包含文件:             D:\APP\AboutCode\Miniconda3\envs\yolo\lib\site-packages\torch\include\ATen/ops/le_ops.h
注意: 包含文件:             D:\APP\AboutCode\Miniconda3\envs\yolo\lib\site-packages\torch\include\ATen/ops/lerp_ops.h
注意: 包含文件:             D:\APP\AboutCode\Miniconda3\envs\yolo\lib\site-packages\torch\include\ATen/ops/less_equal_ops.h
注意: 包含文件:             D:\APP\AboutCode\Miniconda3\envs\yolo\lib\site-packages\torch\include\ATen/ops/less_ops.h
注意: 包含文件:             D:\APP\AboutCode\Miniconda3\envs\yolo\lib\site-packages\torch\include\ATen/ops/lgamma_ops.h
注意: 包含文件:             D:\APP\AboutCode\Miniconda3\envs\yolo\lib\site-packages\torch\include\ATen/ops/log10_ops.h
注意: 包含文件:             D:\APP\AboutCode\Miniconda3\envs\yolo\lib\site-packages\torch\include\ATen/ops/log1p_ops.h
注意: 包含文件:             D:\APP\AboutCode\Miniconda3\envs\yolo\lib\site-packages\torch\include\ATen/ops/log2_ops.h
注意: 包含文件:             D:\APP\AboutCode\Miniconda3\envs\yolo\lib\site-packages\torch\include\ATen/ops/log_normal_ops.h
注意: 包含文件:             D:\APP\AboutCode\Miniconda3\envs\yolo\lib\site-packages\torch\include\ATen/ops/log_ops.h
注意: 包含文件:             D:\APP\AboutCode\Miniconda3\envs\yolo\lib\site-packages\torch\include\ATen/ops/log_softmax_ops.h
注意: 包含文件:             D:\APP\AboutCode\Miniconda3\envs\yolo\lib\site-packages\torch\include\ATen/ops/logaddexp2_ops.h
注意: 包含文件:             D:\APP\AboutCode\Miniconda3\envs\yolo\lib\site-packages\torch\include\ATen/ops/logaddexp_ops.h
注意: 包含文件:             D:\APP\AboutCode\Miniconda3\envs\yolo\lib\site-packages\torch\include\ATen/ops/logcumsumexp_ops.h
注意: 包含文件:             D:\APP\AboutCode\Miniconda3\envs\yolo\lib\site-packages\torch\include\ATen/ops/logdet_ops.h
注意: 包含文件:             D:\APP\AboutCode\Miniconda3\envs\yolo\lib\site-packages\torch\include\ATen/ops/logical_and_ops.h
注意: 包含文件:             D:\APP\AboutCode\Miniconda3\envs\yolo\lib\site-packages\torch\include\ATen/ops/logical_not_ops.h
注意: 包含文件:             D:\APP\AboutCode\Miniconda3\envs\yolo\lib\site-packages\torch\include\ATen/ops/logical_or_ops.h
注意: 包含文件:             D:\APP\AboutCode\Miniconda3\envs\yolo\lib\site-packages\torch\include\ATen/ops/logical_xor_ops.h
注意: 包含文件:             D:\APP\AboutCode\Miniconda3\envs\yolo\lib\site-packages\torch\include\ATen/ops/logit_ops.h
注意: 包含文件:             D:\APP\AboutCode\Miniconda3\envs\yolo\lib\site-packages\torch\include\ATen/ops/logsumexp_ops.h
注意: 包含文件:             D:\APP\AboutCode\Miniconda3\envs\yolo\lib\site-packages\torch\include\ATen/ops/lshift_ops.h
注意: 包含文件:             D:\APP\AboutCode\Miniconda3\envs\yolo\lib\site-packages\torch\include\ATen/ops/lt_ops.h
注意: 包含文件:             D:\APP\AboutCode\Miniconda3\envs\yolo\lib\site-packages\torch\include\ATen/ops/lu_solve_ops.h
注意: 包含文件:             D:\APP\AboutCode\Miniconda3\envs\yolo\lib\site-packages\torch\include\ATen/ops/mH_ops.h
注意: 包含文件:             D:\APP\AboutCode\Miniconda3\envs\yolo\lib\site-packages\torch\include\ATen/ops/mT_ops.h
注意: 包含文件:             D:\APP\AboutCode\Miniconda3\envs\yolo\lib\site-packages\torch\include\ATen/ops/masked_fill_ops.h
注意: 包含文件:             D:\APP\AboutCode\Miniconda3\envs\yolo\lib\site-packages\torch\include\ATen/ops/masked_scatter_ops.h
注意: 包含文件:             D:\APP\AboutCode\Miniconda3\envs\yolo\lib\site-packages\torch\include\ATen/ops/masked_select_ops.h
注意: 包含文件:             D:\APP\AboutCode\Miniconda3\envs\yolo\lib\site-packages\torch\include\ATen/ops/matmul_ops.h
注意: 包含文件:             D:\APP\AboutCode\Miniconda3\envs\yolo\lib\site-packages\torch\include\ATen/ops/matrix_H_ops.h
注意: 包含文件:             D:\APP\AboutCode\Miniconda3\envs\yolo\lib\site-packages\torch\include\ATen/ops/matrix_exp_ops.h
注意: 包含文件:             D:\APP\AboutCode\Miniconda3\envs\yolo\lib\site-packages\torch\include\ATen/ops/matrix_power_ops.h
注意: 包含文件:             D:\APP\AboutCode\Miniconda3\envs\yolo\lib\site-packages\torch\include\ATen/ops/max_ops.h
注意: 包含文件:             D:\APP\AboutCode\Miniconda3\envs\yolo\lib\site-packages\torch\include\ATen/ops/maximum_ops.h
注意: 包含文件:             D:\APP\AboutCode\Miniconda3\envs\yolo\lib\site-packages\torch\include\ATen/ops/mean_ops.h
注意: 包含文件:             D:\APP\AboutCode\Miniconda3\envs\yolo\lib\site-packages\torch\include\ATen/ops/median_ops.h
注意: 包含文件:             D:\APP\AboutCode\Miniconda3\envs\yolo\lib\site-packages\torch\include\ATen/ops/min_ops.h
注意: 包含文件:             D:\APP\AboutCode\Miniconda3\envs\yolo\lib\site-packages\torch\include\ATen/ops/minimum_ops.h
注意: 包含文件:             D:\APP\AboutCode\Miniconda3\envs\yolo\lib\site-packages\torch\include\ATen/ops/mm_ops.h
注意: 包含文件:             D:\APP\AboutCode\Miniconda3\envs\yolo\lib\site-packages\torch\include\ATen/ops/mode_ops.h
注意: 包含文件:             D:\APP\AboutCode\Miniconda3\envs\yolo\lib\site-packages\torch\include\ATen/ops/moveaxis_ops.h
注意: 包含文件:             D:\APP\AboutCode\Miniconda3\envs\yolo\lib\site-packages\torch\include\ATen/ops/movedim_ops.h
注意: 包含文件:             D:\APP\AboutCode\Miniconda3\envs\yolo\lib\site-packages\torch\include\ATen/ops/msort_ops.h
注意: 包含文件:             D:\APP\AboutCode\Miniconda3\envs\yolo\lib\site-packages\torch\include\ATen/ops/mul_ops.h
注意: 包含文件:             D:\APP\AboutCode\Miniconda3\envs\yolo\lib\site-packages\torch\include\ATen/ops/multinomial_ops.h
注意: 包含文件:             D:\APP\AboutCode\Miniconda3\envs\yolo\lib\site-packages\torch\include\ATen/ops/multiply_ops.h
注意: 包含文件:             D:\APP\AboutCode\Miniconda3\envs\yolo\lib\site-packages\torch\include\ATen/ops/mv_ops.h
注意: 包含文件:             D:\APP\AboutCode\Miniconda3\envs\yolo\lib\site-packages\torch\include\ATen/ops/mvlgamma_ops.h
注意: 包含文件:             D:\APP\AboutCode\Miniconda3\envs\yolo\lib\site-packages\torch\include\ATen/ops/nan_to_num_ops.h
注意: 包含文件:             D:\APP\AboutCode\Miniconda3\envs\yolo\lib\site-packages\torch\include\ATen/ops/nanmean_ops.h
注意: 包含文件:             D:\APP\AboutCode\Miniconda3\envs\yolo\lib\site-packages\torch\include\ATen/ops/nanmedian_ops.h
注意: 包含文件:             D:\APP\AboutCode\Miniconda3\envs\yolo\lib\site-packages\torch\include\ATen/ops/nanquantile_ops.h
注意: 包含文件:             D:\APP\AboutCode\Miniconda3\envs\yolo\lib\site-packages\torch\include\ATen/ops/nansum_ops.h
注意: 包含文件:             D:\APP\AboutCode\Miniconda3\envs\yolo\lib\site-packages\torch\include\ATen/ops/narrow_copy_ops.h
注意: 包含文件:             D:\APP\AboutCode\Miniconda3\envs\yolo\lib\site-packages\torch\include\ATen/ops/narrow_ops.h
注意: 包含文件:             D:\APP\AboutCode\Miniconda3\envs\yolo\lib\site-packages\torch\include\ATen/ops/ne_ops.h
注意: 包含文件:             D:\APP\AboutCode\Miniconda3\envs\yolo\lib\site-packages\torch\include\ATen/ops/neg_ops.h
注意: 包含文件:             D:\APP\AboutCode\Miniconda3\envs\yolo\lib\site-packages\torch\include\ATen/ops/negative_ops.h
注意: 包含文件:             D:\APP\AboutCode\Miniconda3\envs\yolo\lib\site-packages\torch\include\ATen/ops/new_empty_ops.h
注意: 包含文件:             D:\APP\AboutCode\Miniconda3\envs\yolo\lib\site-packages\torch\include\ATen/ops/new_empty_strided_ops.h
注意: 包含文件:             D:\APP\AboutCode\Miniconda3\envs\yolo\lib\site-packages\torch\include\ATen/ops/new_full_ops.h
注意: 包含文件:             D:\APP\AboutCode\Miniconda3\envs\yolo\lib\site-packages\torch\include\ATen/ops/new_ones_ops.h
注意: 包含文件:             D:\APP\AboutCode\Miniconda3\envs\yolo\lib\site-packages\torch\include\ATen/ops/new_zeros_ops.h
注意: 包含文件:             D:\APP\AboutCode\Miniconda3\envs\yolo\lib\site-packages\torch\include\ATen/ops/nextafter_ops.h
注意: 包含文件:             D:\APP\AboutCode\Miniconda3\envs\yolo\lib\site-packages\torch\include\ATen/ops/nonzero_numpy_ops.h
注意: 包含文件:             D:\APP\AboutCode\Miniconda3\envs\yolo\lib\site-packages\torch\include\ATen/ops/nonzero_ops.h
注意: 包含文件:             D:\APP\AboutCode\Miniconda3\envs\yolo\lib\site-packages\torch\include\ATen/ops/nonzero_static_ops.h
注意: 包含文件:             D:\APP\AboutCode\Miniconda3\envs\yolo\lib\site-packages\torch\include\ATen/ops/norm_ops.h
注意: 包含文件:             D:\APP\AboutCode\Miniconda3\envs\yolo\lib\site-packages\torch\include\ATen/ops/normal_ops.h
注意: 包含文件:             D:\APP\AboutCode\Miniconda3\envs\yolo\lib\site-packages\torch\include\ATen/ops/not_equal_ops.h
注意: 包含文件:             D:\APP\AboutCode\Miniconda3\envs\yolo\lib\site-packages\torch\include\ATen/ops/numpy_T_ops.h
注意: 包含文件:             D:\APP\AboutCode\Miniconda3\envs\yolo\lib\site-packages\torch\include\ATen/ops/or_ops.h
注意: 包含文件:             D:\APP\AboutCode\Miniconda3\envs\yolo\lib\site-packages\torch\include\ATen/ops/orgqr_ops.h
注意: 包含文件:             D:\APP\AboutCode\Miniconda3\envs\yolo\lib\site-packages\torch\include\ATen/ops/ormqr_ops.h
注意: 包含文件:             D:\APP\AboutCode\Miniconda3\envs\yolo\lib\site-packages\torch\include\ATen/ops/outer_ops.h
注意: 包含文件:             D:\APP\AboutCode\Miniconda3\envs\yolo\lib\site-packages\torch\include\ATen/ops/output_nr_ops.h
注意: 包含文件:             D:\APP\AboutCode\Miniconda3\envs\yolo\lib\site-packages\torch\include\ATen/ops/permute_ops.h
注意: 包含文件:             D:\APP\AboutCode\Miniconda3\envs\yolo\lib\site-packages\torch\include\ATen/ops/pin_memory_ops.h
注意: 包含文件:             D:\APP\AboutCode\Miniconda3\envs\yolo\lib\site-packages\torch\include\ATen/ops/pinverse_ops.h
注意: 包含文件:             D:\APP\AboutCode\Miniconda3\envs\yolo\lib\site-packages\torch\include\ATen/ops/polygamma_ops.h
注意: 包含文件:             D:\APP\AboutCode\Miniconda3\envs\yolo\lib\site-packages\torch\include\ATen/ops/positive_ops.h
注意: 包含文件:             D:\APP\AboutCode\Miniconda3\envs\yolo\lib\site-packages\torch\include\ATen/ops/pow_ops.h
注意: 包含文件:             D:\APP\AboutCode\Miniconda3\envs\yolo\lib\site-packages\torch\include\ATen/ops/prelu_ops.h
注意: 包含文件:             D:\APP\AboutCode\Miniconda3\envs\yolo\lib\site-packages\torch\include\ATen/ops/prod_ops.h
注意: 包含文件:             D:\APP\AboutCode\Miniconda3\envs\yolo\lib\site-packages\torch\include\ATen/ops/put_ops.h
注意: 包含文件:             D:\APP\AboutCode\Miniconda3\envs\yolo\lib\site-packages\torch\include\ATen/ops/q_per_channel_axis_ops.h
注意: 包含文件:             D:\APP\AboutCode\Miniconda3\envs\yolo\lib\site-packages\torch\include\ATen/ops/q_per_channel_scales_ops.h
注意: 包含文件:             D:\APP\AboutCode\Miniconda3\envs\yolo\lib\site-packages\torch\include\ATen/ops/q_per_channel_zero_points_ops.h
注意: 包含文件:             D:\APP\AboutCode\Miniconda3\envs\yolo\lib\site-packages\torch\include\ATen/ops/q_scale_ops.h
注意: 包含文件:             D:\APP\AboutCode\Miniconda3\envs\yolo\lib\site-packages\torch\include\ATen/ops/q_zero_point_ops.h
注意: 包含文件:             D:\APP\AboutCode\Miniconda3\envs\yolo\lib\site-packages\torch\include\ATen/ops/qr_ops.h
注意: 包含文件:             D:\APP\AboutCode\Miniconda3\envs\yolo\lib\site-packages\torch\include\ATen/ops/qscheme_ops.h
注意: 包含文件:             D:\APP\AboutCode\Miniconda3\envs\yolo\lib\site-packages\torch\include\ATen/ops/quantile_ops.h
注意: 包含文件:             D:\APP\AboutCode\Miniconda3\envs\yolo\lib\site-packages\torch\include\ATen/ops/rad2deg_ops.h
注意: 包含文件:             D:\APP\AboutCode\Miniconda3\envs\yolo\lib\site-packages\torch\include\ATen/ops/random_ops.h
注意: 包含文件:             D:\APP\AboutCode\Miniconda3\envs\yolo\lib\site-packages\torch\include\ATen/ops/ravel_ops.h
注意: 包含文件:             D:\APP\AboutCode\Miniconda3\envs\yolo\lib\site-packages\torch\include\ATen/ops/reciprocal_ops.h
注意: 包含文件:             D:\APP\AboutCode\Miniconda3\envs\yolo\lib\site-packages\torch\include\ATen/ops/record_stream_ops.h
注意: 包含文件:             D:\APP\AboutCode\Miniconda3\envs\yolo\lib\site-packages\torch\include\ATen/ops/refine_names_ops.h
注意: 包含文件:             D:\APP\AboutCode\Miniconda3\envs\yolo\lib\site-packages\torch\include\ATen/ops/relu_ops.h
注意: 包含文件:             D:\APP\AboutCode\Miniconda3\envs\yolo\lib\site-packages\torch\include\ATen/ops/remainder_ops.h
注意: 包含文件:             D:\APP\AboutCode\Miniconda3\envs\yolo\lib\site-packages\torch\include\ATen/ops/rename_ops.h
注意: 包含文件:             D:\APP\AboutCode\Miniconda3\envs\yolo\lib\site-packages\torch\include\ATen/ops/renorm_ops.h
注意: 包含文件:             D:\APP\AboutCode\Miniconda3\envs\yolo\lib\site-packages\torch\include\ATen/ops/repeat_interleave_ops.h
注意: 包含文件:             D:\APP\AboutCode\Miniconda3\envs\yolo\lib\site-packages\torch\include\ATen/ops/repeat_ops.h
注意: 包含文件:             D:\APP\AboutCode\Miniconda3\envs\yolo\lib\site-packages\torch\include\ATen/ops/requires_grad_ops.h
注意: 包含文件:             D:\APP\AboutCode\Miniconda3\envs\yolo\lib\site-packages\torch\include\ATen/ops/reshape_as_ops.h
注意: 包含文件:             D:\APP\AboutCode\Miniconda3\envs\yolo\lib\site-packages\torch\include\ATen/ops/reshape_ops.h
注意: 包含文件:             D:\APP\AboutCode\Miniconda3\envs\yolo\lib\site-packages\torch\include\ATen/ops/resize_as_ops.h
注意: 包含文件:             D:\APP\AboutCode\Miniconda3\envs\yolo\lib\site-packages\torch\include\ATen/ops/resize_as_sparse_ops.h
注意: 包含文件:             D:\APP\AboutCode\Miniconda3\envs\yolo\lib\site-packages\torch\include\ATen/ops/resize_ops.h
注意: 包含文件:             D:\APP\AboutCode\Miniconda3\envs\yolo\lib\site-packages\torch\include\ATen/ops/resolve_conj_ops.h
注意: 包含文件:             D:\APP\AboutCode\Miniconda3\envs\yolo\lib\site-packages\torch\include\ATen/ops/resolve_neg_ops.h
注意: 包含文件:             D:\APP\AboutCode\Miniconda3\envs\yolo\lib\site-packages\torch\include\ATen/ops/retain_grad_ops.h
注意: 包含文件:             D:\APP\AboutCode\Miniconda3\envs\yolo\lib\site-packages\torch\include\ATen/ops/retains_grad_ops.h
注意: 包含文件:             D:\APP\AboutCode\Miniconda3\envs\yolo\lib\site-packages\torch\include\ATen/ops/roll_ops.h
注意: 包含文件:             D:\APP\AboutCode\Miniconda3\envs\yolo\lib\site-packages\torch\include\ATen/ops/rot90_ops.h
注意: 包含文件:             D:\APP\AboutCode\Miniconda3\envs\yolo\lib\site-packages\torch\include\ATen/ops/round_ops.h
注意: 包含文件:             D:\APP\AboutCode\Miniconda3\envs\yolo\lib\site-packages\torch\include\ATen/ops/row_indices_ops.h
注意: 包含文件:             D:\APP\AboutCode\Miniconda3\envs\yolo\lib\site-packages\torch\include\ATen/ops/rshift_ops.h
注意: 包含文件:             D:\APP\AboutCode\Miniconda3\envs\yolo\lib\site-packages\torch\include\ATen/ops/rsqrt_ops.h
注意: 包含文件:             D:\APP\AboutCode\Miniconda3\envs\yolo\lib\site-packages\torch\include\ATen/ops/scatter_add_ops.h
注意: 包含文件:             D:\APP\AboutCode\Miniconda3\envs\yolo\lib\site-packages\torch\include\ATen/ops/scatter_ops.h
注意: 包含文件:             D:\APP\AboutCode\Miniconda3\envs\yolo\lib\site-packages\torch\include\ATen/ops/scatter_reduce_ops.h
注意: 包含文件:             D:\APP\AboutCode\Miniconda3\envs\yolo\lib\site-packages\torch\include\ATen/ops/select_ops.h
注意: 包含文件:             D:\APP\AboutCode\Miniconda3\envs\yolo\lib\site-packages\torch\include\ATen/ops/select_scatter_ops.h
注意: 包含文件:             D:\APP\AboutCode\Miniconda3\envs\yolo\lib\site-packages\torch\include\ATen/ops/set_data_ops.h
注意: 包含文件:             D:\APP\AboutCode\Miniconda3\envs\yolo\lib\site-packages\torch\include\ATen/ops/set_ops.h
注意: 包含文件:             D:\APP\AboutCode\Miniconda3\envs\yolo\lib\site-packages\torch\include\ATen/ops/sgn_ops.h
注意: 包含文件:             D:\APP\AboutCode\Miniconda3\envs\yolo\lib\site-packages\torch\include\ATen/ops/sigmoid_ops.h
注意: 包含文件:             D:\APP\AboutCode\Miniconda3\envs\yolo\lib\site-packages\torch\include\ATen/ops/sign_ops.h
注意: 包含文件:             D:\APP\AboutCode\Miniconda3\envs\yolo\lib\site-packages\torch\include\ATen/ops/signbit_ops.h
注意: 包含文件:             D:\APP\AboutCode\Miniconda3\envs\yolo\lib\site-packages\torch\include\ATen/ops/sin_ops.h
注意: 包含文件:             D:\APP\AboutCode\Miniconda3\envs\yolo\lib\site-packages\torch\include\ATen/ops/sinc_ops.h
注意: 包含文件:             D:\APP\AboutCode\Miniconda3\envs\yolo\lib\site-packages\torch\include\ATen/ops/sinh_ops.h
注意: 包含文件:             D:\APP\AboutCode\Miniconda3\envs\yolo\lib\site-packages\torch\include\ATen/ops/size_ops.h
注意: 包含文件:             D:\APP\AboutCode\Miniconda3\envs\yolo\lib\site-packages\torch\include\ATen/ops/slice_ops.h
注意: 包含文件:             D:\APP\AboutCode\Miniconda3\envs\yolo\lib\site-packages\torch\include\ATen/ops/slice_scatter_ops.h
注意: 包含文件:             D:\APP\AboutCode\Miniconda3\envs\yolo\lib\site-packages\torch\include\ATen/ops/slogdet_ops.h
注意: 包含文件:             D:\APP\AboutCode\Miniconda3\envs\yolo\lib\site-packages\torch\include\ATen/ops/smm_ops.h
注意: 包含文件:             D:\APP\AboutCode\Miniconda3\envs\yolo\lib\site-packages\torch\include\ATen/ops/softmax_ops.h
注意: 包含文件:             D:\APP\AboutCode\Miniconda3\envs\yolo\lib\site-packages\torch\include\ATen/ops/sort_ops.h
注意: 包含文件:             D:\APP\AboutCode\Miniconda3\envs\yolo\lib\site-packages\torch\include\ATen/ops/sparse_dim_ops.h
注意: 包含文件:             D:\APP\AboutCode\Miniconda3\envs\yolo\lib\site-packages\torch\include\ATen/ops/sparse_mask_ops.h
注意: 包含文件:             D:\APP\AboutCode\Miniconda3\envs\yolo\lib\site-packages\torch\include\ATen/ops/sparse_resize_and_clear_ops.h
注意: 包含文件:             D:\APP\AboutCode\Miniconda3\envs\yolo\lib\site-packages\torch\include\ATen/ops/sparse_resize_ops.h
注意: 包含文件:             D:\APP\AboutCode\Miniconda3\envs\yolo\lib\site-packages\torch\include\ATen/ops/split_ops.h
注意: 包含文件:             D:\APP\AboutCode\Miniconda3\envs\yolo\lib\site-packages\torch\include\ATen/ops/split_with_sizes_ops.h
注意: 包含文件:             D:\APP\AboutCode\Miniconda3\envs\yolo\lib\site-packages\torch\include\ATen/ops/sqrt_ops.h
注意: 包含文件:             D:\APP\AboutCode\Miniconda3\envs\yolo\lib\site-packages\torch\include\ATen/ops/square_ops.h
注意: 包含文件:             D:\APP\AboutCode\Miniconda3\envs\yolo\lib\site-packages\torch\include\ATen/ops/squeeze_ops.h
注意: 包含文件:             D:\APP\AboutCode\Miniconda3\envs\yolo\lib\site-packages\torch\include\ATen/ops/sspaddmm_ops.h
注意: 包含文件:             D:\APP\AboutCode\Miniconda3\envs\yolo\lib\site-packages\torch\include\ATen/ops/std_ops.h
注意: 包含文件:             D:\APP\AboutCode\Miniconda3\envs\yolo\lib\site-packages\torch\include\ATen/ops/stft_ops.h
注意: 包含文件:             D:\APP\AboutCode\Miniconda3\envs\yolo\lib\site-packages\torch\include\ATen/ops/stride_ops.h
注意: 包含文件:             D:\APP\AboutCode\Miniconda3\envs\yolo\lib\site-packages\torch\include\ATen/ops/sub_ops.h
注意: 包含文件:             D:\APP\AboutCode\Miniconda3\envs\yolo\lib\site-packages\torch\include\ATen/ops/subtract_ops.h
注意: 包含文件:             D:\APP\AboutCode\Miniconda3\envs\yolo\lib\site-packages\torch\include\ATen/ops/sum_ops.h
注意: 包含文件:             D:\APP\AboutCode\Miniconda3\envs\yolo\lib\site-packages\torch\include\ATen/ops/sum_to_size_ops.h
注意: 包含文件:             D:\APP\AboutCode\Miniconda3\envs\yolo\lib\site-packages\torch\include\ATen/ops/svd_ops.h
注意: 包含文件:             D:\APP\AboutCode\Miniconda3\envs\yolo\lib\site-packages\torch\include\ATen/ops/swapaxes_ops.h
注意: 包含文件:             D:\APP\AboutCode\Miniconda3\envs\yolo\lib\site-packages\torch\include\ATen/ops/swapdims_ops.h
注意: 包含文件:             D:\APP\AboutCode\Miniconda3\envs\yolo\lib\site-packages\torch\include\ATen/ops/t_ops.h
注意: 包含文件:             D:\APP\AboutCode\Miniconda3\envs\yolo\lib\site-packages\torch\include\ATen/ops/take_along_dim_ops.h
注意: 包含文件:             D:\APP\AboutCode\Miniconda3\envs\yolo\lib\site-packages\torch\include\ATen/ops/take_ops.h
注意: 包含文件:             D:\APP\AboutCode\Miniconda3\envs\yolo\lib\site-packages\torch\include\ATen/ops/tan_ops.h
注意: 包含文件:             D:\APP\AboutCode\Miniconda3\envs\yolo\lib\site-packages\torch\include\ATen/ops/tanh_ops.h
注意: 包含文件:             D:\APP\AboutCode\Miniconda3\envs\yolo\lib\site-packages\torch\include\ATen/ops/tensor_split_ops.h
注意: 包含文件:             D:\APP\AboutCode\Miniconda3\envs\yolo\lib\site-packages\torch\include\ATen/ops/tile_ops.h
注意: 包含文件:             D:\APP\AboutCode\Miniconda3\envs\yolo\lib\site-packages\torch\include\ATen/ops/to_dense_ops.h
注意: 包含文件:             D:\APP\AboutCode\Miniconda3\envs\yolo\lib\site-packages\torch\include\ATen/ops/to_mkldnn_ops.h
注意: 包含文件:             D:\APP\AboutCode\Miniconda3\envs\yolo\lib\site-packages\torch\include\ATen/ops/to_ops.h
注意: 包含文件:             D:\APP\AboutCode\Miniconda3\envs\yolo\lib\site-packages\torch\include\ATen/ops/to_padded_tensor_ops.h
注意: 包含文件:             D:\APP\AboutCode\Miniconda3\envs\yolo\lib\site-packages\torch\include\ATen/ops/to_sparse_bsc_ops.h
注意: 包含文件:             D:\APP\AboutCode\Miniconda3\envs\yolo\lib\site-packages\torch\include\ATen/ops/to_sparse_bsr_ops.h
注意: 包含文件:             D:\APP\AboutCode\Miniconda3\envs\yolo\lib\site-packages\torch\include\ATen/ops/to_sparse_csc_ops.h
注意: 包含文件:             D:\APP\AboutCode\Miniconda3\envs\yolo\lib\site-packages\torch\include\ATen/ops/to_sparse_csr_ops.h
注意: 包含文件:             D:\APP\AboutCode\Miniconda3\envs\yolo\lib\site-packages\torch\include\ATen/ops/to_sparse_ops.h
注意: 包含文件:             D:\APP\AboutCode\Miniconda3\envs\yolo\lib\site-packages\torch\include\ATen/ops/topk_ops.h
注意: 包含文件:             D:\APP\AboutCode\Miniconda3\envs\yolo\lib\site-packages\torch\include\ATen/ops/trace_ops.h
注意: 包含文件:             D:\APP\AboutCode\Miniconda3\envs\yolo\lib\site-packages\torch\include\ATen/ops/transpose_ops.h
注意: 包含文件:             D:\APP\AboutCode\Miniconda3\envs\yolo\lib\site-packages\torch\include\ATen/ops/triangular_solve_ops.h
注意: 包含文件:             D:\APP\AboutCode\Miniconda3\envs\yolo\lib\site-packages\torch\include\ATen/ops/tril_ops.h
注意: 包含文件:             D:\APP\AboutCode\Miniconda3\envs\yolo\lib\site-packages\torch\include\ATen/ops/triu_ops.h
注意: 包含文件:             D:\APP\AboutCode\Miniconda3\envs\yolo\lib\site-packages\torch\include\ATen/ops/true_divide_ops.h
注意: 包含文件:             D:\APP\AboutCode\Miniconda3\envs\yolo\lib\site-packages\torch\include\ATen/ops/trunc_ops.h
注意: 包含文件:             D:\APP\AboutCode\Miniconda3\envs\yolo\lib\site-packages\torch\include\ATen/ops/type_as_ops.h
注意: 包含文件:             D:\APP\AboutCode\Miniconda3\envs\yolo\lib\site-packages\torch\include\ATen/ops/unbind_ops.h
注意: 包含文件:             D:\APP\AboutCode\Miniconda3\envs\yolo\lib\site-packages\torch\include\ATen/ops/unflatten_ops.h
注意: 包含文件:             D:\APP\AboutCode\Miniconda3\envs\yolo\lib\site-packages\torch\include\ATen/ops/unfold_ops.h
注意: 包含文件:             D:\APP\AboutCode\Miniconda3\envs\yolo\lib\site-packages\torch\include\ATen/ops/uniform_ops.h
注意: 包含文件:             D:\APP\AboutCode\Miniconda3\envs\yolo\lib\site-packages\torch\include\ATen/ops/unsafe_chunk_ops.h
注意: 包含文件:             D:\APP\AboutCode\Miniconda3\envs\yolo\lib\site-packages\torch\include\ATen/ops/unsafe_split_ops.h
注意: 包含文件:             D:\APP\AboutCode\Miniconda3\envs\yolo\lib\site-packages\torch\include\ATen/ops/unsafe_split_with_sizes_ops.h
注意: 包含文件:             D:\APP\AboutCode\Miniconda3\envs\yolo\lib\site-packages\torch\include\ATen/ops/unsqueeze_ops.h
注意: 包含文件:             D:\APP\AboutCode\Miniconda3\envs\yolo\lib\site-packages\torch\include\ATen/ops/values_ops.h
注意: 包含文件:             D:\APP\AboutCode\Miniconda3\envs\yolo\lib\site-packages\torch\include\ATen/ops/var_ops.h
注意: 包含文件:             D:\APP\AboutCode\Miniconda3\envs\yolo\lib\site-packages\torch\include\ATen/ops/vdot_ops.h
注意: 包含文件:             D:\APP\AboutCode\Miniconda3\envs\yolo\lib\site-packages\torch\include\ATen/ops/view_as_ops.h
注意: 包含文件:             D:\APP\AboutCode\Miniconda3\envs\yolo\lib\site-packages\torch\include\ATen/ops/view_ops.h
注意: 包含文件:             D:\APP\AboutCode\Miniconda3\envs\yolo\lib\site-packages\torch\include\ATen/ops/vsplit_ops.h
注意: 包含文件:             D:\APP\AboutCode\Miniconda3\envs\yolo\lib\site-packages\torch\include\ATen/ops/where_ops.h
注意: 包含文件:             D:\APP\AboutCode\Miniconda3\envs\yolo\lib\site-packages\torch\include\ATen/ops/xlogy_ops.h
注意: 包含文件:             D:\APP\AboutCode\Miniconda3\envs\yolo\lib\site-packages\torch\include\ATen/ops/xor_ops.h
注意: 包含文件:             D:\APP\AboutCode\Miniconda3\envs\yolo\lib\site-packages\torch\include\ATen/ops/zero_ops.h
注意: 包含文件:       D:\APP\AboutCode\Miniconda3\envs\yolo\lib\site-packages\torch\include\torch/csrc/autograd/edge.h
注意: 包含文件:        D:\APP\AboutCode\Miniconda3\envs\yolo\lib\site-packages\torch\include\c10/util/hash.h
注意: 包含文件:         D:\APP\AboutCode\Microsoft Visual Studio\2022\Community\VC\Tools\MSVC\14.44.35207\include\iomanip
注意: 包含文件:          D:\APP\AboutCode\Microsoft Visual Studio\2022\Community\VC\Tools\MSVC\14.44.35207\include\xlocmon
注意: 包含文件:          D:\APP\AboutCode\Microsoft Visual Studio\2022\Community\VC\Tools\MSVC\14.44.35207\include\xloctime
注意: 包含文件:       D:\APP\AboutCode\Miniconda3\envs\yolo\lib\site-packages\torch\include\torch/csrc/autograd/forward_grad.h
注意: 包含文件:        D:\APP\AboutCode\Microsoft Visual Studio\2022\Community\VC\Tools\MSVC\14.44.35207\include\unordered_set
注意: 包含文件:       D:\APP\AboutCode\Miniconda3\envs\yolo\lib\site-packages\torch\include\ATen/NamedTensorUtils.h
注意: 包含文件:        D:\APP\AboutCode\Miniconda3\envs\yolo\lib\site-packages\torch\include\ATen/NamedTensor.h
注意: 包含文件:        D:\APP\AboutCode\Miniconda3\envs\yolo\lib\site-packages\torch\include\ATen/TensorNames.h
注意: 包含文件:         D:\APP\AboutCode\Miniconda3\envs\yolo\lib\site-packages\torch\include\ATen/WrapDimUtils.h
注意: 包含文件:          D:\APP\AboutCode\Miniconda3\envs\yolo\lib\site-packages\torch\include\ATen/core/IListRef.h
注意: 包含文件:           D:\APP\AboutCode\Miniconda3\envs\yolo\lib\site-packages\torch\include\ATen/core/ivalue_to.h
注意: 包含文件:           D:\APP\AboutCode\Miniconda3\envs\yolo\lib\site-packages\torch\include\ATen/core/IListRef_inl.h
注意: 包含文件:            D:\APP\AboutCode\Miniconda3\envs\yolo\lib\site-packages\torch\include\ATen/core/List.h
注意: 包含文件:             D:\APP\AboutCode\Miniconda3\envs\yolo\lib\site-packages\torch\include\ATen/core/jit_type_base.h
注意: 包含文件:              D:\APP\AboutCode\Miniconda3\envs\yolo\lib\site-packages\torch\include\ATen/core/qualified_name.h
注意: 包含文件:              D:\APP\AboutCode\Miniconda3\envs\yolo\lib\site-packages\torch\include\ATen/core/type_ptr.h
注意: 包含文件:             D:\APP\AboutCode\Miniconda3\envs\yolo\lib\site-packages\torch\include\ATen/core/List_inl.h
注意: 包含文件:              D:\APP\AboutCode\Miniconda3\envs\yolo\lib\site-packages\torch\include\ATen/core/ivalue.h
注意: 包含文件:               D:\APP\AboutCode\Miniconda3\envs\yolo\lib\site-packages\torch\include\ATen/core/DimVector.h
注意: 包含文件:               D:\APP\AboutCode\Miniconda3\envs\yolo\lib\site-packages\torch\include\ATen/core/blob.h
注意: 包含文件:               D:\APP\AboutCode\Miniconda3\envs\yolo\lib\site-packages\torch\include\ATen/core/custom_class.h
注意: 包含文件:                D:\APP\AboutCode\Microsoft Visual Studio\2022\Community\VC\Tools\MSVC\14.44.35207\include\typeindex
注意: 包含文件:               D:\APP\AboutCode\Miniconda3\envs\yolo\lib\site-packages\torch\include\ATen/core/type_factory.h
注意: 包含文件:                D:\APP\AboutCode\Miniconda3\envs\yolo\lib\site-packages\torch\include\ATen/core/dynamic_type.h
注意: 包含文件:               D:\APP\AboutCode\Miniconda3\envs\yolo\lib\site-packages\torch\include\ATen/core/ivalue_inl.h
注意: 包含文件:                D:\APP\AboutCode\Microsoft Visual Studio\2022\Community\VC\Tools\MSVC\14.44.35207\include\condition_variable
注意: 包含文件:                D:\APP\AboutCode\Miniconda3\envs\yolo\lib\site-packages\torch\include\ATen/core/Dict.h
注意: 包含文件:                 D:\APP\AboutCode\Miniconda3\envs\yolo\lib\site-packages\torch\include\c10/util/order_preserving_flat_hash_map.h
注意: 包含文件:                 D:\APP\AboutCode\Miniconda3\envs\yolo\lib\site-packages\torch\include\ATen/core/Dict_inl.h
注意: 包含文件:                D:\APP\AboutCode\Miniconda3\envs\yolo\lib\site-packages\torch\include\ATen/core/functional.h
注意: 包含文件:                D:\APP\AboutCode\Miniconda3\envs\yolo\lib\site-packages\torch\include\ATen/core/jit_type.h
注意: 包含文件:                D:\APP\AboutCode\Miniconda3\envs\yolo\lib\site-packages\torch\include\ATen/core/rref_interface.h
注意: 包含文件:                D:\APP\AboutCode\Miniconda3\envs\yolo\lib\site-packages\torch\include\c10/core/DeviceGuard.h
注意: 包含文件:                 D:\APP\AboutCode\Miniconda3\envs\yolo\lib\site-packages\torch\include\c10/core/impl/InlineDeviceGuard.h
注意: 包含文件:                  D:\APP\AboutCode\Miniconda3\envs\yolo\lib\site-packages\torch\include\c10/core/impl/DeviceGuardImplInterface.h
注意: 包含文件:                  D:\APP\AboutCode\Miniconda3\envs\yolo\lib\site-packages\torch\include\c10/core/impl/VirtualGuardImpl.h
注意: 包含文件:                D:\APP\AboutCode\Miniconda3\envs\yolo\lib\site-packages\torch\include\c10/core/Event.h
注意: 包含文件:                 D:\APP\AboutCode\Miniconda3\envs\yolo\lib\site-packages\torch\include\c10/core/impl/InlineEvent.h
注意: 包含文件:                D:\APP\AboutCode\Miniconda3\envs\yolo\lib\site-packages\torch\include\c10/core/StreamGuard.h
注意: 包含文件:                 D:\APP\AboutCode\Miniconda3\envs\yolo\lib\site-packages\torch\include\c10/core/impl/InlineStreamGuard.h
注意: 包含文件:                D:\APP\AboutCode\Miniconda3\envs\yolo\lib\site-packages\torch\include\c10/util/FunctionRef.h
注意: 包含文件:                D:\APP\AboutCode\Miniconda3\envs\yolo\lib\site-packages\torch\include\c10/util/Logging.h
注意: 包含文件:                 D:\APP\AboutCode\Miniconda3\envs\yolo\lib\site-packages\torch\include\c10/util/logging_is_not_google_glog.h
注意: 包含文件:                  D:\APP\AboutCode\Microsoft Visual Studio\2022\Community\VC\Tools\MSVC\14.44.35207\include\chrono
注意: 包含文件:                   D:\APP\AboutCode\Microsoft Visual Studio\2022\Community\VC\Tools\MSVC\14.44.35207\include\xfilesystem_abi.h
注意: 包含文件:                  D:\APP\AboutCode\Microsoft Visual Studio\2022\Community\VC\Tools\MSVC\14.44.35207\include\map
注意: 包含文件:                   D:\APP\AboutCode\Microsoft Visual Studio\2022\Community\VC\Tools\MSVC\14.44.35207\include\xtree
注意: 包含文件:                  D:\APP\AboutCode\Microsoft Visual Studio\2022\Community\VC\Tools\MSVC\14.44.35207\include\set
注意: 包含文件:        D:\APP\AboutCode\Miniconda3\envs\yolo\lib\site-packages\torch\include\ATen/WrapDimUtilsMulti.h
注意: 包含文件:         D:\APP\AboutCode\Microsoft Visual Studio\2022\Community\VC\Tools\MSVC\14.44.35207\include\bitset
注意: 包含文件:       D:\APP\AboutCode\Miniconda3\envs\yolo\lib\site-packages\torch\include\ATen/core/VariableHooksInterface.h
注意: 包含文件:     D:\APP\AboutCode\Miniconda3\envs\yolo\lib\site-packages\torch\include\torch/csrc/autograd/autograd_not_implemented_fallback.h
注意: 包含文件:      D:\APP\AboutCode\Miniconda3\envs\yolo\lib\site-packages\torch\include\torch/library.h
注意: 包含文件:       D:\APP\AboutCode\Miniconda3\envs\yolo\lib\site-packages\torch\include\ATen/core/op_registration/infer_schema.h
注意: 包含文件:        D:\APP\AboutCode\Miniconda3\envs\yolo\lib\site-packages\torch\include\ATen/core/function_schema.h
注意: 包含文件:         D:\APP\AboutCode\Miniconda3\envs\yolo\lib\site-packages\torch\include\ATen/core/alias_info.h
注意: 包含文件:         D:\APP\AboutCode\Miniconda3\envs\yolo\lib\site-packages\torch\include\ATen/core/operator_name.h
注意: 包含文件:         D:\APP\AboutCode\Miniconda3\envs\yolo\lib\site-packages\torch\include\ATen/core/dispatch/OperatorOptions.h
注意: 包含文件:         D:\APP\AboutCode\Miniconda3\envs\yolo\lib\site-packages\torch\include\ATen/core/function_schema_inl.h
注意: 包含文件:       D:\APP\AboutCode\Miniconda3\envs\yolo\lib\site-packages\torch\include\ATen/core/op_registration/op_allowlist.h
注意: 包含文件:       D:\APP\AboutCode\Miniconda3\envs\yolo\lib\site-packages\torch\include\ATen/core/dispatch/Dispatcher.h
注意: 包含文件:        D:\APP\AboutCode\Miniconda3\envs\yolo\lib\site-packages\torch\include\ATen/SequenceNumber.h
注意: 包含文件:        D:\APP\AboutCode\Miniconda3\envs\yolo\lib\site-packages\torch\include\ATen/core/boxing/KernelFunction.h
注意: 包含文件:         D:\APP\AboutCode\Miniconda3\envs\yolo\lib\site-packages\torch\include\ATen/core/boxing/BoxedKernel.h
注意: 包含文件:          D:\APP\AboutCode\Miniconda3\envs\yolo\lib\site-packages\torch\include\ATen/core/boxing/OperatorKernel.h
注意: 包含文件:          D:\APP\AboutCode\Miniconda3\envs\yolo\lib\site-packages\torch\include\ATen/core/boxing/BoxedKernel_impl.h
注意: 包含文件:         D:\APP\AboutCode\Miniconda3\envs\yolo\lib\site-packages\torch\include\ATen/core/stack.h
注意: 包含文件:         D:\APP\AboutCode\Miniconda3\envs\yolo\lib\site-packages\torch\include\ATen/core/boxing/KernelFunction_impl.h
注意: 包含文件:          D:\APP\AboutCode\Miniconda3\envs\yolo\lib\site-packages\torch\include\ATen/core/boxing/impl/boxing.h
注意: 包含文件:          D:\APP\AboutCode\Miniconda3\envs\yolo\lib\site-packages\torch\include\ATen/core/boxing/impl/make_boxed_from_unboxed_functor.h
注意: 包含文件:          D:\APP\AboutCode\Miniconda3\envs\yolo\lib\site-packages\torch\include\ATen/core/boxing/impl/WrapFunctionIntoFunctor.h
注意: 包含文件:           D:\APP\AboutCode\Miniconda3\envs\yolo\lib\site-packages\torch\include\c10/core/CompileTimeFunctionPointer.h
注意: 包含文件:          D:\APP\AboutCode\Miniconda3\envs\yolo\lib\site-packages\torch\include\ATen/core/boxing/impl/WrapFunctionIntoRuntimeFunctor.h
注意: 包含文件:        D:\APP\AboutCode\Miniconda3\envs\yolo\lib\site-packages\torch\include\ATen/core/dispatch/OperatorEntry.h
注意: 包含文件:         D:\APP\AboutCode\Miniconda3\envs\yolo\lib\site-packages\torch\include\c10/util/flat_hash_map.h
注意: 包含文件:         D:\APP\AboutCode\Miniconda3\envs\yolo\lib\site-packages\torch\include\c10/util/either.h
注意: 包含文件:         D:\APP\AboutCode\Miniconda3\envs\yolo\lib\site-packages\torch\include\c10/core/PyHandleCache.h
注意: 包含文件:         D:\APP\AboutCode\Miniconda3\envs\yolo\lib\site-packages\torch\include\c10/core/SafePyObject.h
注意: 包含文件:         D:\APP\AboutCode\Miniconda3\envs\yolo\lib\site-packages\torch\include\ATen/core/dispatch/DispatchKeyExtractor.h
注意: 包含文件:          D:\APP\AboutCode\Miniconda3\envs\yolo\lib\site-packages\torch\include\c10/util/Bitset.h
注意: 包含文件:          D:\APP\AboutCode\Miniconda3\envs\yolo\lib\site-packages\torch\include\ATen/core/Variadic.h
注意: 包含文件:         D:\APP\AboutCode\Miniconda3\envs\yolo\lib\site-packages\torch\include\ATen/core/dispatch/CppSignature.h
注意: 包含文件:         D:\APP\AboutCode\Miniconda3\envs\yolo\lib\site-packages\torch\include\ATen/core/dispatch/RegistrationHandleRAII.h
注意: 包含文件:         D:\APP\AboutCode\Miniconda3\envs\yolo\lib\site-packages\torch\include\ATen/core/enum_tag.h
注意: 包含文件:        D:\APP\AboutCode\Miniconda3\envs\yolo\lib\site-packages\torch\include\ATen/record_function.h
注意: 包含文件:        D:\APP\AboutCode\Miniconda3\envs\yolo\lib\site-packages\torch\include\c10/util/LeftRight.h
注意: 包含文件:         D:\APP\AboutCode\Miniconda3\envs\yolo\lib\site-packages\torch\include\c10/util/Synchronized.h
注意: 包含文件:        D:\APP\AboutCode\Miniconda3\envs\yolo\lib\site-packages\torch\include\ATen/core/grad_mode.h
注意: 包含文件:         D:\APP\AboutCode\Miniconda3\envs\yolo\lib\site-packages\torch\include\c10/core/GradMode.h
注意: 包含文件:       D:\APP\AboutCode\Miniconda3\envs\yolo\lib\site-packages\torch\include\torch/csrc/jit/frontend/function_schema_parser.h
注意: 包含文件:       D:\APP\AboutCode\Miniconda3\envs\yolo\lib\site-packages\torch\include\ATen/core/op_registration/op_registration.h
注意: 包含文件:        D:\APP\AboutCode\Miniconda3\envs\yolo\lib\site-packages\torch\include\ATen/core/ATenOpList.h
注意: 包含文件:       D:\APP\AboutCode\Miniconda3\envs\yolo\lib\site-packages\torch\include\torch/custom_class.h
注意: 包含文件:        D:\APP\AboutCode\Miniconda3\envs\yolo\lib\site-packages\torch\include\ATen/core/builtin_function.h
注意: 包含文件:         D:\APP\AboutCode\Miniconda3\envs\yolo\lib\site-packages\torch\include\ATen/core/function.h
注意: 包含文件:        D:\APP\AboutCode\Miniconda3\envs\yolo\lib\site-packages\torch\include\ATen/core/class_type.h
注意: 包含文件:        D:\APP\AboutCode\Miniconda3\envs\yolo\lib\site-packages\torch\include\torch/custom_class_detail.h
注意: 包含文件:     D:\APP\AboutCode\Miniconda3\envs\yolo\lib\site-packages\torch\include\torch/csrc/autograd/custom_function.h
注意: 包含文件:      D:\APP\AboutCode\Miniconda3\envs\yolo\lib\site-packages\torch\include\torch/csrc/autograd/function.h
注意: 包含文件:       D:\APP\AboutCode\Miniconda3\envs\yolo\lib\site-packages\torch\include\torch/csrc/autograd/anomaly_mode.h
注意: 包含文件:       D:\APP\AboutCode\Miniconda3\envs\yolo\lib\site-packages\torch\include\torch/csrc/autograd/grad_mode.h
注意: 包含文件:       D:\APP\AboutCode\Miniconda3\envs\yolo\lib\site-packages\torch\include\torch/csrc/autograd/graph_task.h
注意: 包含文件:        D:\APP\AboutCode\Miniconda3\envs\yolo\lib\site-packages\torch\include\ATen/ThreadLocalState.h
注意: 包含文件:         D:\APP\AboutCode\Microsoft Visual Studio\2022\Community\VC\Tools\MSVC\14.44.35207\include\stack
注意: 包含文件:         D:\APP\AboutCode\Miniconda3\envs\yolo\lib\site-packages\torch\include\ATen/FuncTorchTLS.h
注意: 包含文件:         D:\APP\AboutCode\Miniconda3\envs\yolo\lib\site-packages\torch\include\ATen/PythonTorchFunctionTLS.h
注意: 包含文件:         D:\APP\AboutCode\Miniconda3\envs\yolo\lib\site-packages\torch\include\ATen/SavedTensorHooks.h
注意: 包含文件:         D:\APP\AboutCode\Miniconda3\envs\yolo\lib\site-packages\torch\include\ATen/ThreadLocalPythonObjects.h
注意: 包含文件:         D:\APP\AboutCode\Miniconda3\envs\yolo\lib\site-packages\torch\include\c10/core/impl/PythonDispatcherTLS.h
注意: 包含文件:         D:\APP\AboutCode\Miniconda3\envs\yolo\lib\site-packages\torch\include\c10/core/impl/TorchDispatchModeTLS.h
注意: 包含文件:        D:\APP\AboutCode\Miniconda3\envs\yolo\lib\site-packages\torch\include\c10/util/ThreadLocal.h
注意: 包含文件:        D:\APP\AboutCode\Miniconda3\envs\yolo\lib\site-packages\torch\include\torch/csrc/autograd/input_buffer.h
注意: 包含文件:        D:\APP\AboutCode\Miniconda3\envs\yolo\lib\site-packages\torch\include\torch/csrc/autograd/utils/warnings.h
注意: 包含文件:       D:\APP\AboutCode\Miniconda3\envs\yolo\lib\site-packages\torch\include\torch/csrc/autograd/input_metadata.h
注意: 包含文件:        D:\APP\AboutCode\Miniconda3\envs\yolo\lib\site-packages\torch\include\ATen/ExpandUtils.h
注意: 包含文件:         D:\APP\AboutCode\Miniconda3\envs\yolo\lib\site-packages\torch\include\ATen/Functions.h
注意: 包含文件:          D:\APP\AboutCode\Miniconda3\envs\yolo\lib\site-packages\torch\include\ATen/Context.h
注意: 包含文件:           D:\APP\AboutCode\Miniconda3\envs\yolo\lib\site-packages\torch\include\ATen/CPUGeneratorImpl.h
注意: 包含文件:            D:\APP\AboutCode\Miniconda3\envs\yolo\lib\site-packages\torch\include\ATen/core/MT19937RNGEngine.h
注意: 包含文件:             C:\Program Files (x86)\Windows Kits\10\include\10.0.26100.0\ucrt\math.h
注意: 包含文件:              C:\Program Files (x86)\Windows Kits\10\include\10.0.26100.0\ucrt\corecrt_math_defines.h
注意: 包含文件:           D:\APP\AboutCode\Miniconda3\envs\yolo\lib\site-packages\torch\include\ATen/LinalgBackend.h
注意: 包含文件:           D:\APP\AboutCode\Miniconda3\envs\yolo\lib\site-packages\torch\include\ATen/core/ATenGeneral.h
注意: 包含文件:           D:\APP\AboutCode\Miniconda3\envs\yolo\lib\site-packages\torch\include\ATen/core/LegacyTypeDispatch.h
注意: 包含文件:           D:\APP\AboutCode\Miniconda3\envs\yolo\lib\site-packages\torch\include\ATen/detail/CUDAHooksInterface.h
注意: 包含文件:           D:\APP\AboutCode\Miniconda3\envs\yolo\lib\site-packages\torch\include\ATen/detail/HIPHooksInterface.h
注意: 包含文件:           D:\APP\AboutCode\Miniconda3\envs\yolo\lib\site-packages\torch\include\ATen/detail/IPUHooksInterface.h
注意: 包含文件:           D:\APP\AboutCode\Miniconda3\envs\yolo\lib\site-packages\torch\include\ATen/detail/MPSHooksInterface.h
注意: 包含文件:           D:\APP\AboutCode\Miniconda3\envs\yolo\lib\site-packages\torch\include\ATen/detail/MTIAHooksInterface.h
注意: 包含文件:           D:\APP\AboutCode\Miniconda3\envs\yolo\lib\site-packages\torch\include\ATen/detail/ORTHooksInterface.h
注意: 包含文件:           D:\APP\AboutCode\Miniconda3\envs\yolo\lib\site-packages\torch\include\ATen/detail/PrivateUse1HooksInterface.h
注意: 包含文件:           D:\APP\AboutCode\Miniconda3\envs\yolo\lib\site-packages\torch\include\ATen/detail/XPUHooksInterface.h
注意: 包含文件:           D:\APP\AboutCode\Miniconda3\envs\yolo\lib\site-packages\torch\include\c10/core/QEngine.h
注意: 包含文件:           D:\APP\AboutCode\Miniconda3\envs\yolo\lib\site-packages\torch\include\c10/util/CallOnce.h
注意: 包含文件:           D:\APP\AboutCode\Miniconda3\envs\yolo\lib\site-packages\torch\include\c10/util/env.h
注意: 包含文件:          D:\APP\AboutCode\Miniconda3\envs\yolo\lib\site-packages\torch\include\ATen/DeviceGuard.h
注意: 包含文件:          D:\APP\AboutCode\Miniconda3\envs\yolo\lib\site-packages\torch\include\ATen/TensorUtils.h
注意: 包含文件:           D:\APP\AboutCode\Miniconda3\envs\yolo\lib\site-packages\torch\include\ATen/DimVector.h
注意: 包含文件:           D:\APP\AboutCode\Miniconda3\envs\yolo\lib\site-packages\torch\include\ATen/EmptyTensor.h
注意: 包含文件:           D:\APP\AboutCode\Miniconda3\envs\yolo\lib\site-packages\torch\include\ATen/TensorGeometry.h
注意: 包含文件:           D:\APP\AboutCode\Miniconda3\envs\yolo\lib\site-packages\torch\include\ATen/Utils.h
注意: 包含文件:            D:\APP\AboutCode\Miniconda3\envs\yolo\lib\site-packages\torch\include\ATen/Formatting.h
注意: 包含文件:             D:\APP\AboutCode\Miniconda3\envs\yolo\lib\site-packages\torch\include\ATen/core/Formatting.h
注意: 包含文件:          D:\APP\AboutCode\Miniconda3\envs\yolo\lib\site-packages\torch\include\ATen/TracerMode.h
注意: 包含文件:          D:\APP\AboutCode\Miniconda3\envs\yolo\lib\site-packages\torch\include\ATen/core/Reduction.h
注意: 包含文件:          D:\APP\AboutCode\Miniconda3\envs\yolo\lib\site-packages\torch\include\ATen/ops/from_blob.h
注意: 包含文件:          D:\APP\AboutCode\Miniconda3\envs\yolo\lib\site-packages\torch\include\ATen/ops/tensor.h
注意: 包含文件:          D:\APP\AboutCode\Miniconda3\envs\yolo\lib\site-packages\torch\include\ATen/ops/_adaptive_avg_pool2d.h
注意: 包含文件:           D:\APP\AboutCode\Miniconda3\envs\yolo\lib\site-packages\torch\include\ATen/ops/_adaptive_avg_pool2d_ops.h
注意: 包含文件:          D:\APP\AboutCode\Miniconda3\envs\yolo\lib\site-packages\torch\include\ATen/ops/_adaptive_avg_pool2d_backward.h
注意: 包含文件:           D:\APP\AboutCode\Miniconda3\envs\yolo\lib\site-packages\torch\include\ATen/ops/_adaptive_avg_pool2d_backward_ops.h
注意: 包含文件:          D:\APP\AboutCode\Miniconda3\envs\yolo\lib\site-packages\torch\include\ATen/ops/_adaptive_avg_pool3d.h
注意: 包含文件:           D:\APP\AboutCode\Miniconda3\envs\yolo\lib\site-packages\torch\include\ATen/ops/_adaptive_avg_pool3d_ops.h
注意: 包含文件:          D:\APP\AboutCode\Miniconda3\envs\yolo\lib\site-packages\torch\include\ATen/ops/_adaptive_avg_pool3d_backward.h
注意: 包含文件:           D:\APP\AboutCode\Miniconda3\envs\yolo\lib\site-packages\torch\include\ATen/ops/_adaptive_avg_pool3d_backward_ops.h
注意: 包含文件:          D:\APP\AboutCode\Miniconda3\envs\yolo\lib\site-packages\torch\include\ATen/ops/_add_batch_dim.h
注意: 包含文件:           D:\APP\AboutCode\Miniconda3\envs\yolo\lib\site-packages\torch\include\ATen/ops/_add_batch_dim_ops.h
注意: 包含文件:          D:\APP\AboutCode\Miniconda3\envs\yolo\lib\site-packages\torch\include\ATen/ops/_add_relu.h
注意: 包含文件:           D:\APP\AboutCode\Miniconda3\envs\yolo\lib\site-packages\torch\include\ATen/ops/_add_relu_ops.h
注意: 包含文件:          D:\APP\AboutCode\Miniconda3\envs\yolo\lib\site-packages\torch\include\ATen/ops/_addmm_activation.h
注意: 包含文件:          D:\APP\AboutCode\Miniconda3\envs\yolo\lib\site-packages\torch\include\ATen/ops/_aminmax.h
注意: 包含文件:           D:\APP\AboutCode\Miniconda3\envs\yolo\lib\site-packages\torch\include\ATen/ops/_aminmax_ops.h
注意: 包含文件:          D:\APP\AboutCode\Miniconda3\envs\yolo\lib\site-packages\torch\include\ATen/ops/_amp_foreach_non_finite_check_and_unscale.h
注意: 包含文件:           D:\APP\AboutCode\Miniconda3\envs\yolo\lib\site-packages\torch\include\ATen/ops/_amp_foreach_non_finite_check_and_unscale_ops.h
注意: 包含文件:          D:\APP\AboutCode\Miniconda3\envs\yolo\lib\site-packages\torch\include\ATen/ops/_amp_update_scale.h
注意: 包含文件:           D:\APP\AboutCode\Miniconda3\envs\yolo\lib\site-packages\torch\include\ATen/ops/_amp_update_scale_ops.h
注意: 包含文件:          D:\APP\AboutCode\Miniconda3\envs\yolo\lib\site-packages\torch\include\ATen/ops/_assert_async.h
注意: 包含文件:           D:\APP\AboutCode\Miniconda3\envs\yolo\lib\site-packages\torch\include\ATen/ops/_assert_async_ops.h
注意: 包含文件:          D:\APP\AboutCode\Miniconda3\envs\yolo\lib\site-packages\torch\include\ATen/ops/_assert_tensor_metadata.h
注意: 包含文件:           D:\APP\AboutCode\Miniconda3\envs\yolo\lib\site-packages\torch\include\ATen/ops/_assert_tensor_metadata_ops.h
注意: 包含文件:          D:\APP\AboutCode\Miniconda3\envs\yolo\lib\site-packages\torch\include\ATen/ops/_autocast_to_full_precision.h
注意: 包含文件:          D:\APP\AboutCode\Miniconda3\envs\yolo\lib\site-packages\torch\include\ATen/ops/_autocast_to_reduced_precision.h
注意: 包含文件:          D:\APP\AboutCode\Miniconda3\envs\yolo\lib\site-packages\torch\include\ATen/ops/_backward.h
注意: 包含文件:          D:\APP\AboutCode\Miniconda3\envs\yolo\lib\site-packages\torch\include\ATen/ops/_batch_norm_impl_index.h
注意: 包含文件:           D:\APP\AboutCode\Miniconda3\envs\yolo\lib\site-packages\torch\include\ATen/ops/_batch_norm_impl_index_ops.h
注意: 包含文件:          D:\APP\AboutCode\Miniconda3\envs\yolo\lib\site-packages\torch\include\ATen/ops/_batch_norm_impl_index_backward.h
注意: 包含文件:           D:\APP\AboutCode\Miniconda3\envs\yolo\lib\site-packages\torch\include\ATen/ops/_batch_norm_impl_index_backward_ops.h
注意: 包含文件:          D:\APP\AboutCode\Miniconda3\envs\yolo\lib\site-packages\torch\include\ATen/ops/_cast_Byte.h
注意: 包含文件:           D:\APP\AboutCode\Miniconda3\envs\yolo\lib\site-packages\torch\include\ATen/ops/_cast_Byte_ops.h
注意: 包含文件:          D:\APP\AboutCode\Miniconda3\envs\yolo\lib\site-packages\torch\include\ATen/ops/_cast_Char.h
注意: 包含文件:           D:\APP\AboutCode\Miniconda3\envs\yolo\lib\site-packages\torch\include\ATen/ops/_cast_Char_ops.h
注意: 包含文件:          D:\APP\AboutCode\Miniconda3\envs\yolo\lib\site-packages\torch\include\ATen/ops/_cast_Double.h
注意: 包含文件:           D:\APP\AboutCode\Miniconda3\envs\yolo\lib\site-packages\torch\include\ATen/ops/_cast_Double_ops.h
注意: 包含文件:          D:\APP\AboutCode\Miniconda3\envs\yolo\lib\site-packages\torch\include\ATen/ops/_cast_Float.h
注意: 包含文件:           D:\APP\AboutCode\Miniconda3\envs\yolo\lib\site-packages\torch\include\ATen/ops/_cast_Float_ops.h
注意: 包含文件:          D:\APP\AboutCode\Miniconda3\envs\yolo\lib\site-packages\torch\include\ATen/ops/_cast_Half.h
注意: 包含文件:           D:\APP\AboutCode\Miniconda3\envs\yolo\lib\site-packages\torch\include\ATen/ops/_cast_Half_ops.h
注意: 包含文件:          D:\APP\AboutCode\Miniconda3\envs\yolo\lib\site-packages\torch\include\ATen/ops/_cast_Int.h
注意: 包含文件:           D:\APP\AboutCode\Miniconda3\envs\yolo\lib\site-packages\torch\include\ATen/ops/_cast_Int_ops.h
注意: 包含文件:          D:\APP\AboutCode\Miniconda3\envs\yolo\lib\site-packages\torch\include\ATen/ops/_cast_Long.h
注意: 包含文件:           D:\APP\AboutCode\Miniconda3\envs\yolo\lib\site-packages\torch\include\ATen/ops/_cast_Long_ops.h
注意: 包含文件:          D:\APP\AboutCode\Miniconda3\envs\yolo\lib\site-packages\torch\include\ATen/ops/_cast_Short.h
注意: 包含文件:           D:\APP\AboutCode\Miniconda3\envs\yolo\lib\site-packages\torch\include\ATen/ops/_cast_Short_ops.h
注意: 包含文件:          D:\APP\AboutCode\Miniconda3\envs\yolo\lib\site-packages\torch\include\ATen/ops/_cdist_backward.h
注意: 包含文件:           D:\APP\AboutCode\Miniconda3\envs\yolo\lib\site-packages\torch\include\ATen/ops/_cdist_backward_ops.h
注意: 包含文件:          D:\APP\AboutCode\Miniconda3\envs\yolo\lib\site-packages\torch\include\ATen/ops/_cdist_forward.h
注意: 包含文件:           D:\APP\AboutCode\Miniconda3\envs\yolo\lib\site-packages\torch\include\ATen/ops/_cdist_forward_ops.h
注意: 包含文件:          D:\APP\AboutCode\Miniconda3\envs\yolo\lib\site-packages\torch\include\ATen/ops/_cholesky_solve_helper.h
注意: 包含文件:           D:\APP\AboutCode\Miniconda3\envs\yolo\lib\site-packages\torch\include\ATen/ops/_cholesky_solve_helper_ops.h
注意: 包含文件:          D:\APP\AboutCode\Miniconda3\envs\yolo\lib\site-packages\torch\include\ATen/ops/_choose_qparams_per_tensor.h
注意: 包含文件:           D:\APP\AboutCode\Miniconda3\envs\yolo\lib\site-packages\torch\include\ATen/ops/_choose_qparams_per_tensor_ops.h
注意: 包含文件:          D:\APP\AboutCode\Miniconda3\envs\yolo\lib\site-packages\torch\include\ATen/ops/_coalesce.h
注意: 包含文件:           D:\APP\AboutCode\Miniconda3\envs\yolo\lib\site-packages\torch\include\ATen/ops/_coalesce_ops.h
注意: 包含文件:          D:\APP\AboutCode\Miniconda3\envs\yolo\lib\site-packages\torch\include\ATen/ops/_coalesced.h
注意: 包含文件:          D:\APP\AboutCode\Miniconda3\envs\yolo\lib\site-packages\torch\include\ATen/ops/_compute_linear_combination.h
注意: 包含文件:           D:\APP\AboutCode\Miniconda3\envs\yolo\lib\site-packages\torch\include\ATen/ops/_compute_linear_combination_ops.h
注意: 包含文件:          D:\APP\AboutCode\Miniconda3\envs\yolo\lib\site-packages\torch\include\ATen/ops/_conj.h
注意: 包含文件:          D:\APP\AboutCode\Miniconda3\envs\yolo\lib\site-packages\torch\include\ATen/ops/_conj_copy.h
注意: 包含文件:           D:\APP\AboutCode\Miniconda3\envs\yolo\lib\site-packages\torch\include\ATen/ops/_conj_copy_ops.h
注意: 包含文件:          D:\APP\AboutCode\Miniconda3\envs\yolo\lib\site-packages\torch\include\ATen/ops/_conj_physical.h
注意: 包含文件:          D:\APP\AboutCode\Miniconda3\envs\yolo\lib\site-packages\torch\include\ATen/ops/_conv_depthwise2d.h
注意: 包含文件:           D:\APP\AboutCode\Miniconda3\envs\yolo\lib\site-packages\torch\include\ATen/ops/_conv_depthwise2d_ops.h
注意: 包含文件:          D:\APP\AboutCode\Miniconda3\envs\yolo\lib\site-packages\torch\include\ATen/ops/_convert_indices_from_coo_to_csr.h
注意: 包含文件:           D:\APP\AboutCode\Miniconda3\envs\yolo\lib\site-packages\torch\include\ATen/ops/_convert_indices_from_coo_to_csr_ops.h
注意: 包含文件:          D:\APP\AboutCode\Miniconda3\envs\yolo\lib\site-packages\torch\include\ATen/ops/_convert_indices_from_csr_to_coo.h
注意: 包含文件:           D:\APP\AboutCode\Miniconda3\envs\yolo\lib\site-packages\torch\include\ATen/ops/_convert_indices_from_csr_to_coo_ops.h
注意: 包含文件:          D:\APP\AboutCode\Miniconda3\envs\yolo\lib\site-packages\torch\include\ATen/ops/_convert_weight_to_int4pack.h
注意: 包含文件:           D:\APP\AboutCode\Miniconda3\envs\yolo\lib\site-packages\torch\include\ATen/ops/_convert_weight_to_int4pack_ops.h
注意: 包含文件:          D:\APP\AboutCode\Miniconda3\envs\yolo\lib\site-packages\torch\include\ATen/ops/_convolution.h
注意: 包含文件:           D:\APP\AboutCode\Miniconda3\envs\yolo\lib\site-packages\torch\include\ATen/ops/_convolution_ops.h
注意: 包含文件:          D:\APP\AboutCode\Miniconda3\envs\yolo\lib\site-packages\torch\include\ATen/ops/_convolution_double_backward.h
注意: 包含文件:           D:\APP\AboutCode\Miniconda3\envs\yolo\lib\site-packages\torch\include\ATen/ops/_convolution_double_backward_ops.h
注意: 包含文件:          D:\APP\AboutCode\Miniconda3\envs\yolo\lib\site-packages\torch\include\ATen/ops/_convolution_mode.h
注意: 包含文件:           D:\APP\AboutCode\Miniconda3\envs\yolo\lib\site-packages\torch\include\ATen/ops/_convolution_mode_ops.h
注意: 包含文件:          D:\APP\AboutCode\Miniconda3\envs\yolo\lib\site-packages\torch\include\ATen/ops/_copy_from.h
注意: 包含文件:           D:\APP\AboutCode\Miniconda3\envs\yolo\lib\site-packages\torch\include\ATen/ops/_copy_from_ops.h
注意: 包含文件:          D:\APP\AboutCode\Miniconda3\envs\yolo\lib\site-packages\torch\include\ATen/ops/_copy_from_and_resize.h
注意: 包含文件:           D:\APP\AboutCode\Miniconda3\envs\yolo\lib\site-packages\torch\include\ATen/ops/_copy_from_and_resize_ops.h
注意: 包含文件:          D:\APP\AboutCode\Miniconda3\envs\yolo\lib\site-packages\torch\include\ATen/ops/_cslt_compress.h
注意: 包含文件:           D:\APP\AboutCode\Miniconda3\envs\yolo\lib\site-packages\torch\include\ATen/ops/_cslt_compress_ops.h
注意: 包含文件:          D:\APP\AboutCode\Miniconda3\envs\yolo\lib\site-packages\torch\include\ATen/ops/_cslt_sparse_mm.h
注意: 包含文件:           D:\APP\AboutCode\Miniconda3\envs\yolo\lib\site-packages\torch\include\ATen/ops/_cslt_sparse_mm_ops.h
注意: 包含文件:          D:\APP\AboutCode\Miniconda3\envs\yolo\lib\site-packages\torch\include\ATen/ops/_ctc_loss.h
注意: 包含文件:           D:\APP\AboutCode\Miniconda3\envs\yolo\lib\site-packages\torch\include\ATen/ops/_ctc_loss_ops.h
注意: 包含文件:          D:\APP\AboutCode\Miniconda3\envs\yolo\lib\site-packages\torch\include\ATen/ops/_ctc_loss_backward.h
注意: 包含文件:           D:\APP\AboutCode\Miniconda3\envs\yolo\lib\site-packages\torch\include\ATen/ops/_ctc_loss_backward_ops.h
注意: 包含文件:          D:\APP\AboutCode\Miniconda3\envs\yolo\lib\site-packages\torch\include\ATen/ops/_cudnn_ctc_loss.h
注意: 包含文件:           D:\APP\AboutCode\Miniconda3\envs\yolo\lib\site-packages\torch\include\ATen/ops/_cudnn_ctc_loss_ops.h
注意: 包含文件:          D:\APP\AboutCode\Miniconda3\envs\yolo\lib\site-packages\torch\include\ATen/ops/_cudnn_init_dropout_state.h
注意: 包含文件:           D:\APP\AboutCode\Miniconda3\envs\yolo\lib\site-packages\torch\include\ATen/ops/_cudnn_init_dropout_state_ops.h
注意: 包含文件:          D:\APP\AboutCode\Miniconda3\envs\yolo\lib\site-packages\torch\include\ATen/ops/_cudnn_rnn.h
注意: 包含文件:           D:\APP\AboutCode\Miniconda3\envs\yolo\lib\site-packages\torch\include\ATen/ops/_cudnn_rnn_ops.h
注意: 包含文件:          D:\APP\AboutCode\Miniconda3\envs\yolo\lib\site-packages\torch\include\ATen/ops/_cudnn_rnn_backward.h
注意: 包含文件:           D:\APP\AboutCode\Miniconda3\envs\yolo\lib\site-packages\torch\include\ATen/ops/_cudnn_rnn_backward_ops.h
注意: 包含文件:          D:\APP\AboutCode\Miniconda3\envs\yolo\lib\site-packages\torch\include\ATen/ops/_cudnn_rnn_flatten_weight.h
注意: 包含文件:           D:\APP\AboutCode\Miniconda3\envs\yolo\lib\site-packages\torch\include\ATen/ops/_cudnn_rnn_flatten_weight_ops.h
注意: 包含文件:          D:\APP\AboutCode\Miniconda3\envs\yolo\lib\site-packages\torch\include\ATen/ops/_cufft_clear_plan_cache.h
注意: 包含文件:           D:\APP\AboutCode\Miniconda3\envs\yolo\lib\site-packages\torch\include\ATen/ops/_cufft_clear_plan_cache_ops.h
注意: 包含文件:          D:\APP\AboutCode\Miniconda3\envs\yolo\lib\site-packages\torch\include\ATen/ops/_cufft_get_plan_cache_max_size.h
注意: 包含文件:           D:\APP\AboutCode\Miniconda3\envs\yolo\lib\site-packages\torch\include\ATen/ops/_cufft_get_plan_cache_max_size_ops.h
注意: 包含文件:          D:\APP\AboutCode\Miniconda3\envs\yolo\lib\site-packages\torch\include\ATen/ops/_cufft_get_plan_cache_size.h
注意: 包含文件:           D:\APP\AboutCode\Miniconda3\envs\yolo\lib\site-packages\torch\include\ATen/ops/_cufft_get_plan_cache_size_ops.h
注意: 包含文件:          D:\APP\AboutCode\Miniconda3\envs\yolo\lib\site-packages\torch\include\ATen/ops/_cufft_set_plan_cache_max_size.h
注意: 包含文件:           D:\APP\AboutCode\Miniconda3\envs\yolo\lib\site-packages\torch\include\ATen/ops/_cufft_set_plan_cache_max_size_ops.h
注意: 包含文件:          D:\APP\AboutCode\Miniconda3\envs\yolo\lib\site-packages\torch\include\ATen/ops/_cummax_helper.h
注意: 包含文件:           D:\APP\AboutCode\Miniconda3\envs\yolo\lib\site-packages\torch\include\ATen/ops/_cummax_helper_ops.h
注意: 包含文件:          D:\APP\AboutCode\Miniconda3\envs\yolo\lib\site-packages\torch\include\ATen/ops/_cummin_helper.h
注意: 包含文件:           D:\APP\AboutCode\Miniconda3\envs\yolo\lib\site-packages\torch\include\ATen/ops/_cummin_helper_ops.h
注意: 包含文件:          D:\APP\AboutCode\Miniconda3\envs\yolo\lib\site-packages\torch\include\ATen/ops/_debug_has_internal_overlap.h
注意: 包含文件:           D:\APP\AboutCode\Miniconda3\envs\yolo\lib\site-packages\torch\include\ATen/ops/_debug_has_internal_overlap_ops.h
注意: 包含文件:          D:\APP\AboutCode\Miniconda3\envs\yolo\lib\site-packages\torch\include\ATen/ops/_dimI.h
注意: 包含文件:          D:\APP\AboutCode\Miniconda3\envs\yolo\lib\site-packages\torch\include\ATen/ops/_dimV.h
注意: 包含文件:          D:\APP\AboutCode\Miniconda3\envs\yolo\lib\site-packages\torch\include\ATen/ops/_dim_arange.h
注意: 包含文件:           D:\APP\AboutCode\Miniconda3\envs\yolo\lib\site-packages\torch\include\ATen/ops/_dim_arange_ops.h
注意: 包含文件:          D:\APP\AboutCode\Miniconda3\envs\yolo\lib\site-packages\torch\include\ATen/ops/_dirichlet_grad.h
注意: 包含文件:           D:\APP\AboutCode\Miniconda3\envs\yolo\lib\site-packages\torch\include\ATen/ops/_dirichlet_grad_ops.h
注意: 包含文件:          D:\APP\AboutCode\Miniconda3\envs\yolo\lib\site-packages\torch\include\ATen/ops/_efficient_attention_backward.h
注意: 包含文件:           D:\APP\AboutCode\Miniconda3\envs\yolo\lib\site-packages\torch\include\ATen/ops/_efficient_attention_backward_ops.h
注意: 包含文件:          D:\APP\AboutCode\Miniconda3\envs\yolo\lib\site-packages\torch\include\ATen/ops/_efficient_attention_forward.h
注意: 包含文件:           D:\APP\AboutCode\Miniconda3\envs\yolo\lib\site-packages\torch\include\ATen/ops/_efficient_attention_forward_ops.h
注意: 包含文件:          D:\APP\AboutCode\Miniconda3\envs\yolo\lib\site-packages\torch\include\ATen/ops/_efficientzerotensor.h
注意: 包含文件:           D:\APP\AboutCode\Miniconda3\envs\yolo\lib\site-packages\torch\include\ATen/ops/_efficientzerotensor_ops.h
注意: 包含文件:          D:\APP\AboutCode\Miniconda3\envs\yolo\lib\site-packages\torch\include\ATen/ops/_embedding_bag.h
注意: 包含文件:           D:\APP\AboutCode\Miniconda3\envs\yolo\lib\site-packages\torch\include\ATen/ops/_embedding_bag_ops.h
注意: 包含文件:          D:\APP\AboutCode\Miniconda3\envs\yolo\lib\site-packages\torch\include\ATen/ops/_embedding_bag_backward.h
注意: 包含文件:           D:\APP\AboutCode\Miniconda3\envs\yolo\lib\site-packages\torch\include\ATen/ops/_embedding_bag_backward_ops.h
注意: 包含文件:          D:\APP\AboutCode\Miniconda3\envs\yolo\lib\site-packages\torch\include\ATen/ops/_embedding_bag_dense_backward.h
注意: 包含文件:           D:\APP\AboutCode\Miniconda3\envs\yolo\lib\site-packages\torch\include\ATen/ops/_embedding_bag_dense_backward_ops.h
注意: 包含文件:          D:\APP\AboutCode\Miniconda3\envs\yolo\lib\site-packages\torch\include\ATen/ops/_embedding_bag_forward_only.h
注意: 包含文件:           D:\APP\AboutCode\Miniconda3\envs\yolo\lib\site-packages\torch\include\ATen/ops/_embedding_bag_forward_only_ops.h
注意: 包含文件:          D:\APP\AboutCode\Miniconda3\envs\yolo\lib\site-packages\torch\include\ATen/ops/_embedding_bag_per_sample_weights_backward.h
注意: 包含文件:           D:\APP\AboutCode\Miniconda3\envs\yolo\lib\site-packages\torch\include\ATen/ops/_embedding_bag_per_sample_weights_backward_ops.h
注意: 包含文件:          D:\APP\AboutCode\Miniconda3\envs\yolo\lib\site-packages\torch\include\ATen/ops/_embedding_bag_sparse_backward.h
注意: 包含文件:           D:\APP\AboutCode\Miniconda3\envs\yolo\lib\site-packages\torch\include\ATen/ops/_embedding_bag_sparse_backward_ops.h
注意: 包含文件:          D:\APP\AboutCode\Miniconda3\envs\yolo\lib\site-packages\torch\include\ATen/ops/_empty_affine_quantized.h
注意: 包含文件:           D:\APP\AboutCode\Miniconda3\envs\yolo\lib\site-packages\torch\include\ATen/ops/_empty_affine_quantized_ops.h
注意: 包含文件:          D:\APP\AboutCode\Miniconda3\envs\yolo\lib\site-packages\torch\include\ATen/ops/_empty_per_channel_affine_quantized.h
注意: 包含文件:           D:\APP\AboutCode\Miniconda3\envs\yolo\lib\site-packages\torch\include\ATen/ops/_empty_per_channel_affine_quantized_ops.h
注意: 包含文件:          D:\APP\AboutCode\Miniconda3\envs\yolo\lib\site-packages\torch\include\ATen/ops/_euclidean_dist.h
注意: 包含文件:           D:\APP\AboutCode\Miniconda3\envs\yolo\lib\site-packages\torch\include\ATen/ops/_euclidean_dist_ops.h
注意: 包含文件:          D:\APP\AboutCode\Miniconda3\envs\yolo\lib\site-packages\torch\include\ATen/ops/_fake_quantize_learnable_per_channel_affine.h
注意: 包含文件:           D:\APP\AboutCode\Miniconda3\envs\yolo\lib\site-packages\torch\include\ATen/ops/_fake_quantize_learnable_per_channel_affine_ops.h
注意: 包含文件:          D:\APP\AboutCode\Miniconda3\envs\yolo\lib\site-packages\torch\include\ATen/ops/_fake_quantize_learnable_per_channel_affine_backward.h
注意: 包含文件:           D:\APP\AboutCode\Miniconda3\envs\yolo\lib\site-packages\torch\include\ATen/ops/_fake_quantize_learnable_per_channel_affine_backward_ops.h
注意: 包含文件:          D:\APP\AboutCode\Miniconda3\envs\yolo\lib\site-packages\torch\include\ATen/ops/_fake_quantize_learnable_per_tensor_affine.h
注意: 包含文件:           D:\APP\AboutCode\Miniconda3\envs\yolo\lib\site-packages\torch\include\ATen/ops/_fake_quantize_learnable_per_tensor_affine_ops.h
注意: 包含文件:          D:\APP\AboutCode\Miniconda3\envs\yolo\lib\site-packages\torch\include\ATen/ops/_fake_quantize_learnable_per_tensor_affine_backward.h
注意: 包含文件:           D:\APP\AboutCode\Miniconda3\envs\yolo\lib\site-packages\torch\include\ATen/ops/_fake_quantize_learnable_per_tensor_affine_backward_ops.h
注意: 包含文件:          D:\APP\AboutCode\Miniconda3\envs\yolo\lib\site-packages\torch\include\ATen/ops/_fake_quantize_per_tensor_affine_cachemask_tensor_qparams.h
注意: 包含文件:           D:\APP\AboutCode\Miniconda3\envs\yolo\lib\site-packages\torch\include\ATen/ops/_fake_quantize_per_tensor_affine_cachemask_tensor_qparams_ops.h
注意: 包含文件:          D:\APP\AboutCode\Miniconda3\envs\yolo\lib\site-packages\torch\include\ATen/ops/_fft_c2c.h
注意: 包含文件:           D:\APP\AboutCode\Miniconda3\envs\yolo\lib\site-packages\torch\include\ATen/ops/_fft_c2c_ops.h
注意: 包含文件:          D:\APP\AboutCode\Miniconda3\envs\yolo\lib\site-packages\torch\include\ATen/ops/_fft_c2r.h
注意: 包含文件:           D:\APP\AboutCode\Miniconda3\envs\yolo\lib\site-packages\torch\include\ATen/ops/_fft_c2r_ops.h
注意: 包含文件:          D:\APP\AboutCode\Miniconda3\envs\yolo\lib\site-packages\torch\include\ATen/ops/_fft_r2c.h
注意: 包含文件:           D:\APP\AboutCode\Miniconda3\envs\yolo\lib\site-packages\torch\include\ATen/ops/_fft_r2c_ops.h
注意: 包含文件:          D:\APP\AboutCode\Miniconda3\envs\yolo\lib\site-packages\torch\include\ATen/ops/_fill_mem_eff_dropout_mask.h
注意: 包含文件:           D:\APP\AboutCode\Miniconda3\envs\yolo\lib\site-packages\torch\include\ATen/ops/_fill_mem_eff_dropout_mask_ops.h
注意: 包含文件:          D:\APP\AboutCode\Miniconda3\envs\yolo\lib\site-packages\torch\include\ATen/ops/_flash_attention_backward.h
注意: 包含文件:           D:\APP\AboutCode\Miniconda3\envs\yolo\lib\site-packages\torch\include\ATen/ops/_flash_attention_backward_ops.h
注意: 包含文件:          D:\APP\AboutCode\Miniconda3\envs\yolo\lib\site-packages\torch\include\ATen/ops/_flash_attention_forward.h
注意: 包含文件:           D:\APP\AboutCode\Miniconda3\envs\yolo\lib\site-packages\torch\include\ATen/ops/_flash_attention_forward_ops.h
注意: 包含文件:          D:\APP\AboutCode\Miniconda3\envs\yolo\lib\site-packages\torch\include\ATen/ops/_foobar.h
注意: 包含文件:           D:\APP\AboutCode\Miniconda3\envs\yolo\lib\site-packages\torch\include\ATen/ops/_foobar_ops.h
注意: 包含文件:          D:\APP\AboutCode\Miniconda3\envs\yolo\lib\site-packages\torch\include\ATen/ops/_foreach_abs.h
注意: 包含文件:           D:\APP\AboutCode\Miniconda3\envs\yolo\lib\site-packages\torch\include\ATen/ops/_foreach_abs_ops.h
注意: 包含文件:          D:\APP\AboutCode\Miniconda3\envs\yolo\lib\site-packages\torch\include\ATen/ops/_foreach_acos.h
注意: 包含文件:           D:\APP\AboutCode\Miniconda3\envs\yolo\lib\site-packages\torch\include\ATen/ops/_foreach_acos_ops.h
注意: 包含文件:          D:\APP\AboutCode\Miniconda3\envs\yolo\lib\site-packages\torch\include\ATen/ops/_foreach_add.h
注意: 包含文件:           D:\APP\AboutCode\Miniconda3\envs\yolo\lib\site-packages\torch\include\ATen/ops/_foreach_add_ops.h
注意: 包含文件:          D:\APP\AboutCode\Miniconda3\envs\yolo\lib\site-packages\torch\include\ATen/ops/_foreach_addcdiv.h
注意: 包含文件:           D:\APP\AboutCode\Miniconda3\envs\yolo\lib\site-packages\torch\include\ATen/ops/_foreach_addcdiv_ops.h
注意: 包含文件:          D:\APP\AboutCode\Miniconda3\envs\yolo\lib\site-packages\torch\include\ATen/ops/_foreach_addcmul.h
注意: 包含文件:           D:\APP\AboutCode\Miniconda3\envs\yolo\lib\site-packages\torch\include\ATen/ops/_foreach_addcmul_ops.h
注意: 包含文件:          D:\APP\AboutCode\Miniconda3\envs\yolo\lib\site-packages\torch\include\ATen/ops/_foreach_asin.h
注意: 包含文件:           D:\APP\AboutCode\Miniconda3\envs\yolo\lib\site-packages\torch\include\ATen/ops/_foreach_asin_ops.h
注意: 包含文件:          D:\APP\AboutCode\Miniconda3\envs\yolo\lib\site-packages\torch\include\ATen/ops/_foreach_atan.h
注意: 包含文件:           D:\APP\AboutCode\Miniconda3\envs\yolo\lib\site-packages\torch\include\ATen/ops/_foreach_atan_ops.h
注意: 包含文件:          D:\APP\AboutCode\Miniconda3\envs\yolo\lib\site-packages\torch\include\ATen/ops/_foreach_ceil.h
注意: 包含文件:           D:\APP\AboutCode\Miniconda3\envs\yolo\lib\site-packages\torch\include\ATen/ops/_foreach_ceil_ops.h
注意: 包含文件:          D:\APP\AboutCode\Miniconda3\envs\yolo\lib\site-packages\torch\include\ATen/ops/_foreach_clamp_max.h
注意: 包含文件:           D:\APP\AboutCode\Miniconda3\envs\yolo\lib\site-packages\torch\include\ATen/ops/_foreach_clamp_max_ops.h
注意: 包含文件:          D:\APP\AboutCode\Miniconda3\envs\yolo\lib\site-packages\torch\include\ATen/ops/_foreach_clamp_min.h
注意: 包含文件:           D:\APP\AboutCode\Miniconda3\envs\yolo\lib\site-packages\torch\include\ATen/ops/_foreach_clamp_min_ops.h
注意: 包含文件:          D:\APP\AboutCode\Miniconda3\envs\yolo\lib\site-packages\torch\include\ATen/ops/_foreach_copy.h
注意: 包含文件:           D:\APP\AboutCode\Miniconda3\envs\yolo\lib\site-packages\torch\include\ATen/ops/_foreach_copy_ops.h
注意: 包含文件:          D:\APP\AboutCode\Miniconda3\envs\yolo\lib\site-packages\torch\include\ATen/ops/_foreach_cos.h
注意: 包含文件:           D:\APP\AboutCode\Miniconda3\envs\yolo\lib\site-packages\torch\include\ATen/ops/_foreach_cos_ops.h
注意: 包含文件:          D:\APP\AboutCode\Miniconda3\envs\yolo\lib\site-packages\torch\include\ATen/ops/_foreach_cosh.h
注意: 包含文件:           D:\APP\AboutCode\Miniconda3\envs\yolo\lib\site-packages\torch\include\ATen/ops/_foreach_cosh_ops.h
注意: 包含文件:          D:\APP\AboutCode\Miniconda3\envs\yolo\lib\site-packages\torch\include\ATen/ops/_foreach_div.h
注意: 包含文件:           D:\APP\AboutCode\Miniconda3\envs\yolo\lib\site-packages\torch\include\ATen/ops/_foreach_div_ops.h
注意: 包含文件:          D:\APP\AboutCode\Miniconda3\envs\yolo\lib\site-packages\torch\include\ATen/ops/_foreach_erf.h
注意: 包含文件:           D:\APP\AboutCode\Miniconda3\envs\yolo\lib\site-packages\torch\include\ATen/ops/_foreach_erf_ops.h
注意: 包含文件:          D:\APP\AboutCode\Miniconda3\envs\yolo\lib\site-packages\torch\include\ATen/ops/_foreach_erfc.h
注意: 包含文件:           D:\APP\AboutCode\Miniconda3\envs\yolo\lib\site-packages\torch\include\ATen/ops/_foreach_erfc_ops.h
注意: 包含文件:          D:\APP\AboutCode\Miniconda3\envs\yolo\lib\site-packages\torch\include\ATen/ops/_foreach_exp.h
注意: 包含文件:           D:\APP\AboutCode\Miniconda3\envs\yolo\lib\site-packages\torch\include\ATen/ops/_foreach_exp_ops.h
注意: 包含文件:          D:\APP\AboutCode\Miniconda3\envs\yolo\lib\site-packages\torch\include\ATen/ops/_foreach_expm1.h
注意: 包含文件:           D:\APP\AboutCode\Miniconda3\envs\yolo\lib\site-packages\torch\include\ATen/ops/_foreach_expm1_ops.h
注意: 包含文件:          D:\APP\AboutCode\Miniconda3\envs\yolo\lib\site-packages\torch\include\ATen/ops/_foreach_floor.h
注意: 包含文件:           D:\APP\AboutCode\Miniconda3\envs\yolo\lib\site-packages\torch\include\ATen/ops/_foreach_floor_ops.h
注意: 包含文件:          D:\APP\AboutCode\Miniconda3\envs\yolo\lib\site-packages\torch\include\ATen/ops/_foreach_frac.h
注意: 包含文件:           D:\APP\AboutCode\Miniconda3\envs\yolo\lib\site-packages\torch\include\ATen/ops/_foreach_frac_ops.h
注意: 包含文件:          D:\APP\AboutCode\Miniconda3\envs\yolo\lib\site-packages\torch\include\ATen/ops/_foreach_lerp.h
注意: 包含文件:           D:\APP\AboutCode\Miniconda3\envs\yolo\lib\site-packages\torch\include\ATen/ops/_foreach_lerp_ops.h
注意: 包含文件:          D:\APP\AboutCode\Miniconda3\envs\yolo\lib\site-packages\torch\include\ATen/ops/_foreach_lgamma.h
注意: 包含文件:           D:\APP\AboutCode\Miniconda3\envs\yolo\lib\site-packages\torch\include\ATen/ops/_foreach_lgamma_ops.h
注意: 包含文件:          D:\APP\AboutCode\Miniconda3\envs\yolo\lib\site-packages\torch\include\ATen/ops/_foreach_log.h
注意: 包含文件:           D:\APP\AboutCode\Miniconda3\envs\yolo\lib\site-packages\torch\include\ATen/ops/_foreach_log_ops.h
注意: 包含文件:          D:\APP\AboutCode\Miniconda3\envs\yolo\lib\site-packages\torch\include\ATen/ops/_foreach_log10.h
注意: 包含文件:           D:\APP\AboutCode\Miniconda3\envs\yolo\lib\site-packages\torch\include\ATen/ops/_foreach_log10_ops.h
注意: 包含文件:          D:\APP\AboutCode\Miniconda3\envs\yolo\lib\site-packages\torch\include\ATen/ops/_foreach_log1p.h
注意: 包含文件:           D:\APP\AboutCode\Miniconda3\envs\yolo\lib\site-packages\torch\include\ATen/ops/_foreach_log1p_ops.h
注意: 包含文件:          D:\APP\AboutCode\Miniconda3\envs\yolo\lib\site-packages\torch\include\ATen/ops/_foreach_log2.h
注意: 包含文件:           D:\APP\AboutCode\Miniconda3\envs\yolo\lib\site-packages\torch\include\ATen/ops/_foreach_log2_ops.h
注意: 包含文件:          D:\APP\AboutCode\Miniconda3\envs\yolo\lib\site-packages\torch\include\ATen/ops/_foreach_maximum.h
注意: 包含文件:           D:\APP\AboutCode\Miniconda3\envs\yolo\lib\site-packages\torch\include\ATen/ops/_foreach_maximum_ops.h
注意: 包含文件:          D:\APP\AboutCode\Miniconda3\envs\yolo\lib\site-packages\torch\include\ATen/ops/_foreach_minimum.h
注意: 包含文件:           D:\APP\AboutCode\Miniconda3\envs\yolo\lib\site-packages\torch\include\ATen/ops/_foreach_minimum_ops.h
注意: 包含文件:          D:\APP\AboutCode\Miniconda3\envs\yolo\lib\site-packages\torch\include\ATen/ops/_foreach_mul.h
注意: 包含文件:           D:\APP\AboutCode\Miniconda3\envs\yolo\lib\site-packages\torch\include\ATen/ops/_foreach_mul_ops.h
注意: 包含文件:          D:\APP\AboutCode\Miniconda3\envs\yolo\lib\site-packages\torch\include\ATen/ops/_foreach_neg.h
注意: 包含文件:           D:\APP\AboutCode\Miniconda3\envs\yolo\lib\site-packages\torch\include\ATen/ops/_foreach_neg_ops.h
注意: 包含文件:          D:\APP\AboutCode\Miniconda3\envs\yolo\lib\site-packages\torch\include\ATen/ops/_foreach_norm.h
注意: 包含文件:           D:\APP\AboutCode\Miniconda3\envs\yolo\lib\site-packages\torch\include\ATen/ops/_foreach_norm_ops.h
注意: 包含文件:          D:\APP\AboutCode\Miniconda3\envs\yolo\lib\site-packages\torch\include\ATen/ops/_foreach_pow.h
注意: 包含文件:           D:\APP\AboutCode\Miniconda3\envs\yolo\lib\site-packages\torch\include\ATen/ops/_foreach_pow_ops.h
注意: 包含文件:          D:\APP\AboutCode\Miniconda3\envs\yolo\lib\site-packages\torch\include\ATen/ops/_foreach_reciprocal.h
注意: 包含文件:           D:\APP\AboutCode\Miniconda3\envs\yolo\lib\site-packages\torch\include\ATen/ops/_foreach_reciprocal_ops.h
注意: 包含文件:          D:\APP\AboutCode\Miniconda3\envs\yolo\lib\site-packages\torch\include\ATen/ops/_foreach_round.h
注意: 包含文件:           D:\APP\AboutCode\Miniconda3\envs\yolo\lib\site-packages\torch\include\ATen/ops/_foreach_round_ops.h
注意: 包含文件:          D:\APP\AboutCode\Miniconda3\envs\yolo\lib\site-packages\torch\include\ATen/ops/_foreach_sigmoid.h
注意: 包含文件:           D:\APP\AboutCode\Miniconda3\envs\yolo\lib\site-packages\torch\include\ATen/ops/_foreach_sigmoid_ops.h
注意: 包含文件:          D:\APP\AboutCode\Miniconda3\envs\yolo\lib\site-packages\torch\include\ATen/ops/_foreach_sign.h
注意: 包含文件:           D:\APP\AboutCode\Miniconda3\envs\yolo\lib\site-packages\torch\include\ATen/ops/_foreach_sign_ops.h
注意: 包含文件:          D:\APP\AboutCode\Miniconda3\envs\yolo\lib\site-packages\torch\include\ATen/ops/_foreach_sin.h
注意: 包含文件:           D:\APP\AboutCode\Miniconda3\envs\yolo\lib\site-packages\torch\include\ATen/ops/_foreach_sin_ops.h
注意: 包含文件:          D:\APP\AboutCode\Miniconda3\envs\yolo\lib\site-packages\torch\include\ATen/ops/_foreach_sinh.h
注意: 包含文件:           D:\APP\AboutCode\Miniconda3\envs\yolo\lib\site-packages\torch\include\ATen/ops/_foreach_sinh_ops.h
注意: 包含文件:          D:\APP\AboutCode\Miniconda3\envs\yolo\lib\site-packages\torch\include\ATen/ops/_foreach_sqrt.h
注意: 包含文件:           D:\APP\AboutCode\Miniconda3\envs\yolo\lib\site-packages\torch\include\ATen/ops/_foreach_sqrt_ops.h
注意: 包含文件:          D:\APP\AboutCode\Miniconda3\envs\yolo\lib\site-packages\torch\include\ATen/ops/_foreach_sub.h
注意: 包含文件:           D:\APP\AboutCode\Miniconda3\envs\yolo\lib\site-packages\torch\include\ATen/ops/_foreach_sub_ops.h
注意: 包含文件:          D:\APP\AboutCode\Miniconda3\envs\yolo\lib\site-packages\torch\include\ATen/ops/_foreach_tan.h
注意: 包含文件:           D:\APP\AboutCode\Miniconda3\envs\yolo\lib\site-packages\torch\include\ATen/ops/_foreach_tan_ops.h
注意: 包含文件:          D:\APP\AboutCode\Miniconda3\envs\yolo\lib\site-packages\torch\include\ATen/ops/_foreach_tanh.h
注意: 包含文件:           D:\APP\AboutCode\Miniconda3\envs\yolo\lib\site-packages\torch\include\ATen/ops/_foreach_tanh_ops.h
注意: 包含文件:          D:\APP\AboutCode\Miniconda3\envs\yolo\lib\site-packages\torch\include\ATen/ops/_foreach_trunc.h
注意: 包含文件:           D:\APP\AboutCode\Miniconda3\envs\yolo\lib\site-packages\torch\include\ATen/ops/_foreach_trunc_ops.h
注意: 包含文件:          D:\APP\AboutCode\Miniconda3\envs\yolo\lib\site-packages\torch\include\ATen/ops/_foreach_zero.h
注意: 包含文件:           D:\APP\AboutCode\Miniconda3\envs\yolo\lib\site-packages\torch\include\ATen/ops/_foreach_zero_ops.h
注意: 包含文件:          D:\APP\AboutCode\Miniconda3\envs\yolo\lib\site-packages\torch\include\ATen/ops/_functional_assert_async.h
注意: 包含文件:           D:\APP\AboutCode\Miniconda3\envs\yolo\lib\site-packages\torch\include\ATen/ops/_functional_assert_async_ops.h
注意: 包含文件:          D:\APP\AboutCode\Miniconda3\envs\yolo\lib\site-packages\torch\include\ATen/ops/_functional_sym_constrain_range.h
注意: 包含文件:           D:\APP\AboutCode\Miniconda3\envs\yolo\lib\site-packages\torch\include\ATen/ops/_functional_sym_constrain_range_ops.h
注意: 包含文件:          D:\APP\AboutCode\Miniconda3\envs\yolo\lib\site-packages\torch\include\ATen/ops/_functional_sym_constrain_range_for_size.h
注意: 包含文件:           D:\APP\AboutCode\Miniconda3\envs\yolo\lib\site-packages\torch\include\ATen/ops/_functional_sym_constrain_range_for_size_ops.h
注意: 包含文件:          D:\APP\AboutCode\Miniconda3\envs\yolo\lib\site-packages\torch\include\ATen/ops/_fused_adam.h
注意: 包含文件:           D:\APP\AboutCode\Miniconda3\envs\yolo\lib\site-packages\torch\include\ATen/ops/_fused_adam_ops.h
注意: 包含文件:          D:\APP\AboutCode\Miniconda3\envs\yolo\lib\site-packages\torch\include\ATen/ops/_fused_adamw.h
注意: 包含文件:           D:\APP\AboutCode\Miniconda3\envs\yolo\lib\site-packages\torch\include\ATen/ops/_fused_adamw_ops.h
注意: 包含文件:          D:\APP\AboutCode\Miniconda3\envs\yolo\lib\site-packages\torch\include\ATen/ops/_fused_dropout.h
注意: 包含文件:           D:\APP\AboutCode\Miniconda3\envs\yolo\lib\site-packages\torch\include\ATen/ops/_fused_dropout_ops.h
注意: 包含文件:          D:\APP\AboutCode\Miniconda3\envs\yolo\lib\site-packages\torch\include\ATen/ops/_fused_moving_avg_obs_fq_helper.h
注意: 包含文件:           D:\APP\AboutCode\Miniconda3\envs\yolo\lib\site-packages\torch\include\ATen/ops/_fused_moving_avg_obs_fq_helper_ops.h
注意: 包含文件:          D:\APP\AboutCode\Miniconda3\envs\yolo\lib\site-packages\torch\include\ATen/ops/_fused_sdp_choice.h
注意: 包含文件:           D:\APP\AboutCode\Miniconda3\envs\yolo\lib\site-packages\torch\include\ATen/ops/_fused_sdp_choice_ops.h
注意: 包含文件:          D:\APP\AboutCode\Miniconda3\envs\yolo\lib\site-packages\torch\include\ATen/ops/_fw_primal.h
注意: 包含文件:          D:\APP\AboutCode\Miniconda3\envs\yolo\lib\site-packages\torch\include\ATen/ops/_fw_primal_copy.h
注意: 包含文件:           D:\APP\AboutCode\Miniconda3\envs\yolo\lib\site-packages\torch\include\ATen/ops/_fw_primal_copy_ops.h
注意: 包含文件:          D:\APP\AboutCode\Miniconda3\envs\yolo\lib\site-packages\torch\include\ATen/ops/_gather_sparse_backward.h
注意: 包含文件:           D:\APP\AboutCode\Miniconda3\envs\yolo\lib\site-packages\torch\include\ATen/ops/_gather_sparse_backward_ops.h
注意: 包含文件:          D:\APP\AboutCode\Miniconda3\envs\yolo\lib\site-packages\torch\include\ATen/ops/_grid_sampler_2d_cpu_fallback.h
注意: 包含文件:           D:\APP\AboutCode\Miniconda3\envs\yolo\lib\site-packages\torch\include\ATen/ops/_grid_sampler_2d_cpu_fallback_ops.h
注意: 包含文件:          D:\APP\AboutCode\Miniconda3\envs\yolo\lib\site-packages\torch\include\ATen/ops/_grid_sampler_2d_cpu_fallback_backward.h
注意: 包含文件:           D:\APP\AboutCode\Miniconda3\envs\yolo\lib\site-packages\torch\include\ATen/ops/_grid_sampler_2d_cpu_fallback_backward_ops.h
注意: 包含文件:          D:\APP\AboutCode\Miniconda3\envs\yolo\lib\site-packages\torch\include\ATen/ops/_has_compatible_shallow_copy_type.h
注意: 包含文件:           D:\APP\AboutCode\Miniconda3\envs\yolo\lib\site-packages\torch\include\ATen/ops/_has_compatible_shallow_copy_type_ops.h
注意: 包含文件:          D:\APP\AboutCode\Miniconda3\envs\yolo\lib\site-packages\torch\include\ATen/ops/_has_same_storage_numel.h
注意: 包含文件:           D:\APP\AboutCode\Miniconda3\envs\yolo\lib\site-packages\torch\include\ATen/ops/_has_same_storage_numel_ops.h
注意: 包含文件:          D:\APP\AboutCode\Miniconda3\envs\yolo\lib\site-packages\torch\include\ATen/ops/_histogramdd_bin_edges.h
注意: 包含文件:           D:\APP\AboutCode\Miniconda3\envs\yolo\lib\site-packages\torch\include\ATen/ops/_histogramdd_bin_edges_ops.h
注意: 包含文件:          D:\APP\AboutCode\Miniconda3\envs\yolo\lib\site-packages\torch\include\ATen/ops/_histogramdd_from_bin_cts.h
注意: 包含文件:           D:\APP\AboutCode\Miniconda3\envs\yolo\lib\site-packages\torch\include\ATen/ops/_histogramdd_from_bin_cts_ops.h
注意: 包含文件:          D:\APP\AboutCode\Miniconda3\envs\yolo\lib\site-packages\torch\include\ATen/ops/_histogramdd_from_bin_tensors.h
注意: 包含文件:           D:\APP\AboutCode\Miniconda3\envs\yolo\lib\site-packages\torch\include\ATen/ops/_histogramdd_from_bin_tensors_ops.h
注意: 包含文件:          D:\APP\AboutCode\Miniconda3\envs\yolo\lib\site-packages\torch\include\ATen/ops/_index_put_impl.h
注意: 包含文件:           D:\APP\AboutCode\Miniconda3\envs\yolo\lib\site-packages\torch\include\ATen/ops/_index_put_impl_ops.h
注意: 包含文件:          D:\APP\AboutCode\Miniconda3\envs\yolo\lib\site-packages\torch\include\ATen/ops/_indices.h
注意: 包含文件:          D:\APP\AboutCode\Miniconda3\envs\yolo\lib\site-packages\torch\include\ATen/ops/_indices_copy.h
注意: 包含文件:           D:\APP\AboutCode\Miniconda3\envs\yolo\lib\site-packages\torch\include\ATen/ops/_indices_copy_ops.h
注意: 包含文件:          D:\APP\AboutCode\Miniconda3\envs\yolo\lib\site-packages\torch\include\ATen/ops/_int_mm.h
注意: 包含文件:           D:\APP\AboutCode\Miniconda3\envs\yolo\lib\site-packages\torch\include\ATen/ops/_int_mm_ops.h
注意: 包含文件:          D:\APP\AboutCode\Miniconda3\envs\yolo\lib\site-packages\torch\include\ATen/ops/_is_all_true.h
注意: 包含文件:          D:\APP\AboutCode\Miniconda3\envs\yolo\lib\site-packages\torch\include\ATen/ops/_is_any_true.h
注意: 包含文件:          D:\APP\AboutCode\Miniconda3\envs\yolo\lib\site-packages\torch\include\ATen/ops/_is_zerotensor.h
注意: 包含文件:          D:\APP\AboutCode\Miniconda3\envs\yolo\lib\site-packages\torch\include\ATen/ops/_linalg_check_errors.h
注意: 包含文件:           D:\APP\AboutCode\Miniconda3\envs\yolo\lib\site-packages\torch\include\ATen/ops/_linalg_check_errors_ops.h
注意: 包含文件:          D:\APP\AboutCode\Miniconda3\envs\yolo\lib\site-packages\torch\include\ATen/ops/_linalg_det.h
注意: 包含文件:           D:\APP\AboutCode\Miniconda3\envs\yolo\lib\site-packages\torch\include\ATen/ops/_linalg_det_ops.h
注意: 包含文件:          D:\APP\AboutCode\Miniconda3\envs\yolo\lib\site-packages\torch\include\ATen/ops/_linalg_eigh.h
注意: 包含文件:           D:\APP\AboutCode\Miniconda3\envs\yolo\lib\site-packages\torch\include\ATen/ops/_linalg_eigh_ops.h
注意: 包含文件:          D:\APP\AboutCode\Miniconda3\envs\yolo\lib\site-packages\torch\include\ATen/ops/_linalg_slogdet.h
注意: 包含文件:           D:\APP\AboutCode\Miniconda3\envs\yolo\lib\site-packages\torch\include\ATen/ops/_linalg_slogdet_ops.h
注意: 包含文件:          D:\APP\AboutCode\Miniconda3\envs\yolo\lib\site-packages\torch\include\ATen/ops/_linalg_solve_ex.h
注意: 包含文件:           D:\APP\AboutCode\Miniconda3\envs\yolo\lib\site-packages\torch\include\ATen/ops/_linalg_solve_ex_ops.h
注意: 包含文件:          D:\APP\AboutCode\Miniconda3\envs\yolo\lib\site-packages\torch\include\ATen/ops/_linalg_svd.h
注意: 包含文件:           D:\APP\AboutCode\Miniconda3\envs\yolo\lib\site-packages\torch\include\ATen/ops/_linalg_svd_ops.h
注意: 包含文件:          D:\APP\AboutCode\Miniconda3\envs\yolo\lib\site-packages\torch\include\ATen/ops/_local_scalar_dense.h
注意: 包含文件:           D:\APP\AboutCode\Miniconda3\envs\yolo\lib\site-packages\torch\include\ATen/ops/_local_scalar_dense_ops.h
注意: 包含文件:          D:\APP\AboutCode\Miniconda3\envs\yolo\lib\site-packages\torch\include\ATen/ops/_log_softmax.h
注意: 包含文件:           D:\APP\AboutCode\Miniconda3\envs\yolo\lib\site-packages\torch\include\ATen/ops/_log_softmax_ops.h
注意: 包含文件:          D:\APP\AboutCode\Miniconda3\envs\yolo\lib\site-packages\torch\include\ATen/ops/_log_softmax_backward_data.h
注意: 包含文件:           D:\APP\AboutCode\Miniconda3\envs\yolo\lib\site-packages\torch\include\ATen/ops/_log_softmax_backward_data_ops.h
注意: 包含文件:          D:\APP\AboutCode\Miniconda3\envs\yolo\lib\site-packages\torch\include\ATen/ops/_logcumsumexp.h
注意: 包含文件:           D:\APP\AboutCode\Miniconda3\envs\yolo\lib\site-packages\torch\include\ATen/ops/_logcumsumexp_ops.h
注意: 包含文件:          D:\APP\AboutCode\Miniconda3\envs\yolo\lib\site-packages\torch\include\ATen/ops/_lstm_mps.h
注意: 包含文件:           D:\APP\AboutCode\Miniconda3\envs\yolo\lib\site-packages\torch\include\ATen/ops/_lstm_mps_ops.h
注意: 包含文件:          D:\APP\AboutCode\Miniconda3\envs\yolo\lib\site-packages\torch\include\ATen/ops/_lu_with_info.h
注意: 包含文件:           D:\APP\AboutCode\Miniconda3\envs\yolo\lib\site-packages\torch\include\ATen/ops/_lu_with_info_ops.h
注意: 包含文件:          D:\APP\AboutCode\Miniconda3\envs\yolo\lib\site-packages\torch\include\ATen/ops/_make_dep_token.h
注意: 包含文件:           D:\APP\AboutCode\Miniconda3\envs\yolo\lib\site-packages\torch\include\ATen/ops/_make_dep_token_ops.h
注意: 包含文件:          D:\APP\AboutCode\Miniconda3\envs\yolo\lib\site-packages\torch\include\ATen/ops/_make_dual.h
注意: 包含文件:           D:\APP\AboutCode\Miniconda3\envs\yolo\lib\site-packages\torch\include\ATen/ops/_make_dual_ops.h
注意: 包含文件:          D:\APP\AboutCode\Miniconda3\envs\yolo\lib\site-packages\torch\include\ATen/ops/_make_dual_copy.h
注意: 包含文件:           D:\APP\AboutCode\Miniconda3\envs\yolo\lib\site-packages\torch\include\ATen/ops/_make_dual_copy_ops.h
注意: 包含文件:          D:\APP\AboutCode\Miniconda3\envs\yolo\lib\site-packages\torch\include\ATen/ops/_make_per_channel_quantized_tensor.h
注意: 包含文件:           D:\APP\AboutCode\Miniconda3\envs\yolo\lib\site-packages\torch\include\ATen/ops/_make_per_channel_quantized_tensor_ops.h
注意: 包含文件:          D:\APP\AboutCode\Miniconda3\envs\yolo\lib\site-packages\torch\include\ATen/ops/_make_per_tensor_quantized_tensor.h
注意: 包含文件:           D:\APP\AboutCode\Miniconda3\envs\yolo\lib\site-packages\torch\include\ATen/ops/_make_per_tensor_quantized_tensor_ops.h
注意: 包含文件:          D:\APP\AboutCode\Miniconda3\envs\yolo\lib\site-packages\torch\include\ATen/ops/_masked_scale.h
注意: 包含文件:           D:\APP\AboutCode\Miniconda3\envs\yolo\lib\site-packages\torch\include\ATen/ops/_masked_scale_ops.h
注意: 包含文件:          D:\APP\AboutCode\Miniconda3\envs\yolo\lib\site-packages\torch\include\ATen/ops/_masked_softmax.h
注意: 包含文件:           D:\APP\AboutCode\Miniconda3\envs\yolo\lib\site-packages\torch\include\ATen/ops/_masked_softmax_ops.h
注意: 包含文件:          D:\APP\AboutCode\Miniconda3\envs\yolo\lib\site-packages\torch\include\ATen/ops/_masked_softmax_backward.h
注意: 包含文件:           D:\APP\AboutCode\Miniconda3\envs\yolo\lib\site-packages\torch\include\ATen/ops/_masked_softmax_backward_ops.h
注意: 包含文件:          D:\APP\AboutCode\Miniconda3\envs\yolo\lib\site-packages\torch\include\ATen/ops/_mixed_dtypes_linear.h
注意: 包含文件:           D:\APP\AboutCode\Miniconda3\envs\yolo\lib\site-packages\torch\include\ATen/ops/_mixed_dtypes_linear_ops.h
注意: 包含文件:          D:\APP\AboutCode\Miniconda3\envs\yolo\lib\site-packages\torch\include\ATen/ops/_mkldnn_reshape.h
注意: 包含文件:           D:\APP\AboutCode\Miniconda3\envs\yolo\lib\site-packages\torch\include\ATen/ops/_mkldnn_reshape_ops.h
注意: 包含文件:          D:\APP\AboutCode\Miniconda3\envs\yolo\lib\site-packages\torch\include\ATen/ops/_mkldnn_transpose.h
注意: 包含文件:           D:\APP\AboutCode\Miniconda3\envs\yolo\lib\site-packages\torch\include\ATen/ops/_mkldnn_transpose_ops.h
注意: 包含文件:          D:\APP\AboutCode\Miniconda3\envs\yolo\lib\site-packages\torch\include\ATen/ops/_mps_convolution.h
注意: 包含文件:           D:\APP\AboutCode\Miniconda3\envs\yolo\lib\site-packages\torch\include\ATen/ops/_mps_convolution_ops.h
注意: 包含文件:          D:\APP\AboutCode\Miniconda3\envs\yolo\lib\site-packages\torch\include\ATen/ops/_mps_convolution_transpose.h
注意: 包含文件:           D:\APP\AboutCode\Miniconda3\envs\yolo\lib\site-packages\torch\include\ATen/ops/_mps_convolution_transpose_ops.h
注意: 包含文件:          D:\APP\AboutCode\Miniconda3\envs\yolo\lib\site-packages\torch\include\ATen/ops/_native_batch_norm_legit.h
注意: 包含文件:           D:\APP\AboutCode\Miniconda3\envs\yolo\lib\site-packages\torch\include\ATen/ops/_native_batch_norm_legit_ops.h
注意: 包含文件:          D:\APP\AboutCode\Miniconda3\envs\yolo\lib\site-packages\torch\include\ATen/ops/_native_batch_norm_legit_no_training.h
注意: 包含文件:           D:\APP\AboutCode\Miniconda3\envs\yolo\lib\site-packages\torch\include\ATen/ops/_native_batch_norm_legit_no_training_ops.h
注意: 包含文件:          D:\APP\AboutCode\Miniconda3\envs\yolo\lib\site-packages\torch\include\ATen/ops/_native_multi_head_attention.h
注意: 包含文件:           D:\APP\AboutCode\Miniconda3\envs\yolo\lib\site-packages\torch\include\ATen/ops/_native_multi_head_attention_ops.h
注意: 包含文件:          D:\APP\AboutCode\Miniconda3\envs\yolo\lib\site-packages\torch\include\ATen/ops/_neg_view.h
注意: 包含文件:          D:\APP\AboutCode\Miniconda3\envs\yolo\lib\site-packages\torch\include\ATen/ops/_neg_view_copy.h
注意: 包含文件:           D:\APP\AboutCode\Miniconda3\envs\yolo\lib\site-packages\torch\include\ATen/ops/_neg_view_copy_ops.h
注意: 包含文件:          D:\APP\AboutCode\Miniconda3\envs\yolo\lib\site-packages\torch\include\ATen/ops/_nested_from_padded.h
注意: 包含文件:           D:\APP\AboutCode\Miniconda3\envs\yolo\lib\site-packages\torch\include\ATen/ops/_nested_from_padded_ops.h
注意: 包含文件:          D:\APP\AboutCode\Miniconda3\envs\yolo\lib\site-packages\torch\include\ATen/ops/_nested_from_padded_and_nested_example.h
注意: 包含文件:           D:\APP\AboutCode\Miniconda3\envs\yolo\lib\site-packages\torch\include\ATen/ops/_nested_from_padded_and_nested_example_ops.h
注意: 包含文件:          D:\APP\AboutCode\Miniconda3\envs\yolo\lib\site-packages\torch\include\ATen/ops/_nested_select_backward.h
注意: 包含文件:           D:\APP\AboutCode\Miniconda3\envs\yolo\lib\site-packages\torch\include\ATen/ops/_nested_select_backward_ops.h
注意: 包含文件:          D:\APP\AboutCode\Miniconda3\envs\yolo\lib\site-packages\torch\include\ATen/ops/_nested_sum_backward.h
注意: 包含文件:           D:\APP\AboutCode\Miniconda3\envs\yolo\lib\site-packages\torch\include\ATen/ops/_nested_sum_backward_ops.h
注意: 包含文件:          D:\APP\AboutCode\Miniconda3\envs\yolo\lib\site-packages\torch\include\ATen/ops/_nested_tensor_from_mask.h
注意: 包含文件:           D:\APP\AboutCode\Miniconda3\envs\yolo\lib\site-packages\torch\include\ATen/ops/_nested_tensor_from_mask_ops.h
注意: 包含文件:          D:\APP\AboutCode\Miniconda3\envs\yolo\lib\site-packages\torch\include\ATen/ops/_nested_tensor_from_mask_left_aligned.h
注意: 包含文件:           D:\APP\AboutCode\Miniconda3\envs\yolo\lib\site-packages\torch\include\ATen/ops/_nested_tensor_from_mask_left_aligned_ops.h
注意: 包含文件:          D:\APP\AboutCode\Miniconda3\envs\yolo\lib\site-packages\torch\include\ATen/ops/_nested_tensor_from_tensor_list.h
注意: 包含文件:           D:\APP\AboutCode\Miniconda3\envs\yolo\lib\site-packages\torch\include\ATen/ops/_nested_tensor_from_tensor_list_ops.h
注意: 包含文件:          D:\APP\AboutCode\Miniconda3\envs\yolo\lib\site-packages\torch\include\ATen/ops/_nested_tensor_size.h
注意: 包含文件:          D:\APP\AboutCode\Miniconda3\envs\yolo\lib\site-packages\torch\include\ATen/ops/_nested_tensor_softmax_with_shape.h
注意: 包含文件:           D:\APP\AboutCode\Miniconda3\envs\yolo\lib\site-packages\torch\include\ATen/ops/_nested_tensor_softmax_with_shape_ops.h
注意: 包含文件:          D:\APP\AboutCode\Miniconda3\envs\yolo\lib\site-packages\torch\include\ATen/ops/_nested_tensor_storage_offsets.h
注意: 包含文件:          D:\APP\AboutCode\Miniconda3\envs\yolo\lib\site-packages\torch\include\ATen/ops/_nested_tensor_strides.h
注意: 包含文件:          D:\APP\AboutCode\Miniconda3\envs\yolo\lib\site-packages\torch\include\ATen/ops/_nested_view_from_buffer.h
注意: 包含文件:           D:\APP\AboutCode\Miniconda3\envs\yolo\lib\site-packages\torch\include\ATen/ops/_nested_view_from_buffer_ops.h
注意: 包含文件:          D:\APP\AboutCode\Miniconda3\envs\yolo\lib\site-packages\torch\include\ATen/ops/_nested_view_from_buffer_copy.h
注意: 包含文件:           D:\APP\AboutCode\Miniconda3\envs\yolo\lib\site-packages\torch\include\ATen/ops/_nested_view_from_buffer_copy_ops.h
注意: 包含文件:          D:\APP\AboutCode\Miniconda3\envs\yolo\lib\site-packages\torch\include\ATen/ops/_new_zeros_with_same_feature_meta.h
注意: 包含文件:           D:\APP\AboutCode\Miniconda3\envs\yolo\lib\site-packages\torch\include\ATen/ops/_new_zeros_with_same_feature_meta_ops.h
注意: 包含文件:          D:\APP\AboutCode\Miniconda3\envs\yolo\lib\site-packages\torch\include\ATen/ops/_nnpack_available.h
注意: 包含文件:           D:\APP\AboutCode\Miniconda3\envs\yolo\lib\site-packages\torch\include\ATen/ops/_nnpack_available_ops.h
注意: 包含文件:          D:\APP\AboutCode\Miniconda3\envs\yolo\lib\site-packages\torch\include\ATen/ops/_nnpack_spatial_convolution.h
注意: 包含文件:           D:\APP\AboutCode\Miniconda3\envs\yolo\lib\site-packages\torch\include\ATen/ops/_nnpack_spatial_convolution_ops.h
注意: 包含文件:          D:\APP\AboutCode\Miniconda3\envs\yolo\lib\site-packages\torch\include\ATen/ops/_nnz.h
注意: 包含文件:          D:\APP\AboutCode\Miniconda3\envs\yolo\lib\site-packages\torch\include\ATen/ops/_pack_padded_sequence.h
注意: 包含文件:           D:\APP\AboutCode\Miniconda3\envs\yolo\lib\site-packages\torch\include\ATen/ops/_pack_padded_sequence_ops.h
注意: 包含文件:          D:\APP\AboutCode\Miniconda3\envs\yolo\lib\site-packages\torch\include\ATen/ops/_pack_padded_sequence_backward.h
注意: 包含文件:           D:\APP\AboutCode\Miniconda3\envs\yolo\lib\site-packages\torch\include\ATen/ops/_pack_padded_sequence_backward_ops.h
注意: 包含文件:          D:\APP\AboutCode\Miniconda3\envs\yolo\lib\site-packages\torch\include\ATen/ops/_pad_circular.h
注意: 包含文件:           D:\APP\AboutCode\Miniconda3\envs\yolo\lib\site-packages\torch\include\ATen/ops/_pad_circular_ops.h
注意: 包含文件:          D:\APP\AboutCode\Miniconda3\envs\yolo\lib\site-packages\torch\include\ATen/ops/_pad_enum.h
注意: 包含文件:           D:\APP\AboutCode\Miniconda3\envs\yolo\lib\site-packages\torch\include\ATen/ops/_pad_enum_ops.h
注意: 包含文件:          D:\APP\AboutCode\Miniconda3\envs\yolo\lib\site-packages\torch\include\ATen/ops/_pad_packed_sequence.h
注意: 包含文件:           D:\APP\AboutCode\Miniconda3\envs\yolo\lib\site-packages\torch\include\ATen/ops/_pad_packed_sequence_ops.h
注意: 包含文件:          D:\APP\AboutCode\Miniconda3\envs\yolo\lib\site-packages\torch\include\ATen/ops/_pdist_backward.h
注意: 包含文件:           D:\APP\AboutCode\Miniconda3\envs\yolo\lib\site-packages\torch\include\ATen/ops/_pdist_backward_ops.h
注意: 包含文件:          D:\APP\AboutCode\Miniconda3\envs\yolo\lib\site-packages\torch\include\ATen/ops/_pdist_forward.h
注意: 包含文件:           D:\APP\AboutCode\Miniconda3\envs\yolo\lib\site-packages\torch\include\ATen/ops/_pdist_forward_ops.h
注意: 包含文件:          D:\APP\AboutCode\Miniconda3\envs\yolo\lib\site-packages\torch\include\ATen/ops/_pin_memory.h
注意: 包含文件:           D:\APP\AboutCode\Miniconda3\envs\yolo\lib\site-packages\torch\include\ATen/ops/_pin_memory_ops.h
注意: 包含文件:          D:\APP\AboutCode\Miniconda3\envs\yolo\lib\site-packages\torch\include\ATen/ops/_prelu_kernel.h
注意: 包含文件:           D:\APP\AboutCode\Miniconda3\envs\yolo\lib\site-packages\torch\include\ATen/ops/_prelu_kernel_ops.h
注意: 包含文件:          D:\APP\AboutCode\Miniconda3\envs\yolo\lib\site-packages\torch\include\ATen/ops/_prelu_kernel_backward.h
注意: 包含文件:           D:\APP\AboutCode\Miniconda3\envs\yolo\lib\site-packages\torch\include\ATen/ops/_prelu_kernel_backward_ops.h
注意: 包含文件:          D:\APP\AboutCode\Miniconda3\envs\yolo\lib\site-packages\torch\include\ATen/ops/_propagate_xla_data.h
注意: 包含文件:           D:\APP\AboutCode\Miniconda3\envs\yolo\lib\site-packages\torch\include\ATen/ops/_propagate_xla_data_ops.h
注意: 包含文件:          D:\APP\AboutCode\Miniconda3\envs\yolo\lib\site-packages\torch\include\ATen/ops/_remove_batch_dim.h
注意: 包含文件:           D:\APP\AboutCode\Miniconda3\envs\yolo\lib\site-packages\torch\include\ATen/ops/_remove_batch_dim_ops.h
注意: 包含文件:          D:\APP\AboutCode\Miniconda3\envs\yolo\lib\site-packages\torch\include\ATen/ops/_reshape_alias.h
注意: 包含文件:          D:\APP\AboutCode\Miniconda3\envs\yolo\lib\site-packages\torch\include\ATen/ops/_reshape_alias_copy.h
注意: 包含文件:           D:\APP\AboutCode\Miniconda3\envs\yolo\lib\site-packages\torch\include\ATen/ops/_reshape_alias_copy_ops.h
注意: 包含文件:          D:\APP\AboutCode\Miniconda3\envs\yolo\lib\site-packages\torch\include\ATen/ops/_reshape_copy.h
注意: 包含文件:           D:\APP\AboutCode\Miniconda3\envs\yolo\lib\site-packages\torch\include\ATen/ops/_reshape_copy_ops.h
注意: 包含文件:          D:\APP\AboutCode\Miniconda3\envs\yolo\lib\site-packages\torch\include\ATen/ops/_reshape_from_tensor.h
注意: 包含文件:           D:\APP\AboutCode\Miniconda3\envs\yolo\lib\site-packages\torch\include\ATen/ops/_reshape_from_tensor_ops.h
注意: 包含文件:          D:\APP\AboutCode\Miniconda3\envs\yolo\lib\site-packages\torch\include\ATen/ops/_resize_output.h
注意: 包含文件:           D:\APP\AboutCode\Miniconda3\envs\yolo\lib\site-packages\torch\include\ATen/ops/_resize_output_ops.h
注意: 包含文件:          D:\APP\AboutCode\Miniconda3\envs\yolo\lib\site-packages\torch\include\ATen/ops/_rowwise_prune.h
注意: 包含文件:           D:\APP\AboutCode\Miniconda3\envs\yolo\lib\site-packages\torch\include\ATen/ops/_rowwise_prune_ops.h
注意: 包含文件:          D:\APP\AboutCode\Miniconda3\envs\yolo\lib\site-packages\torch\include\ATen/ops/_sample_dirichlet.h
注意: 包含文件:           D:\APP\AboutCode\Miniconda3\envs\yolo\lib\site-packages\torch\include\ATen/ops/_sample_dirichlet_ops.h
注意: 包含文件:          D:\APP\AboutCode\Miniconda3\envs\yolo\lib\site-packages\torch\include\ATen/ops/_saturate_weight_to_fp16.h
注意: 包含文件:           D:\APP\AboutCode\Miniconda3\envs\yolo\lib\site-packages\torch\include\ATen/ops/_saturate_weight_to_fp16_ops.h
注意: 包含文件:          D:\APP\AboutCode\Miniconda3\envs\yolo\lib\site-packages\torch\include\ATen/ops/_scaled_dot_product_attention_math.h
注意: 包含文件:           D:\APP\AboutCode\Miniconda3\envs\yolo\lib\site-packages\torch\include\ATen/ops/_scaled_dot_product_attention_math_ops.h
注意: 包含文件:          D:\APP\AboutCode\Miniconda3\envs\yolo\lib\site-packages\torch\include\ATen/ops/_scaled_dot_product_efficient_attention.h
注意: 包含文件:           D:\APP\AboutCode\Miniconda3\envs\yolo\lib\site-packages\torch\include\ATen/ops/_scaled_dot_product_efficient_attention_ops.h
注意: 包含文件:          D:\APP\AboutCode\Miniconda3\envs\yolo\lib\site-packages\torch\include\ATen/ops/_scaled_dot_product_efficient_attention_backward.h
注意: 包含文件:           D:\APP\AboutCode\Miniconda3\envs\yolo\lib\site-packages\torch\include\ATen/ops/_scaled_dot_product_efficient_attention_backward_ops.h
注意: 包含文件:          D:\APP\AboutCode\Miniconda3\envs\yolo\lib\site-packages\torch\include\ATen/ops/_scaled_dot_product_flash_attention.h
注意: 包含文件:           D:\APP\AboutCode\Miniconda3\envs\yolo\lib\site-packages\torch\include\ATen/ops/_scaled_dot_product_flash_attention_ops.h
注意: 包含文件:          D:\APP\AboutCode\Miniconda3\envs\yolo\lib\site-packages\torch\include\ATen/ops/_scaled_dot_product_flash_attention_backward.h
注意: 包含文件:           D:\APP\AboutCode\Miniconda3\envs\yolo\lib\site-packages\torch\include\ATen/ops/_scaled_dot_product_flash_attention_backward_ops.h
注意: 包含文件:          D:\APP\AboutCode\Miniconda3\envs\yolo\lib\site-packages\torch\include\ATen/ops/_scaled_mm.h
注意: 包含文件:           D:\APP\AboutCode\Miniconda3\envs\yolo\lib\site-packages\torch\include\ATen/ops/_scaled_mm_ops.h
注意: 包含文件:          D:\APP\AboutCode\Miniconda3\envs\yolo\lib\site-packages\torch\include\ATen/ops/_segment_reduce_backward.h
注意: 包含文件:           D:\APP\AboutCode\Miniconda3\envs\yolo\lib\site-packages\torch\include\ATen/ops/_segment_reduce_backward_ops.h
注意: 包含文件:          D:\APP\AboutCode\Miniconda3\envs\yolo\lib\site-packages\torch\include\ATen/ops/_shape_as_tensor.h
注意: 包含文件:           D:\APP\AboutCode\Miniconda3\envs\yolo\lib\site-packages\torch\include\ATen/ops/_shape_as_tensor_ops.h
注意: 包含文件:          D:\APP\AboutCode\Miniconda3\envs\yolo\lib\site-packages\torch\include\ATen/ops/_slow_conv2d_backward.h
注意: 包含文件:           D:\APP\AboutCode\Miniconda3\envs\yolo\lib\site-packages\torch\include\ATen/ops/_slow_conv2d_backward_ops.h
注意: 包含文件:          D:\APP\AboutCode\Miniconda3\envs\yolo\lib\site-packages\torch\include\ATen/ops/_slow_conv2d_forward.h
注意: 包含文件:           D:\APP\AboutCode\Miniconda3\envs\yolo\lib\site-packages\torch\include\ATen/ops/_slow_conv2d_forward_ops.h
注意: 包含文件:          D:\APP\AboutCode\Miniconda3\envs\yolo\lib\site-packages\torch\include\ATen/ops/_sobol_engine_draw.h
注意: 包含文件:           D:\APP\AboutCode\Miniconda3\envs\yolo\lib\site-packages\torch\include\ATen/ops/_sobol_engine_draw_ops.h
注意: 包含文件:          D:\APP\AboutCode\Miniconda3\envs\yolo\lib\site-packages\torch\include\ATen/ops/_sobol_engine_ff.h
注意: 包含文件:           D:\APP\AboutCode\Miniconda3\envs\yolo\lib\site-packages\torch\include\ATen/ops/_sobol_engine_ff_ops.h
注意: 包含文件:          D:\APP\AboutCode\Miniconda3\envs\yolo\lib\site-packages\torch\include\ATen/ops/_sobol_engine_initialize_state.h
注意: 包含文件:           D:\APP\AboutCode\Miniconda3\envs\yolo\lib\site-packages\torch\include\ATen/ops/_sobol_engine_initialize_state_ops.h
注意: 包含文件:          D:\APP\AboutCode\Miniconda3\envs\yolo\lib\site-packages\torch\include\ATen/ops/_sobol_engine_scramble.h
注意: 包含文件:           D:\APP\AboutCode\Miniconda3\envs\yolo\lib\site-packages\torch\include\ATen/ops/_sobol_engine_scramble_ops.h
注意: 包含文件:          D:\APP\AboutCode\Miniconda3\envs\yolo\lib\site-packages\torch\include\ATen/ops/_softmax.h
注意: 包含文件:           D:\APP\AboutCode\Miniconda3\envs\yolo\lib\site-packages\torch\include\ATen/ops/_softmax_ops.h
注意: 包含文件:          D:\APP\AboutCode\Miniconda3\envs\yolo\lib\site-packages\torch\include\ATen/ops/_softmax_backward_data.h
注意: 包含文件:           D:\APP\AboutCode\Miniconda3\envs\yolo\lib\site-packages\torch\include\ATen/ops/_softmax_backward_data_ops.h
注意: 包含文件:          D:\APP\AboutCode\Miniconda3\envs\yolo\lib\site-packages\torch\include\ATen/ops/_sparse_addmm.h
注意: 包含文件:           D:\APP\AboutCode\Miniconda3\envs\yolo\lib\site-packages\torch\include\ATen/ops/_sparse_addmm_ops.h
注意: 包含文件:          D:\APP\AboutCode\Miniconda3\envs\yolo\lib\site-packages\torch\include\ATen/ops/_sparse_broadcast_to.h
注意: 包含文件:           D:\APP\AboutCode\Miniconda3\envs\yolo\lib\site-packages\torch\include\ATen/ops/_sparse_broadcast_to_ops.h
注意: 包含文件:          D:\APP\AboutCode\Miniconda3\envs\yolo\lib\site-packages\torch\include\ATen/ops/_sparse_broadcast_to_copy.h
注意: 包含文件:           D:\APP\AboutCode\Miniconda3\envs\yolo\lib\site-packages\torch\include\ATen/ops/_sparse_broadcast_to_copy_ops.h
注意: 包含文件:          D:\APP\AboutCode\Miniconda3\envs\yolo\lib\site-packages\torch\include\ATen/ops/_sparse_bsc_tensor_unsafe.h
注意: 包含文件:           D:\APP\AboutCode\Miniconda3\envs\yolo\lib\site-packages\torch\include\ATen/ops/_sparse_bsc_tensor_unsafe_ops.h
注意: 包含文件:          D:\APP\AboutCode\Miniconda3\envs\yolo\lib\site-packages\torch\include\ATen/ops/_sparse_bsr_tensor_unsafe.h
注意: 包含文件:           D:\APP\AboutCode\Miniconda3\envs\yolo\lib\site-packages\torch\include\ATen/ops/_sparse_bsr_tensor_unsafe_ops.h
注意: 包含文件:          D:\APP\AboutCode\Miniconda3\envs\yolo\lib\site-packages\torch\include\ATen/ops/_sparse_compressed_tensor_unsafe.h
注意: 包含文件:           D:\APP\AboutCode\Miniconda3\envs\yolo\lib\site-packages\torch\include\ATen/ops/_sparse_compressed_tensor_unsafe_ops.h
注意: 包含文件:          D:\APP\AboutCode\Miniconda3\envs\yolo\lib\site-packages\torch\include\ATen/ops/_sparse_coo_tensor_unsafe.h
注意: 包含文件:           D:\APP\AboutCode\Miniconda3\envs\yolo\lib\site-packages\torch\include\ATen/ops/_sparse_coo_tensor_unsafe_ops.h
注意: 包含文件:          D:\APP\AboutCode\Miniconda3\envs\yolo\lib\site-packages\torch\include\ATen/ops/_sparse_coo_tensor_with_dims.h
注意: 包含文件:           D:\APP\AboutCode\Miniconda3\envs\yolo\lib\site-packages\torch\include\ATen/ops/_sparse_coo_tensor_with_dims_ops.h
注意: 包含文件:          D:\APP\AboutCode\Miniconda3\envs\yolo\lib\site-packages\torch\include\ATen/ops/_sparse_coo_tensor_with_dims_and_tensors.h
注意: 包含文件:           D:\APP\AboutCode\Miniconda3\envs\yolo\lib\site-packages\torch\include\ATen/ops/_sparse_coo_tensor_with_dims_and_tensors_ops.h
注意: 包含文件:          D:\APP\AboutCode\Miniconda3\envs\yolo\lib\site-packages\torch\include\ATen/ops/_sparse_csc_tensor_unsafe.h
注意: 包含文件:           D:\APP\AboutCode\Miniconda3\envs\yolo\lib\site-packages\torch\include\ATen/ops/_sparse_csc_tensor_unsafe_ops.h
注意: 包含文件:          D:\APP\AboutCode\Miniconda3\envs\yolo\lib\site-packages\torch\include\ATen/ops/_sparse_csr_prod.h
注意: 包含文件:           D:\APP\AboutCode\Miniconda3\envs\yolo\lib\site-packages\torch\include\ATen/ops/_sparse_csr_prod_ops.h
注意: 包含文件:          D:\APP\AboutCode\Miniconda3\envs\yolo\lib\site-packages\torch\include\ATen/ops/_sparse_csr_sum.h
注意: 包含文件:           D:\APP\AboutCode\Miniconda3\envs\yolo\lib\site-packages\torch\include\ATen/ops/_sparse_csr_sum_ops.h
注意: 包含文件:          D:\APP\AboutCode\Miniconda3\envs\yolo\lib\site-packages\torch\include\ATen/ops/_sparse_csr_tensor_unsafe.h
注意: 包含文件:           D:\APP\AboutCode\Miniconda3\envs\yolo\lib\site-packages\torch\include\ATen/ops/_sparse_csr_tensor_unsafe_ops.h
注意: 包含文件:          D:\APP\AboutCode\Miniconda3\envs\yolo\lib\site-packages\torch\include\ATen/ops/_sparse_log_softmax.h
注意: 包含文件:           D:\APP\AboutCode\Miniconda3\envs\yolo\lib\site-packages\torch\include\ATen/ops/_sparse_log_softmax_ops.h
注意: 包含文件:          D:\APP\AboutCode\Miniconda3\envs\yolo\lib\site-packages\torch\include\ATen/ops/_sparse_log_softmax_backward_data.h
注意: 包含文件:           D:\APP\AboutCode\Miniconda3\envs\yolo\lib\site-packages\torch\include\ATen/ops/_sparse_log_softmax_backward_data_ops.h
注意: 包含文件:          D:\APP\AboutCode\Miniconda3\envs\yolo\lib\site-packages\torch\include\ATen/ops/_sparse_mask_projection.h
注意: 包含文件:          D:\APP\AboutCode\Miniconda3\envs\yolo\lib\site-packages\torch\include\ATen/ops/_sparse_mm.h
注意: 包含文件:           D:\APP\AboutCode\Miniconda3\envs\yolo\lib\site-packages\torch\include\ATen/ops/_sparse_mm_ops.h
注意: 包含文件:          D:\APP\AboutCode\Miniconda3\envs\yolo\lib\site-packages\torch\include\ATen/ops/_sparse_mm_reduce_impl.h
注意: 包含文件:           D:\APP\AboutCode\Miniconda3\envs\yolo\lib\site-packages\torch\include\ATen/ops/_sparse_mm_reduce_impl_ops.h
注意: 包含文件:          D:\APP\AboutCode\Miniconda3\envs\yolo\lib\site-packages\torch\include\ATen/ops/_sparse_mm_reduce_impl_backward.h
注意: 包含文件:           D:\APP\AboutCode\Miniconda3\envs\yolo\lib\site-packages\torch\include\ATen/ops/_sparse_mm_reduce_impl_backward_ops.h
注意: 包含文件:          D:\APP\AboutCode\Miniconda3\envs\yolo\lib\site-packages\torch\include\ATen/ops/_sparse_semi_structured_linear.h
注意: 包含文件:           D:\APP\AboutCode\Miniconda3\envs\yolo\lib\site-packages\torch\include\ATen/ops/_sparse_semi_structured_linear_ops.h
注意: 包含文件:          D:\APP\AboutCode\Miniconda3\envs\yolo\lib\site-packages\torch\include\ATen/ops/_sparse_softmax.h
注意: 包含文件:           D:\APP\AboutCode\Miniconda3\envs\yolo\lib\site-packages\torch\include\ATen/ops/_sparse_softmax_ops.h
注意: 包含文件:          D:\APP\AboutCode\Miniconda3\envs\yolo\lib\site-packages\torch\include\ATen/ops/_sparse_softmax_backward_data.h
注意: 包含文件:           D:\APP\AboutCode\Miniconda3\envs\yolo\lib\site-packages\torch\include\ATen/ops/_sparse_softmax_backward_data_ops.h
注意: 包含文件:          D:\APP\AboutCode\Miniconda3\envs\yolo\lib\site-packages\torch\include\ATen/ops/_sparse_sparse_matmul.h
注意: 包含文件:           D:\APP\AboutCode\Miniconda3\envs\yolo\lib\site-packages\torch\include\ATen/ops/_sparse_sparse_matmul_ops.h
注意: 包含文件:          D:\APP\AboutCode\Miniconda3\envs\yolo\lib\site-packages\torch\include\ATen/ops/_sparse_sum.h
注意: 包含文件:           D:\APP\AboutCode\Miniconda3\envs\yolo\lib\site-packages\torch\include\ATen/ops/_sparse_sum_ops.h
注意: 包含文件:          D:\APP\AboutCode\Miniconda3\envs\yolo\lib\site-packages\torch\include\ATen/ops/_sparse_sum_backward.h
注意: 包含文件:           D:\APP\AboutCode\Miniconda3\envs\yolo\lib\site-packages\torch\include\ATen/ops/_sparse_sum_backward_ops.h
注意: 包含文件:          D:\APP\AboutCode\Miniconda3\envs\yolo\lib\site-packages\torch\include\ATen/ops/_spdiags.h
注意: 包含文件:           D:\APP\AboutCode\Miniconda3\envs\yolo\lib\site-packages\torch\include\ATen/ops/_spdiags_ops.h
注意: 包含文件:          D:\APP\AboutCode\Miniconda3\envs\yolo\lib\site-packages\torch\include\ATen/ops/_stack.h
注意: 包含文件:           D:\APP\AboutCode\Miniconda3\envs\yolo\lib\site-packages\torch\include\ATen/ops/_stack_ops.h
注意: 包含文件:          D:\APP\AboutCode\Miniconda3\envs\yolo\lib\site-packages\torch\include\ATen/ops/_standard_gamma.h
注意: 包含文件:           D:\APP\AboutCode\Miniconda3\envs\yolo\lib\site-packages\torch\include\ATen/ops/_standard_gamma_ops.h
注意: 包含文件:          D:\APP\AboutCode\Miniconda3\envs\yolo\lib\site-packages\torch\include\ATen/ops/_standard_gamma_grad.h
注意: 包含文件:           D:\APP\AboutCode\Miniconda3\envs\yolo\lib\site-packages\torch\include\ATen/ops/_standard_gamma_grad_ops.h
注意: 包含文件:          D:\APP\AboutCode\Miniconda3\envs\yolo\lib\site-packages\torch\include\ATen/ops/_test_ambiguous_defaults.h
注意: 包含文件:           D:\APP\AboutCode\Miniconda3\envs\yolo\lib\site-packages\torch\include\ATen/ops/_test_ambiguous_defaults_ops.h
注意: 包含文件:          D:\APP\AboutCode\Miniconda3\envs\yolo\lib\site-packages\torch\include\ATen/ops/_test_autograd_multiple_dispatch.h
注意: 包含文件:           D:\APP\AboutCode\Miniconda3\envs\yolo\lib\site-packages\torch\include\ATen/ops/_test_autograd_multiple_dispatch_ops.h
注意: 包含文件:          D:\APP\AboutCode\Miniconda3\envs\yolo\lib\site-packages\torch\include\ATen/ops/_test_autograd_multiple_dispatch_view.h
注意: 包含文件:           D:\APP\AboutCode\Miniconda3\envs\yolo\lib\site-packages\torch\include\ATen/ops/_test_autograd_multiple_dispatch_view_ops.h
注意: 包含文件:          D:\APP\AboutCode\Miniconda3\envs\yolo\lib\site-packages\torch\include\ATen/ops/_test_autograd_multiple_dispatch_view_copy.h
注意: 包含文件:           D:\APP\AboutCode\Miniconda3\envs\yolo\lib\site-packages\torch\include\ATen/ops/_test_autograd_multiple_dispatch_view_copy_ops.h
注意: 包含文件:          D:\APP\AboutCode\Miniconda3\envs\yolo\lib\site-packages\torch\include\ATen/ops/_test_check_tensor.h
注意: 包含文件:           D:\APP\AboutCode\Miniconda3\envs\yolo\lib\site-packages\torch\include\ATen/ops/_test_check_tensor_ops.h
注意: 包含文件:          D:\APP\AboutCode\Miniconda3\envs\yolo\lib\site-packages\torch\include\ATen/ops/_test_functorch_fallback.h
注意: 包含文件:           D:\APP\AboutCode\Miniconda3\envs\yolo\lib\site-packages\torch\include\ATen/ops/_test_functorch_fallback_ops.h
注意: 包含文件:          D:\APP\AboutCode\Miniconda3\envs\yolo\lib\site-packages\torch\include\ATen/ops/_test_optional_filled_intlist.h
注意: 包含文件:           D:\APP\AboutCode\Miniconda3\envs\yolo\lib\site-packages\torch\include\ATen/ops/_test_optional_filled_intlist_ops.h
注意: 包含文件:          D:\APP\AboutCode\Miniconda3\envs\yolo\lib\site-packages\torch\include\ATen/ops/_test_optional_floatlist.h
注意: 包含文件:           D:\APP\AboutCode\Miniconda3\envs\yolo\lib\site-packages\torch\include\ATen/ops/_test_optional_floatlist_ops.h
注意: 包含文件:          D:\APP\AboutCode\Miniconda3\envs\yolo\lib\site-packages\torch\include\ATen/ops/_test_optional_intlist.h
注意: 包含文件:           D:\APP\AboutCode\Miniconda3\envs\yolo\lib\site-packages\torch\include\ATen/ops/_test_optional_intlist_ops.h
注意: 包含文件:          D:\APP\AboutCode\Miniconda3\envs\yolo\lib\site-packages\torch\include\ATen/ops/_test_serialization_subcmul.h
注意: 包含文件:           D:\APP\AboutCode\Miniconda3\envs\yolo\lib\site-packages\torch\include\ATen/ops/_test_serialization_subcmul_ops.h
注意: 包含文件:          D:\APP\AboutCode\Miniconda3\envs\yolo\lib\site-packages\torch\include\ATen/ops/_test_string_default.h
注意: 包含文件:           D:\APP\AboutCode\Miniconda3\envs\yolo\lib\site-packages\torch\include\ATen/ops/_test_string_default_ops.h
注意: 包含文件:          D:\APP\AboutCode\Miniconda3\envs\yolo\lib\site-packages\torch\include\ATen/ops/_test_warn_in_autograd.h
注意: 包含文件:           D:\APP\AboutCode\Miniconda3\envs\yolo\lib\site-packages\torch\include\ATen/ops/_test_warn_in_autograd_ops.h
注意: 包含文件:          D:\APP\AboutCode\Miniconda3\envs\yolo\lib\site-packages\torch\include\ATen/ops/_thnn_differentiable_gru_cell_backward.h
注意: 包含文件:           D:\APP\AboutCode\Miniconda3\envs\yolo\lib\site-packages\torch\include\ATen/ops/_thnn_differentiable_gru_cell_backward_ops.h
注意: 包含文件:          D:\APP\AboutCode\Miniconda3\envs\yolo\lib\site-packages\torch\include\ATen/ops/_thnn_differentiable_lstm_cell_backward.h
注意: 包含文件:           D:\APP\AboutCode\Miniconda3\envs\yolo\lib\site-packages\torch\include\ATen/ops/_thnn_differentiable_lstm_cell_backward_ops.h
注意: 包含文件:          D:\APP\AboutCode\Miniconda3\envs\yolo\lib\site-packages\torch\include\ATen/ops/_thnn_fused_gru_cell.h
注意: 包含文件:           D:\APP\AboutCode\Miniconda3\envs\yolo\lib\site-packages\torch\include\ATen/ops/_thnn_fused_gru_cell_ops.h
注意: 包含文件:          D:\APP\AboutCode\Miniconda3\envs\yolo\lib\site-packages\torch\include\ATen/ops/_thnn_fused_gru_cell_backward.h
注意: 包含文件:           D:\APP\AboutCode\Miniconda3\envs\yolo\lib\site-packages\torch\include\ATen/ops/_thnn_fused_gru_cell_backward_ops.h
注意: 包含文件:          D:\APP\AboutCode\Miniconda3\envs\yolo\lib\site-packages\torch\include\ATen/ops/_thnn_fused_lstm_cell.h
注意: 包含文件:           D:\APP\AboutCode\Miniconda3\envs\yolo\lib\site-packages\torch\include\ATen/ops/_thnn_fused_lstm_cell_ops.h
注意: 包含文件:          D:\APP\AboutCode\Miniconda3\envs\yolo\lib\site-packages\torch\include\ATen/ops/_thnn_fused_lstm_cell_backward.h
注意: 包含文件:           D:\APP\AboutCode\Miniconda3\envs\yolo\lib\site-packages\torch\include\ATen/ops/_thnn_fused_lstm_cell_backward_ops.h
注意: 包含文件:          D:\APP\AboutCode\Miniconda3\envs\yolo\lib\site-packages\torch\include\ATen/ops/_thnn_fused_lstm_cell_backward_impl.h
注意: 包含文件:           D:\APP\AboutCode\Miniconda3\envs\yolo\lib\site-packages\torch\include\ATen/ops/_thnn_fused_lstm_cell_backward_impl_ops.h
注意: 包含文件:          D:\APP\AboutCode\Miniconda3\envs\yolo\lib\site-packages\torch\include\ATen/ops/_to_copy.h
注意: 包含文件:           D:\APP\AboutCode\Miniconda3\envs\yolo\lib\site-packages\torch\include\ATen/ops/_to_copy_ops.h
注意: 包含文件:          D:\APP\AboutCode\Miniconda3\envs\yolo\lib\site-packages\torch\include\ATen/ops/_to_cpu.h
注意: 包含文件:           D:\APP\AboutCode\Miniconda3\envs\yolo\lib\site-packages\torch\include\ATen/ops/_to_cpu_ops.h
注意: 包含文件:          D:\APP\AboutCode\Miniconda3\envs\yolo\lib\site-packages\torch\include\ATen/ops/_to_dense.h
注意: 包含文件:          D:\APP\AboutCode\Miniconda3\envs\yolo\lib\site-packages\torch\include\ATen/ops/_to_sparse.h
注意: 包含文件:          D:\APP\AboutCode\Miniconda3\envs\yolo\lib\site-packages\torch\include\ATen/ops/_to_sparse_bsc.h
注意: 包含文件:          D:\APP\AboutCode\Miniconda3\envs\yolo\lib\site-packages\torch\include\ATen/ops/_to_sparse_bsr.h
注意: 包含文件:          D:\APP\AboutCode\Miniconda3\envs\yolo\lib\site-packages\torch\include\ATen/ops/_to_sparse_csc.h
注意: 包含文件:          D:\APP\AboutCode\Miniconda3\envs\yolo\lib\site-packages\torch\include\ATen/ops/_to_sparse_csr.h
注意: 包含文件:          D:\APP\AboutCode\Miniconda3\envs\yolo\lib\site-packages\torch\include\ATen/ops/_to_sparse_semi_structured.h
注意: 包含文件:           D:\APP\AboutCode\Miniconda3\envs\yolo\lib\site-packages\torch\include\ATen/ops/_to_sparse_semi_structured_ops.h
注意: 包含文件:          D:\APP\AboutCode\Miniconda3\envs\yolo\lib\site-packages\torch\include\ATen/ops/_transform_bias_rescale_qkv.h
注意: 包含文件:           D:\APP\AboutCode\Miniconda3\envs\yolo\lib\site-packages\torch\include\ATen/ops/_transform_bias_rescale_qkv_ops.h
注意: 包含文件:          D:\APP\AboutCode\Miniconda3\envs\yolo\lib\site-packages\torch\include\ATen/ops/_transformer_encoder_layer_fwd.h
注意: 包含文件:           D:\APP\AboutCode\Miniconda3\envs\yolo\lib\site-packages\torch\include\ATen/ops/_transformer_encoder_layer_fwd_ops.h
注意: 包含文件:          D:\APP\AboutCode\Miniconda3\envs\yolo\lib\site-packages\torch\include\ATen/ops/_trilinear.h
注意: 包含文件:           D:\APP\AboutCode\Miniconda3\envs\yolo\lib\site-packages\torch\include\ATen/ops/_trilinear_ops.h
注意: 包含文件:          D:\APP\AboutCode\Miniconda3\envs\yolo\lib\site-packages\torch\include\ATen/ops/_triton_multi_head_attention.h
注意: 包含文件:           D:\APP\AboutCode\Miniconda3\envs\yolo\lib\site-packages\torch\include\ATen/ops/_triton_multi_head_attention_ops.h
注意: 包含文件:          D:\APP\AboutCode\Miniconda3\envs\yolo\lib\site-packages\torch\include\ATen/ops/_triton_scaled_dot_attention.h
注意: 包含文件:           D:\APP\AboutCode\Miniconda3\envs\yolo\lib\site-packages\torch\include\ATen/ops/_triton_scaled_dot_attention_ops.h
注意: 包含文件:          D:\APP\AboutCode\Miniconda3\envs\yolo\lib\site-packages\torch\include\ATen/ops/_unique.h
注意: 包含文件:           D:\APP\AboutCode\Miniconda3\envs\yolo\lib\site-packages\torch\include\ATen/ops/_unique_ops.h
注意: 包含文件:          D:\APP\AboutCode\Miniconda3\envs\yolo\lib\site-packages\torch\include\ATen/ops/_unique2.h
注意: 包含文件:           D:\APP\AboutCode\Miniconda3\envs\yolo\lib\site-packages\torch\include\ATen/ops/_unique2_ops.h
注意: 包含文件:          D:\APP\AboutCode\Miniconda3\envs\yolo\lib\site-packages\torch\include\ATen/ops/_unpack_dual.h
注意: 包含文件:           D:\APP\AboutCode\Miniconda3\envs\yolo\lib\site-packages\torch\include\ATen/ops/_unpack_dual_ops.h
注意: 包含文件:          D:\APP\AboutCode\Miniconda3\envs\yolo\lib\site-packages\torch\include\ATen/ops/_unsafe_index.h
注意: 包含文件:           D:\APP\AboutCode\Miniconda3\envs\yolo\lib\site-packages\torch\include\ATen/ops/_unsafe_index_ops.h
注意: 包含文件:          D:\APP\AboutCode\Miniconda3\envs\yolo\lib\site-packages\torch\include\ATen/ops/_unsafe_index_put.h
注意: 包含文件:           D:\APP\AboutCode\Miniconda3\envs\yolo\lib\site-packages\torch\include\ATen/ops/_unsafe_index_put_ops.h
注意: 包含文件:          D:\APP\AboutCode\Miniconda3\envs\yolo\lib\site-packages\torch\include\ATen/ops/_unsafe_view.h
注意: 包含文件:           D:\APP\AboutCode\Miniconda3\envs\yolo\lib\site-packages\torch\include\ATen/ops/_unsafe_view_ops.h
注意: 包含文件:          D:\APP\AboutCode\Miniconda3\envs\yolo\lib\site-packages\torch\include\ATen/ops/_upsample_bicubic2d_aa.h
注意: 包含文件:           D:\APP\AboutCode\Miniconda3\envs\yolo\lib\site-packages\torch\include\ATen/ops/_upsample_bicubic2d_aa_ops.h
注意: 包含文件:          D:\APP\AboutCode\Miniconda3\envs\yolo\lib\site-packages\torch\include\ATen/ops/_upsample_bicubic2d_aa_backward.h
注意: 包含文件:           D:\APP\AboutCode\Miniconda3\envs\yolo\lib\site-packages\torch\include\ATen/ops/_upsample_bicubic2d_aa_backward_ops.h
注意: 包含文件:          D:\APP\AboutCode\Miniconda3\envs\yolo\lib\site-packages\torch\include\ATen/ops/_upsample_bilinear2d_aa.h
注意: 包含文件:           D:\APP\AboutCode\Miniconda3\envs\yolo\lib\site-packages\torch\include\ATen/ops/_upsample_bilinear2d_aa_ops.h
注意: 包含文件:          D:\APP\AboutCode\Miniconda3\envs\yolo\lib\site-packages\torch\include\ATen/ops/_upsample_bilinear2d_aa_backward.h
注意: 包含文件:           D:\APP\AboutCode\Miniconda3\envs\yolo\lib\site-packages\torch\include\ATen/ops/_upsample_bilinear2d_aa_backward_ops.h
注意: 包含文件:          D:\APP\AboutCode\Miniconda3\envs\yolo\lib\site-packages\torch\include\ATen/ops/_upsample_nearest_exact1d.h
注意: 包含文件:           D:\APP\AboutCode\Miniconda3\envs\yolo\lib\site-packages\torch\include\ATen/ops/_upsample_nearest_exact1d_ops.h
注意: 包含文件:          D:\APP\AboutCode\Miniconda3\envs\yolo\lib\site-packages\torch\include\ATen/ops/_upsample_nearest_exact1d_backward.h
注意: 包含文件:           D:\APP\AboutCode\Miniconda3\envs\yolo\lib\site-packages\torch\include\ATen/ops/_upsample_nearest_exact1d_backward_ops.h
注意: 包含文件:          D:\APP\AboutCode\Miniconda3\envs\yolo\lib\site-packages\torch\include\ATen/ops/_upsample_nearest_exact2d.h
注意: 包含文件:           D:\APP\AboutCode\Miniconda3\envs\yolo\lib\site-packages\torch\include\ATen/ops/_upsample_nearest_exact2d_ops.h
注意: 包含文件:          D:\APP\AboutCode\Miniconda3\envs\yolo\lib\site-packages\torch\include\ATen/ops/_upsample_nearest_exact2d_backward.h
注意: 包含文件:           D:\APP\AboutCode\Miniconda3\envs\yolo\lib\site-packages\torch\include\ATen/ops/_upsample_nearest_exact2d_backward_ops.h
注意: 包含文件:          D:\APP\AboutCode\Miniconda3\envs\yolo\lib\site-packages\torch\include\ATen/ops/_upsample_nearest_exact3d.h
注意: 包含文件:           D:\APP\AboutCode\Miniconda3\envs\yolo\lib\site-packages\torch\include\ATen/ops/_upsample_nearest_exact3d_ops.h
注意: 包含文件:          D:\APP\AboutCode\Miniconda3\envs\yolo\lib\site-packages\torch\include\ATen/ops/_upsample_nearest_exact3d_backward.h
注意: 包含文件:           D:\APP\AboutCode\Miniconda3\envs\yolo\lib\site-packages\torch\include\ATen/ops/_upsample_nearest_exact3d_backward_ops.h
注意: 包含文件:          D:\APP\AboutCode\Miniconda3\envs\yolo\lib\site-packages\torch\include\ATen/ops/_use_cudnn_ctc_loss.h
注意: 包含文件:           D:\APP\AboutCode\Miniconda3\envs\yolo\lib\site-packages\torch\include\ATen/ops/_use_cudnn_ctc_loss_ops.h
注意: 包含文件:          D:\APP\AboutCode\Miniconda3\envs\yolo\lib\site-packages\torch\include\ATen/ops/_use_cudnn_rnn_flatten_weight.h
注意: 包含文件:           D:\APP\AboutCode\Miniconda3\envs\yolo\lib\site-packages\torch\include\ATen/ops/_use_cudnn_rnn_flatten_weight_ops.h
注意: 包含文件:          D:\APP\AboutCode\Miniconda3\envs\yolo\lib\site-packages\torch\include\ATen/ops/_validate_compressed_sparse_indices.h
注意: 包含文件:           D:\APP\AboutCode\Miniconda3\envs\yolo\lib\site-packages\torch\include\ATen/ops/_validate_compressed_sparse_indices_ops.h
注意: 包含文件:          D:\APP\AboutCode\Miniconda3\envs\yolo\lib\site-packages\torch\include\ATen/ops/_validate_sparse_bsc_tensor_args.h
注意: 包含文件:           D:\APP\AboutCode\Miniconda3\envs\yolo\lib\site-packages\torch\include\ATen/ops/_validate_sparse_bsc_tensor_args_ops.h
注意: 包含文件:          D:\APP\AboutCode\Miniconda3\envs\yolo\lib\site-packages\torch\include\ATen/ops/_validate_sparse_bsr_tensor_args.h
注意: 包含文件:           D:\APP\AboutCode\Miniconda3\envs\yolo\lib\site-packages\torch\include\ATen/ops/_validate_sparse_bsr_tensor_args_ops.h
注意: 包含文件:          D:\APP\AboutCode\Miniconda3\envs\yolo\lib\site-packages\torch\include\ATen/ops/_validate_sparse_compressed_tensor_args.h
注意: 包含文件:           D:\APP\AboutCode\Miniconda3\envs\yolo\lib\site-packages\torch\include\ATen/ops/_validate_sparse_compressed_tensor_args_ops.h
注意: 包含文件:          D:\APP\AboutCode\Miniconda3\envs\yolo\lib\site-packages\torch\include\ATen/ops/_validate_sparse_coo_tensor_args.h
注意: 包含文件:           D:\APP\AboutCode\Miniconda3\envs\yolo\lib\site-packages\torch\include\ATen/ops/_validate_sparse_coo_tensor_args_ops.h
注意: 包含文件:          D:\APP\AboutCode\Miniconda3\envs\yolo\lib\site-packages\torch\include\ATen/ops/_validate_sparse_csc_tensor_args.h
注意: 包含文件:           D:\APP\AboutCode\Miniconda3\envs\yolo\lib\site-packages\torch\include\ATen/ops/_validate_sparse_csc_tensor_args_ops.h
注意: 包含文件:          D:\APP\AboutCode\Miniconda3\envs\yolo\lib\site-packages\torch\include\ATen/ops/_validate_sparse_csr_tensor_args.h
注意: 包含文件:           D:\APP\AboutCode\Miniconda3\envs\yolo\lib\site-packages\torch\include\ATen/ops/_validate_sparse_csr_tensor_args_ops.h
注意: 包含文件:          D:\APP\AboutCode\Miniconda3\envs\yolo\lib\site-packages\torch\include\ATen/ops/_values.h
注意: 包含文件:          D:\APP\AboutCode\Miniconda3\envs\yolo\lib\site-packages\torch\include\ATen/ops/_values_copy.h
注意: 包含文件:           D:\APP\AboutCode\Miniconda3\envs\yolo\lib\site-packages\torch\include\ATen/ops/_values_copy_ops.h
注意: 包含文件:          D:\APP\AboutCode\Miniconda3\envs\yolo\lib\site-packages\torch\include\ATen/ops/_version.h
注意: 包含文件:          D:\APP\AboutCode\Miniconda3\envs\yolo\lib\site-packages\torch\include\ATen/ops/_weight_int4pack_mm.h
注意: 包含文件:           D:\APP\AboutCode\Miniconda3\envs\yolo\lib\site-packages\torch\include\ATen/ops/_weight_int4pack_mm_ops.h
注意: 包含文件:          D:\APP\AboutCode\Miniconda3\envs\yolo\lib\site-packages\torch\include\ATen/ops/_weight_norm.h
注意: 包含文件:           D:\APP\AboutCode\Miniconda3\envs\yolo\lib\site-packages\torch\include\ATen/ops/_weight_norm_ops.h
注意: 包含文件:          D:\APP\AboutCode\Miniconda3\envs\yolo\lib\site-packages\torch\include\ATen/ops/_weight_norm_differentiable_backward.h
注意: 包含文件:           D:\APP\AboutCode\Miniconda3\envs\yolo\lib\site-packages\torch\include\ATen/ops/_weight_norm_differentiable_backward_ops.h
注意: 包含文件:          D:\APP\AboutCode\Miniconda3\envs\yolo\lib\site-packages\torch\include\ATen/ops/_weight_norm_interface.h
注意: 包含文件:           D:\APP\AboutCode\Miniconda3\envs\yolo\lib\site-packages\torch\include\ATen/ops/_weight_norm_interface_ops.h
注意: 包含文件:          D:\APP\AboutCode\Miniconda3\envs\yolo\lib\site-packages\torch\include\ATen/ops/_weight_norm_interface_backward.h
注意: 包含文件:           D:\APP\AboutCode\Miniconda3\envs\yolo\lib\site-packages\torch\include\ATen/ops/_weight_norm_interface_backward_ops.h
注意: 包含文件:          D:\APP\AboutCode\Miniconda3\envs\yolo\lib\site-packages\torch\include\ATen/ops/abs.h
注意: 包含文件:          D:\APP\AboutCode\Miniconda3\envs\yolo\lib\site-packages\torch\include\ATen/ops/absolute.h
注意: 包含文件:          D:\APP\AboutCode\Miniconda3\envs\yolo\lib\site-packages\torch\include\ATen/ops/acos.h
注意: 包含文件:          D:\APP\AboutCode\Miniconda3\envs\yolo\lib\site-packages\torch\include\ATen/ops/acosh.h
注意: 包含文件:          D:\APP\AboutCode\Miniconda3\envs\yolo\lib\site-packages\torch\include\ATen/ops/adaptive_avg_pool1d.h
注意: 包含文件:           D:\APP\AboutCode\Miniconda3\envs\yolo\lib\site-packages\torch\include\ATen/ops/adaptive_avg_pool1d_ops.h
注意: 包含文件:          D:\APP\AboutCode\Miniconda3\envs\yolo\lib\site-packages\torch\include\ATen/ops/adaptive_avg_pool2d.h
注意: 包含文件:           D:\APP\AboutCode\Miniconda3\envs\yolo\lib\site-packages\torch\include\ATen/ops/adaptive_avg_pool2d_ops.h
注意: 包含文件:          D:\APP\AboutCode\Miniconda3\envs\yolo\lib\site-packages\torch\include\ATen/ops/adaptive_avg_pool3d.h
注意: 包含文件:           D:\APP\AboutCode\Miniconda3\envs\yolo\lib\site-packages\torch\include\ATen/ops/adaptive_avg_pool3d_ops.h
注意: 包含文件:          D:\APP\AboutCode\Miniconda3\envs\yolo\lib\site-packages\torch\include\ATen/ops/adaptive_avg_pool3d_backward.h
注意: 包含文件:           D:\APP\AboutCode\Miniconda3\envs\yolo\lib\site-packages\torch\include\ATen/ops/adaptive_avg_pool3d_backward_ops.h
注意: 包含文件:          D:\APP\AboutCode\Miniconda3\envs\yolo\lib\site-packages\torch\include\ATen/ops/adaptive_max_pool1d.h
注意: 包含文件:           D:\APP\AboutCode\Miniconda3\envs\yolo\lib\site-packages\torch\include\ATen/ops/adaptive_max_pool1d_ops.h
注意: 包含文件:          D:\APP\AboutCode\Miniconda3\envs\yolo\lib\site-packages\torch\include\ATen/ops/adaptive_max_pool2d.h
注意: 包含文件:           D:\APP\AboutCode\Miniconda3\envs\yolo\lib\site-packages\torch\include\ATen/ops/adaptive_max_pool2d_ops.h
注意: 包含文件:          D:\APP\AboutCode\Miniconda3\envs\yolo\lib\site-packages\torch\include\ATen/ops/adaptive_max_pool2d_backward.h
注意: 包含文件:           D:\APP\AboutCode\Miniconda3\envs\yolo\lib\site-packages\torch\include\ATen/ops/adaptive_max_pool2d_backward_ops.h
注意: 包含文件:          D:\APP\AboutCode\Miniconda3\envs\yolo\lib\site-packages\torch\include\ATen/ops/adaptive_max_pool3d.h
注意: 包含文件:           D:\APP\AboutCode\Miniconda3\envs\yolo\lib\site-packages\torch\include\ATen/ops/adaptive_max_pool3d_ops.h
注意: 包含文件:          D:\APP\AboutCode\Miniconda3\envs\yolo\lib\site-packages\torch\include\ATen/ops/adaptive_max_pool3d_backward.h
注意: 包含文件:           D:\APP\AboutCode\Miniconda3\envs\yolo\lib\site-packages\torch\include\ATen/ops/adaptive_max_pool3d_backward_ops.h
注意: 包含文件:          D:\APP\AboutCode\Miniconda3\envs\yolo\lib\site-packages\torch\include\ATen/ops/add.h
注意: 包含文件:          D:\APP\AboutCode\Miniconda3\envs\yolo\lib\site-packages\torch\include\ATen/ops/addbmm.h
注意: 包含文件:          D:\APP\AboutCode\Miniconda3\envs\yolo\lib\site-packages\torch\include\ATen/ops/addcdiv.h
注意: 包含文件:          D:\APP\AboutCode\Miniconda3\envs\yolo\lib\site-packages\torch\include\ATen/ops/addcmul.h
注意: 包含文件:          D:\APP\AboutCode\Miniconda3\envs\yolo\lib\site-packages\torch\include\ATen/ops/addmm.h
注意: 包含文件:          D:\APP\AboutCode\Miniconda3\envs\yolo\lib\site-packages\torch\include\ATen/ops/addmv.h
注意: 包含文件:          D:\APP\AboutCode\Miniconda3\envs\yolo\lib\site-packages\torch\include\ATen/ops/addr.h
注意: 包含文件:          D:\APP\AboutCode\Miniconda3\envs\yolo\lib\site-packages\torch\include\ATen/ops/adjoint.h
注意: 包含文件:          D:\APP\AboutCode\Miniconda3\envs\yolo\lib\site-packages\torch\include\ATen/ops/affine_grid_generator.h
注意: 包含文件:           D:\APP\AboutCode\Miniconda3\envs\yolo\lib\site-packages\torch\include\ATen/ops/affine_grid_generator_ops.h
注意: 包含文件:          D:\APP\AboutCode\Miniconda3\envs\yolo\lib\site-packages\torch\include\ATen/ops/affine_grid_generator_backward.h
注意: 包含文件:           D:\APP\AboutCode\Miniconda3\envs\yolo\lib\site-packages\torch\include\ATen/ops/affine_grid_generator_backward_ops.h
注意: 包含文件:          D:\APP\AboutCode\Miniconda3\envs\yolo\lib\site-packages\torch\include\ATen/ops/alias.h
注意: 包含文件:          D:\APP\AboutCode\Miniconda3\envs\yolo\lib\site-packages\torch\include\ATen/ops/alias_copy.h
注意: 包含文件:           D:\APP\AboutCode\Miniconda3\envs\yolo\lib\site-packages\torch\include\ATen/ops/alias_copy_ops.h
注意: 包含文件:          D:\APP\AboutCode\Miniconda3\envs\yolo\lib\site-packages\torch\include\ATen/ops/align_as.h
注意: 包含文件:          D:\APP\AboutCode\Miniconda3\envs\yolo\lib\site-packages\torch\include\ATen/ops/align_tensors.h
注意: 包含文件:           D:\APP\AboutCode\Miniconda3\envs\yolo\lib\site-packages\torch\include\ATen/ops/align_tensors_ops.h
注意: 包含文件:          D:\APP\AboutCode\Miniconda3\envs\yolo\lib\site-packages\torch\include\ATen/ops/align_to.h
注意: 包含文件:          D:\APP\AboutCode\Miniconda3\envs\yolo\lib\site-packages\torch\include\ATen/ops/all.h
注意: 包含文件:          D:\APP\AboutCode\Miniconda3\envs\yolo\lib\site-packages\torch\include\ATen/ops/allclose.h
注意: 包含文件:          D:\APP\AboutCode\Miniconda3\envs\yolo\lib\site-packages\torch\include\ATen/ops/alpha_dropout.h
注意: 包含文件:           D:\APP\AboutCode\Miniconda3\envs\yolo\lib\site-packages\torch\include\ATen/ops/alpha_dropout_ops.h
注意: 包含文件:          D:\APP\AboutCode\Miniconda3\envs\yolo\lib\site-packages\torch\include\ATen/ops/amax.h
注意: 包含文件:          D:\APP\AboutCode\Miniconda3\envs\yolo\lib\site-packages\torch\include\ATen/ops/amin.h
注意: 包含文件:          D:\APP\AboutCode\Miniconda3\envs\yolo\lib\site-packages\torch\include\ATen/ops/aminmax.h
注意: 包含文件:          D:\APP\AboutCode\Miniconda3\envs\yolo\lib\site-packages\torch\include\ATen/ops/and.h
注意: 包含文件:          D:\APP\AboutCode\Miniconda3\envs\yolo\lib\site-packages\torch\include\ATen/ops/angle.h
注意: 包含文件:          D:\APP\AboutCode\Miniconda3\envs\yolo\lib\site-packages\torch\include\ATen/ops/any.h
注意: 包含文件:          D:\APP\AboutCode\Miniconda3\envs\yolo\lib\site-packages\torch\include\ATen/ops/arange.h
注意: 包含文件:           D:\APP\AboutCode\Miniconda3\envs\yolo\lib\site-packages\torch\include\ATen/ops/arange_ops.h
注意: 包含文件:          D:\APP\AboutCode\Miniconda3\envs\yolo\lib\site-packages\torch\include\ATen/ops/arccos.h
注意: 包含文件:          D:\APP\AboutCode\Miniconda3\envs\yolo\lib\site-packages\torch\include\ATen/ops/arccosh.h
注意: 包含文件:          D:\APP\AboutCode\Miniconda3\envs\yolo\lib\site-packages\torch\include\ATen/ops/arcsin.h
注意: 包含文件:          D:\APP\AboutCode\Miniconda3\envs\yolo\lib\site-packages\torch\include\ATen/ops/arcsinh.h
注意: 包含文件:          D:\APP\AboutCode\Miniconda3\envs\yolo\lib\site-packages\torch\include\ATen/ops/arctan.h
注意: 包含文件:          D:\APP\AboutCode\Miniconda3\envs\yolo\lib\site-packages\torch\include\ATen/ops/arctan2.h
注意: 包含文件:          D:\APP\AboutCode\Miniconda3\envs\yolo\lib\site-packages\torch\include\ATen/ops/arctanh.h
注意: 包含文件:          D:\APP\AboutCode\Miniconda3\envs\yolo\lib\site-packages\torch\include\ATen/ops/argmax.h
注意: 包含文件:          D:\APP\AboutCode\Miniconda3\envs\yolo\lib\site-packages\torch\include\ATen/ops/argmin.h
注意: 包含文件:          D:\APP\AboutCode\Miniconda3\envs\yolo\lib\site-packages\torch\include\ATen/ops/argsort.h
注意: 包含文件:          D:\APP\AboutCode\Miniconda3\envs\yolo\lib\site-packages\torch\include\ATen/ops/argwhere.h
注意: 包含文件:          D:\APP\AboutCode\Miniconda3\envs\yolo\lib\site-packages\torch\include\ATen/ops/as_strided.h
注意: 包含文件:          D:\APP\AboutCode\Miniconda3\envs\yolo\lib\site-packages\torch\include\ATen/ops/as_strided_copy.h
注意: 包含文件:           D:\APP\AboutCode\Miniconda3\envs\yolo\lib\site-packages\torch\include\ATen/ops/as_strided_copy_ops.h
注意: 包含文件:          D:\APP\AboutCode\Miniconda3\envs\yolo\lib\site-packages\torch\include\ATen/ops/as_strided_scatter.h
注意: 包含文件:          D:\APP\AboutCode\Miniconda3\envs\yolo\lib\site-packages\torch\include\ATen/ops/asin.h
注意: 包含文件:          D:\APP\AboutCode\Miniconda3\envs\yolo\lib\site-packages\torch\include\ATen/ops/asinh.h
注意: 包含文件:          D:\APP\AboutCode\Miniconda3\envs\yolo\lib\site-packages\torch\include\ATen/ops/atan.h
注意: 包含文件:          D:\APP\AboutCode\Miniconda3\envs\yolo\lib\site-packages\torch\include\ATen/ops/atan2.h
注意: 包含文件:          D:\APP\AboutCode\Miniconda3\envs\yolo\lib\site-packages\torch\include\ATen/ops/atanh.h
注意: 包含文件:          D:\APP\AboutCode\Miniconda3\envs\yolo\lib\site-packages\torch\include\ATen/ops/atleast_1d.h
注意: 包含文件:           D:\APP\AboutCode\Miniconda3\envs\yolo\lib\site-packages\torch\include\ATen/ops/atleast_1d_ops.h
注意: 包含文件:          D:\APP\AboutCode\Miniconda3\envs\yolo\lib\site-packages\torch\include\ATen/ops/atleast_2d.h
注意: 包含文件:           D:\APP\AboutCode\Miniconda3\envs\yolo\lib\site-packages\torch\include\ATen/ops/atleast_2d_ops.h
注意: 包含文件:          D:\APP\AboutCode\Miniconda3\envs\yolo\lib\site-packages\torch\include\ATen/ops/atleast_3d.h
注意: 包含文件:           D:\APP\AboutCode\Miniconda3\envs\yolo\lib\site-packages\torch\include\ATen/ops/atleast_3d_ops.h
注意: 包含文件:          D:\APP\AboutCode\Miniconda3\envs\yolo\lib\site-packages\torch\include\ATen/ops/avg_pool1d.h
注意: 包含文件:           D:\APP\AboutCode\Miniconda3\envs\yolo\lib\site-packages\torch\include\ATen/ops/avg_pool1d_ops.h
注意: 包含文件:          D:\APP\AboutCode\Miniconda3\envs\yolo\lib\site-packages\torch\include\ATen/ops/avg_pool2d.h
注意: 包含文件:           D:\APP\AboutCode\Miniconda3\envs\yolo\lib\site-packages\torch\include\ATen/ops/avg_pool2d_ops.h
注意: 包含文件:          D:\APP\AboutCode\Miniconda3\envs\yolo\lib\site-packages\torch\include\ATen/ops/avg_pool2d_backward.h
注意: 包含文件:           D:\APP\AboutCode\Miniconda3\envs\yolo\lib\site-packages\torch\include\ATen/ops/avg_pool2d_backward_ops.h
注意: 包含文件:          D:\APP\AboutCode\Miniconda3\envs\yolo\lib\site-packages\torch\include\ATen/ops/avg_pool3d.h
注意: 包含文件:           D:\APP\AboutCode\Miniconda3\envs\yolo\lib\site-packages\torch\include\ATen/ops/avg_pool3d_ops.h
注意: 包含文件:          D:\APP\AboutCode\Miniconda3\envs\yolo\lib\site-packages\torch\include\ATen/ops/avg_pool3d_backward.h
注意: 包含文件:           D:\APP\AboutCode\Miniconda3\envs\yolo\lib\site-packages\torch\include\ATen/ops/avg_pool3d_backward_ops.h
注意: 包含文件:          D:\APP\AboutCode\Miniconda3\envs\yolo\lib\site-packages\torch\include\ATen/ops/baddbmm.h
注意: 包含文件:          D:\APP\AboutCode\Miniconda3\envs\yolo\lib\site-packages\torch\include\ATen/ops/bartlett_window.h
注意: 包含文件:           D:\APP\AboutCode\Miniconda3\envs\yolo\lib\site-packages\torch\include\ATen/ops/bartlett_window_ops.h
注意: 包含文件:          D:\APP\AboutCode\Miniconda3\envs\yolo\lib\site-packages\torch\include\ATen/ops/batch_norm.h
注意: 包含文件:           D:\APP\AboutCode\Miniconda3\envs\yolo\lib\site-packages\torch\include\ATen/ops/batch_norm_ops.h
注意: 包含文件:          D:\APP\AboutCode\Miniconda3\envs\yolo\lib\site-packages\torch\include\ATen/ops/batch_norm_backward_elemt.h
注意: 包含文件:           D:\APP\AboutCode\Miniconda3\envs\yolo\lib\site-packages\torch\include\ATen/ops/batch_norm_backward_elemt_ops.h
注意: 包含文件:          D:\APP\AboutCode\Miniconda3\envs\yolo\lib\site-packages\torch\include\ATen/ops/batch_norm_backward_reduce.h
注意: 包含文件:           D:\APP\AboutCode\Miniconda3\envs\yolo\lib\site-packages\torch\include\ATen/ops/batch_norm_backward_reduce_ops.h
注意: 包含文件:          D:\APP\AboutCode\Miniconda3\envs\yolo\lib\site-packages\torch\include\ATen/ops/batch_norm_elemt.h
注意: 包含文件:           D:\APP\AboutCode\Miniconda3\envs\yolo\lib\site-packages\torch\include\ATen/ops/batch_norm_elemt_ops.h
注意: 包含文件:          D:\APP\AboutCode\Miniconda3\envs\yolo\lib\site-packages\torch\include\ATen/ops/batch_norm_gather_stats.h
注意: 包含文件:           D:\APP\AboutCode\Miniconda3\envs\yolo\lib\site-packages\torch\include\ATen/ops/batch_norm_gather_stats_ops.h
注意: 包含文件:          D:\APP\AboutCode\Miniconda3\envs\yolo\lib\site-packages\torch\include\ATen/ops/batch_norm_gather_stats_with_counts.h
注意: 包含文件:           D:\APP\AboutCode\Miniconda3\envs\yolo\lib\site-packages\torch\include\ATen/ops/batch_norm_gather_stats_with_counts_ops.h
注意: 包含文件:          D:\APP\AboutCode\Miniconda3\envs\yolo\lib\site-packages\torch\include\ATen/ops/batch_norm_stats.h
注意: 包含文件:           D:\APP\AboutCode\Miniconda3\envs\yolo\lib\site-packages\torch\include\ATen/ops/batch_norm_stats_ops.h
注意: 包含文件:          D:\APP\AboutCode\Miniconda3\envs\yolo\lib\site-packages\torch\include\ATen/ops/batch_norm_update_stats.h
注意: 包含文件:           D:\APP\AboutCode\Miniconda3\envs\yolo\lib\site-packages\torch\include\ATen/ops/batch_norm_update_stats_ops.h
注意: 包含文件:          D:\APP\AboutCode\Miniconda3\envs\yolo\lib\site-packages\torch\include\ATen/ops/bernoulli.h
注意: 包含文件:          D:\APP\AboutCode\Miniconda3\envs\yolo\lib\site-packages\torch\include\ATen/ops/bilinear.h
注意: 包含文件:           D:\APP\AboutCode\Miniconda3\envs\yolo\lib\site-packages\torch\include\ATen/ops/bilinear_ops.h
注意: 包含文件:          D:\APP\AboutCode\Miniconda3\envs\yolo\lib\site-packages\torch\include\ATen/ops/binary_cross_entropy.h
注意: 包含文件:           D:\APP\AboutCode\Miniconda3\envs\yolo\lib\site-packages\torch\include\ATen/ops/binary_cross_entropy_ops.h
注意: 包含文件:          D:\APP\AboutCode\Miniconda3\envs\yolo\lib\site-packages\torch\include\ATen/ops/binary_cross_entropy_backward.h
注意: 包含文件:           D:\APP\AboutCode\Miniconda3\envs\yolo\lib\site-packages\torch\include\ATen/ops/binary_cross_entropy_backward_ops.h
注意: 包含文件:          D:\APP\AboutCode\Miniconda3\envs\yolo\lib\site-packages\torch\include\ATen/ops/binary_cross_entropy_with_logits.h
注意: 包含文件:           D:\APP\AboutCode\Miniconda3\envs\yolo\lib\site-packages\torch\include\ATen/ops/binary_cross_entropy_with_logits_ops.h
注意: 包含文件:          D:\APP\AboutCode\Miniconda3\envs\yolo\lib\site-packages\torch\include\ATen/ops/bincount.h
注意: 包含文件:          D:\APP\AboutCode\Miniconda3\envs\yolo\lib\site-packages\torch\include\ATen/ops/binomial.h
注意: 包含文件:           D:\APP\AboutCode\Miniconda3\envs\yolo\lib\site-packages\torch\include\ATen/ops/binomial_ops.h
注意: 包含文件:          D:\APP\AboutCode\Miniconda3\envs\yolo\lib\site-packages\torch\include\ATen/ops/bitwise_and.h
注意: 包含文件:          D:\APP\AboutCode\Miniconda3\envs\yolo\lib\site-packages\torch\include\ATen/ops/bitwise_left_shift.h
注意: 包含文件:          D:\APP\AboutCode\Miniconda3\envs\yolo\lib\site-packages\torch\include\ATen/ops/bitwise_not.h
注意: 包含文件:          D:\APP\AboutCode\Miniconda3\envs\yolo\lib\site-packages\torch\include\ATen/ops/bitwise_or.h
注意: 包含文件:          D:\APP\AboutCode\Miniconda3\envs\yolo\lib\site-packages\torch\include\ATen/ops/bitwise_right_shift.h
注意: 包含文件:          D:\APP\AboutCode\Miniconda3\envs\yolo\lib\site-packages\torch\include\ATen/ops/bitwise_xor.h
注意: 包含文件:          D:\APP\AboutCode\Miniconda3\envs\yolo\lib\site-packages\torch\include\ATen/ops/blackman_window.h
注意: 包含文件:           D:\APP\AboutCode\Miniconda3\envs\yolo\lib\site-packages\torch\include\ATen/ops/blackman_window_ops.h
注意: 包含文件:          D:\APP\AboutCode\Miniconda3\envs\yolo\lib\site-packages\torch\include\ATen/ops/block_diag.h
注意: 包含文件:           D:\APP\AboutCode\Miniconda3\envs\yolo\lib\site-packages\torch\include\ATen/ops/block_diag_ops.h
注意: 包含文件:          D:\APP\AboutCode\Miniconda3\envs\yolo\lib\site-packages\torch\include\ATen/ops/bmm.h
注意: 包含文件:          D:\APP\AboutCode\Miniconda3\envs\yolo\lib\site-packages\torch\include\ATen/ops/broadcast_tensors.h
注意: 包含文件:           D:\APP\AboutCode\Miniconda3\envs\yolo\lib\site-packages\torch\include\ATen/ops/broadcast_tensors_ops.h
注意: 包含文件:          D:\APP\AboutCode\Miniconda3\envs\yolo\lib\site-packages\torch\include\ATen/ops/broadcast_to.h
注意: 包含文件:          D:\APP\AboutCode\Miniconda3\envs\yolo\lib\site-packages\torch\include\ATen/ops/bucketize.h
注意: 包含文件:           D:\APP\AboutCode\Miniconda3\envs\yolo\lib\site-packages\torch\include\ATen/ops/bucketize_ops.h
注意: 包含文件:          D:\APP\AboutCode\Miniconda3\envs\yolo\lib\site-packages\torch\include\ATen/ops/can_cast.h
注意: 包含文件:           D:\APP\AboutCode\Miniconda3\envs\yolo\lib\site-packages\torch\include\ATen/ops/can_cast_ops.h
注意: 包含文件:          D:\APP\AboutCode\Miniconda3\envs\yolo\lib\site-packages\torch\include\ATen/ops/cartesian_prod.h
注意: 包含文件:           D:\APP\AboutCode\Miniconda3\envs\yolo\lib\site-packages\torch\include\ATen/ops/cartesian_prod_ops.h
注意: 包含文件:          D:\APP\AboutCode\Miniconda3\envs\yolo\lib\site-packages\torch\include\ATen/ops/cat.h
注意: 包含文件:           D:\APP\AboutCode\Miniconda3\envs\yolo\lib\site-packages\torch\include\ATen/ops/cat_ops.h
注意: 包含文件:          D:\APP\AboutCode\Miniconda3\envs\yolo\lib\site-packages\torch\include\ATen/ops/cauchy.h
注意: 包含文件:          D:\APP\AboutCode\Miniconda3\envs\yolo\lib\site-packages\torch\include\ATen/ops/ccol_indices.h
注意: 包含文件:          D:\APP\AboutCode\Miniconda3\envs\yolo\lib\site-packages\torch\include\ATen/ops/ccol_indices_copy.h
注意: 包含文件:           D:\APP\AboutCode\Miniconda3\envs\yolo\lib\site-packages\torch\include\ATen/ops/ccol_indices_copy_ops.h
注意: 包含文件:          D:\APP\AboutCode\Miniconda3\envs\yolo\lib\site-packages\torch\include\ATen/ops/cdist.h
注意: 包含文件:           D:\APP\AboutCode\Miniconda3\envs\yolo\lib\site-packages\torch\include\ATen/ops/cdist_ops.h
注意: 包含文件:          D:\APP\AboutCode\Miniconda3\envs\yolo\lib\site-packages\torch\include\ATen/ops/ceil.h
注意: 包含文件:          D:\APP\AboutCode\Miniconda3\envs\yolo\lib\site-packages\torch\include\ATen/ops/celu.h
注意: 包含文件:           D:\APP\AboutCode\Miniconda3\envs\yolo\lib\site-packages\torch\include\ATen/ops/celu_ops.h
注意: 包含文件:          D:\APP\AboutCode\Miniconda3\envs\yolo\lib\site-packages\torch\include\ATen/ops/chain_matmul.h
注意: 包含文件:           D:\APP\AboutCode\Miniconda3\envs\yolo\lib\site-packages\torch\include\ATen/ops/chain_matmul_ops.h
注意: 包含文件:          D:\APP\AboutCode\Miniconda3\envs\yolo\lib\site-packages\torch\include\ATen/ops/chalf.h
注意: 包含文件:          D:\APP\AboutCode\Miniconda3\envs\yolo\lib\site-packages\torch\include\ATen/ops/channel_shuffle.h
注意: 包含文件:           D:\APP\AboutCode\Miniconda3\envs\yolo\lib\site-packages\torch\include\ATen/ops/channel_shuffle_ops.h
注意: 包含文件:          D:\APP\AboutCode\Miniconda3\envs\yolo\lib\site-packages\torch\include\ATen/ops/cholesky.h
注意: 包含文件:          D:\APP\AboutCode\Miniconda3\envs\yolo\lib\site-packages\torch\include\ATen/ops/cholesky_inverse.h
注意: 包含文件:          D:\APP\AboutCode\Miniconda3\envs\yolo\lib\site-packages\torch\include\ATen/ops/cholesky_solve.h
注意: 包含文件:          D:\APP\AboutCode\Miniconda3\envs\yolo\lib\site-packages\torch\include\ATen/ops/choose_qparams_optimized.h
注意: 包含文件:           D:\APP\AboutCode\Miniconda3\envs\yolo\lib\site-packages\torch\include\ATen/ops/choose_qparams_optimized_ops.h
注意: 包含文件:          D:\APP\AboutCode\Miniconda3\envs\yolo\lib\site-packages\torch\include\ATen/ops/chunk.h
注意: 包含文件:          D:\APP\AboutCode\Miniconda3\envs\yolo\lib\site-packages\torch\include\ATen/ops/clamp.h
注意: 包含文件:          D:\APP\AboutCode\Miniconda3\envs\yolo\lib\site-packages\torch\include\ATen/ops/clamp_max.h
注意: 包含文件:          D:\APP\AboutCode\Miniconda3\envs\yolo\lib\site-packages\torch\include\ATen/ops/clamp_min.h
注意: 包含文件:          D:\APP\AboutCode\Miniconda3\envs\yolo\lib\site-packages\torch\include\ATen/ops/clip.h
注意: 包含文件:          D:\APP\AboutCode\Miniconda3\envs\yolo\lib\site-packages\torch\include\ATen/ops/clone.h
注意: 包含文件:          D:\APP\AboutCode\Miniconda3\envs\yolo\lib\site-packages\torch\include\ATen/ops/coalesce.h
注意: 包含文件:          D:\APP\AboutCode\Miniconda3\envs\yolo\lib\site-packages\torch\include\ATen/ops/col2im.h
注意: 包含文件:           D:\APP\AboutCode\Miniconda3\envs\yolo\lib\site-packages\torch\include\ATen/ops/col2im_ops.h
注意: 包含文件:          D:\APP\AboutCode\Miniconda3\envs\yolo\lib\site-packages\torch\include\ATen/ops/col_indices.h
注意: 包含文件:          D:\APP\AboutCode\Miniconda3\envs\yolo\lib\site-packages\torch\include\ATen/ops/col_indices_copy.h
注意: 包含文件:           D:\APP\AboutCode\Miniconda3\envs\yolo\lib\site-packages\torch\include\ATen/ops/col_indices_copy_ops.h
注意: 包含文件:          D:\APP\AboutCode\Miniconda3\envs\yolo\lib\site-packages\torch\include\ATen/ops/column_stack.h
注意: 包含文件:           D:\APP\AboutCode\Miniconda3\envs\yolo\lib\site-packages\torch\include\ATen/ops/column_stack_ops.h
注意: 包含文件:          D:\APP\AboutCode\Miniconda3\envs\yolo\lib\site-packages\torch\include\ATen/ops/combinations.h
注意: 包含文件:           D:\APP\AboutCode\Miniconda3\envs\yolo\lib\site-packages\torch\include\ATen/ops/combinations_ops.h
注意: 包含文件:          D:\APP\AboutCode\Miniconda3\envs\yolo\lib\site-packages\torch\include\ATen/ops/complex.h
注意: 包含文件:           D:\APP\AboutCode\Miniconda3\envs\yolo\lib\site-packages\torch\include\ATen/ops/complex_ops.h
注意: 包含文件:          D:\APP\AboutCode\Miniconda3\envs\yolo\lib\site-packages\torch\include\ATen/ops/concat.h
注意: 包含文件:           D:\APP\AboutCode\Miniconda3\envs\yolo\lib\site-packages\torch\include\ATen/ops/concat_ops.h
注意: 包含文件:          D:\APP\AboutCode\Miniconda3\envs\yolo\lib\site-packages\torch\include\ATen/ops/concatenate.h
注意: 包含文件:           D:\APP\AboutCode\Miniconda3\envs\yolo\lib\site-packages\torch\include\ATen/ops/concatenate_ops.h
注意: 包含文件:          D:\APP\AboutCode\Miniconda3\envs\yolo\lib\site-packages\torch\include\ATen/ops/conj.h
注意: 包含文件:          D:\APP\AboutCode\Miniconda3\envs\yolo\lib\site-packages\torch\include\ATen/ops/conj_physical.h
注意: 包含文件:          D:\APP\AboutCode\Miniconda3\envs\yolo\lib\site-packages\torch\include\ATen/ops/constant_pad_nd.h
注意: 包含文件:           D:\APP\AboutCode\Miniconda3\envs\yolo\lib\site-packages\torch\include\ATen/ops/constant_pad_nd_ops.h
注意: 包含文件:          D:\APP\AboutCode\Miniconda3\envs\yolo\lib\site-packages\torch\include\ATen/ops/contiguous.h
注意: 包含文件:          D:\APP\AboutCode\Miniconda3\envs\yolo\lib\site-packages\torch\include\ATen/ops/conv1d.h
注意: 包含文件:           D:\APP\AboutCode\Miniconda3\envs\yolo\lib\site-packages\torch\include\ATen/ops/conv1d_ops.h
注意: 包含文件:          D:\APP\AboutCode\Miniconda3\envs\yolo\lib\site-packages\torch\include\ATen/ops/conv2d.h
注意: 包含文件:           D:\APP\AboutCode\Miniconda3\envs\yolo\lib\site-packages\torch\include\ATen/ops/conv2d_ops.h
注意: 包含文件:          D:\APP\AboutCode\Miniconda3\envs\yolo\lib\site-packages\torch\include\ATen/ops/conv3d.h
注意: 包含文件:           D:\APP\AboutCode\Miniconda3\envs\yolo\lib\site-packages\torch\include\ATen/ops/conv3d_ops.h
注意: 包含文件:          D:\APP\AboutCode\Miniconda3\envs\yolo\lib\site-packages\torch\include\ATen/ops/conv_depthwise3d.h
注意: 包含文件:           D:\APP\AboutCode\Miniconda3\envs\yolo\lib\site-packages\torch\include\ATen/ops/conv_depthwise3d_ops.h
注意: 包含文件:          D:\APP\AboutCode\Miniconda3\envs\yolo\lib\site-packages\torch\include\ATen/ops/conv_tbc.h
注意: 包含文件:           D:\APP\AboutCode\Miniconda3\envs\yolo\lib\site-packages\torch\include\ATen/ops/conv_tbc_ops.h
注意: 包含文件:          D:\APP\AboutCode\Miniconda3\envs\yolo\lib\site-packages\torch\include\ATen/ops/conv_tbc_backward.h
注意: 包含文件:           D:\APP\AboutCode\Miniconda3\envs\yolo\lib\site-packages\torch\include\ATen/ops/conv_tbc_backward_ops.h
注意: 包含文件:          D:\APP\AboutCode\Miniconda3\envs\yolo\lib\site-packages\torch\include\ATen/ops/conv_transpose1d.h
注意: 包含文件:           D:\APP\AboutCode\Miniconda3\envs\yolo\lib\site-packages\torch\include\ATen/ops/conv_transpose1d_ops.h
注意: 包含文件:          D:\APP\AboutCode\Miniconda3\envs\yolo\lib\site-packages\torch\include\ATen/ops/conv_transpose2d.h
注意: 包含文件:           D:\APP\AboutCode\Miniconda3\envs\yolo\lib\site-packages\torch\include\ATen/ops/conv_transpose2d_ops.h
注意: 包含文件:          D:\APP\AboutCode\Miniconda3\envs\yolo\lib\site-packages\torch\include\ATen/ops/conv_transpose3d.h
注意: 包含文件:           D:\APP\AboutCode\Miniconda3\envs\yolo\lib\site-packages\torch\include\ATen/ops/conv_transpose3d_ops.h
注意: 包含文件:          D:\APP\AboutCode\Miniconda3\envs\yolo\lib\site-packages\torch\include\ATen/ops/convolution.h
注意: 包含文件:           D:\APP\AboutCode\Miniconda3\envs\yolo\lib\site-packages\torch\include\ATen/ops/convolution_ops.h
注意: 包含文件:          D:\APP\AboutCode\Miniconda3\envs\yolo\lib\site-packages\torch\include\ATen/ops/convolution_backward.h
注意: 包含文件:           D:\APP\AboutCode\Miniconda3\envs\yolo\lib\site-packages\torch\include\ATen/ops/convolution_backward_ops.h
注意: 包含文件:          D:\APP\AboutCode\Miniconda3\envs\yolo\lib\site-packages\torch\include\ATen/ops/convolution_backward_overrideable.h
注意: 包含文件:           D:\APP\AboutCode\Miniconda3\envs\yolo\lib\site-packages\torch\include\ATen/ops/convolution_backward_overrideable_ops.h
注意: 包含文件:          D:\APP\AboutCode\Miniconda3\envs\yolo\lib\site-packages\torch\include\ATen/ops/convolution_overrideable.h
注意: 包含文件:           D:\APP\AboutCode\Miniconda3\envs\yolo\lib\site-packages\torch\include\ATen/ops/convolution_overrideable_ops.h
注意: 包含文件:          D:\APP\AboutCode\Miniconda3\envs\yolo\lib\site-packages\torch\include\ATen/ops/copy.h
注意: 包含文件:          D:\APP\AboutCode\Miniconda3\envs\yolo\lib\site-packages\torch\include\ATen/ops/copy_sparse_to_sparse.h
注意: 包含文件:           D:\APP\AboutCode\Miniconda3\envs\yolo\lib\site-packages\torch\include\ATen/ops/copy_sparse_to_sparse_ops.h
注意: 包含文件:          D:\APP\AboutCode\Miniconda3\envs\yolo\lib\site-packages\torch\include\ATen/ops/copysign.h
注意: 包含文件:          D:\APP\AboutCode\Miniconda3\envs\yolo\lib\site-packages\torch\include\ATen/ops/corrcoef.h
注意: 包含文件:          D:\APP\AboutCode\Miniconda3\envs\yolo\lib\site-packages\torch\include\ATen/ops/cos.h
注意: 包含文件:          D:\APP\AboutCode\Miniconda3\envs\yolo\lib\site-packages\torch\include\ATen/ops/cosh.h
注意: 包含文件:          D:\APP\AboutCode\Miniconda3\envs\yolo\lib\site-packages\torch\include\ATen/ops/cosine_embedding_loss.h
注意: 包含文件:           D:\APP\AboutCode\Miniconda3\envs\yolo\lib\site-packages\torch\include\ATen/ops/cosine_embedding_loss_ops.h
注意: 包含文件:          D:\APP\AboutCode\Miniconda3\envs\yolo\lib\site-packages\torch\include\ATen/ops/cosine_similarity.h
注意: 包含文件:           D:\APP\AboutCode\Miniconda3\envs\yolo\lib\site-packages\torch\include\ATen/ops/cosine_similarity_ops.h
注意: 包含文件:          D:\APP\AboutCode\Miniconda3\envs\yolo\lib\site-packages\torch\include\ATen/ops/count_nonzero.h
注意: 包含文件:          D:\APP\AboutCode\Miniconda3\envs\yolo\lib\site-packages\torch\include\ATen/ops/cov.h
注意: 包含文件:          D:\APP\AboutCode\Miniconda3\envs\yolo\lib\site-packages\torch\include\ATen/ops/cross.h
注意: 包含文件:          D:\APP\AboutCode\Miniconda3\envs\yolo\lib\site-packages\torch\include\ATen/ops/cross_entropy_loss.h
注意: 包含文件:           D:\APP\AboutCode\Miniconda3\envs\yolo\lib\site-packages\torch\include\ATen/ops/cross_entropy_loss_ops.h
注意: 包含文件:          D:\APP\AboutCode\Miniconda3\envs\yolo\lib\site-packages\torch\include\ATen/ops/crow_indices.h
注意: 包含文件:          D:\APP\AboutCode\Miniconda3\envs\yolo\lib\site-packages\torch\include\ATen/ops/crow_indices_copy.h
注意: 包含文件:           D:\APP\AboutCode\Miniconda3\envs\yolo\lib\site-packages\torch\include\ATen/ops/crow_indices_copy_ops.h
注意: 包含文件:          D:\APP\AboutCode\Miniconda3\envs\yolo\lib\site-packages\torch\include\ATen/ops/ctc_loss.h
注意: 包含文件:           D:\APP\AboutCode\Miniconda3\envs\yolo\lib\site-packages\torch\include\ATen/ops/ctc_loss_ops.h
注意: 包含文件:          D:\APP\AboutCode\Miniconda3\envs\yolo\lib\site-packages\torch\include\ATen/ops/cudnn_affine_grid_generator.h
注意: 包含文件:           D:\APP\AboutCode\Miniconda3\envs\yolo\lib\site-packages\torch\include\ATen/ops/cudnn_affine_grid_generator_ops.h
注意: 包含文件:          D:\APP\AboutCode\Miniconda3\envs\yolo\lib\site-packages\torch\include\ATen/ops/cudnn_affine_grid_generator_backward.h
注意: 包含文件:           D:\APP\AboutCode\Miniconda3\envs\yolo\lib\site-packages\torch\include\ATen/ops/cudnn_affine_grid_generator_backward_ops.h
注意: 包含文件:          D:\APP\AboutCode\Miniconda3\envs\yolo\lib\site-packages\torch\include\ATen/ops/cudnn_batch_norm.h
注意: 包含文件:           D:\APP\AboutCode\Miniconda3\envs\yolo\lib\site-packages\torch\include\ATen/ops/cudnn_batch_norm_ops.h
注意: 包含文件:          D:\APP\AboutCode\Miniconda3\envs\yolo\lib\site-packages\torch\include\ATen/ops/cudnn_batch_norm_backward.h
注意: 包含文件:           D:\APP\AboutCode\Miniconda3\envs\yolo\lib\site-packages\torch\include\ATen/ops/cudnn_batch_norm_backward_ops.h
注意: 包含文件:          D:\APP\AboutCode\Miniconda3\envs\yolo\lib\site-packages\torch\include\ATen/ops/cudnn_convolution.h
注意: 包含文件:           D:\APP\AboutCode\Miniconda3\envs\yolo\lib\site-packages\torch\include\ATen/ops/cudnn_convolution_ops.h
注意: 包含文件:          D:\APP\AboutCode\Miniconda3\envs\yolo\lib\site-packages\torch\include\ATen/ops/cudnn_convolution_add_relu.h
注意: 包含文件:           D:\APP\AboutCode\Miniconda3\envs\yolo\lib\site-packages\torch\include\ATen/ops/cudnn_convolution_add_relu_ops.h
注意: 包含文件:          D:\APP\AboutCode\Miniconda3\envs\yolo\lib\site-packages\torch\include\ATen/ops/cudnn_convolution_relu.h
注意: 包含文件:           D:\APP\AboutCode\Miniconda3\envs\yolo\lib\site-packages\torch\include\ATen/ops/cudnn_convolution_relu_ops.h
注意: 包含文件:          D:\APP\AboutCode\Miniconda3\envs\yolo\lib\site-packages\torch\include\ATen/ops/cudnn_convolution_transpose.h
注意: 包含文件:           D:\APP\AboutCode\Miniconda3\envs\yolo\lib\site-packages\torch\include\ATen/ops/cudnn_convolution_transpose_ops.h
注意: 包含文件:          D:\APP\AboutCode\Miniconda3\envs\yolo\lib\site-packages\torch\include\ATen/ops/cudnn_grid_sampler.h
注意: 包含文件:           D:\APP\AboutCode\Miniconda3\envs\yolo\lib\site-packages\torch\include\ATen/ops/cudnn_grid_sampler_ops.h
注意: 包含文件:          D:\APP\AboutCode\Miniconda3\envs\yolo\lib\site-packages\torch\include\ATen/ops/cudnn_grid_sampler_backward.h
注意: 包含文件:           D:\APP\AboutCode\Miniconda3\envs\yolo\lib\site-packages\torch\include\ATen/ops/cudnn_grid_sampler_backward_ops.h
注意: 包含文件:          D:\APP\AboutCode\Miniconda3\envs\yolo\lib\site-packages\torch\include\ATen/ops/cudnn_is_acceptable.h
注意: 包含文件:           D:\APP\AboutCode\Miniconda3\envs\yolo\lib\site-packages\torch\include\ATen/ops/cudnn_is_acceptable_ops.h
注意: 包含文件:          D:\APP\AboutCode\Miniconda3\envs\yolo\lib\site-packages\torch\include\ATen/ops/cummax.h
注意: 包含文件:          D:\APP\AboutCode\Miniconda3\envs\yolo\lib\site-packages\torch\include\ATen/ops/cummaxmin_backward.h
注意: 包含文件:           D:\APP\AboutCode\Miniconda3\envs\yolo\lib\site-packages\torch\include\ATen/ops/cummaxmin_backward_ops.h
注意: 包含文件:          D:\APP\AboutCode\Miniconda3\envs\yolo\lib\site-packages\torch\include\ATen/ops/cummin.h
注意: 包含文件:          D:\APP\AboutCode\Miniconda3\envs\yolo\lib\site-packages\torch\include\ATen/ops/cumprod.h
注意: 包含文件:          D:\APP\AboutCode\Miniconda3\envs\yolo\lib\site-packages\torch\include\ATen/ops/cumprod_backward.h
注意: 包含文件:           D:\APP\AboutCode\Miniconda3\envs\yolo\lib\site-packages\torch\include\ATen/ops/cumprod_backward_ops.h
注意: 包含文件:          D:\APP\AboutCode\Miniconda3\envs\yolo\lib\site-packages\torch\include\ATen/ops/cumsum.h
注意: 包含文件:          D:\APP\AboutCode\Miniconda3\envs\yolo\lib\site-packages\torch\include\ATen/ops/cumulative_trapezoid.h
注意: 包含文件:           D:\APP\AboutCode\Miniconda3\envs\yolo\lib\site-packages\torch\include\ATen/ops/cumulative_trapezoid_ops.h
注意: 包含文件:          D:\APP\AboutCode\Miniconda3\envs\yolo\lib\site-packages\torch\include\ATen/ops/data.h
注意: 包含文件:          D:\APP\AboutCode\Miniconda3\envs\yolo\lib\site-packages\torch\include\ATen/ops/deg2rad.h
注意: 包含文件:          D:\APP\AboutCode\Miniconda3\envs\yolo\lib\site-packages\torch\include\ATen/ops/dense_dim.h
注意: 包含文件:          D:\APP\AboutCode\Miniconda3\envs\yolo\lib\site-packages\torch\include\ATen/ops/dequantize.h
注意: 包含文件:          D:\APP\AboutCode\Miniconda3\envs\yolo\lib\site-packages\torch\include\ATen/ops/det.h
注意: 包含文件:          D:\APP\AboutCode\Miniconda3\envs\yolo\lib\site-packages\torch\include\ATen/ops/detach.h
注意: 包含文件:          D:\APP\AboutCode\Miniconda3\envs\yolo\lib\site-packages\torch\include\ATen/ops/detach_copy.h
注意: 包含文件:           D:\APP\AboutCode\Miniconda3\envs\yolo\lib\site-packages\torch\include\ATen/ops/detach_copy_ops.h
注意: 包含文件:          D:\APP\AboutCode\Miniconda3\envs\yolo\lib\site-packages\torch\include\ATen/ops/diag.h
注意: 包含文件:          D:\APP\AboutCode\Miniconda3\envs\yolo\lib\site-packages\torch\include\ATen/ops/diag_embed.h
注意: 包含文件:          D:\APP\AboutCode\Miniconda3\envs\yolo\lib\site-packages\torch\include\ATen/ops/diagflat.h
注意: 包含文件:          D:\APP\AboutCode\Miniconda3\envs\yolo\lib\site-packages\torch\include\ATen/ops/diagonal.h
注意: 包含文件:          D:\APP\AboutCode\Miniconda3\envs\yolo\lib\site-packages\torch\include\ATen/ops/diagonal_backward.h
注意: 包含文件:           D:\APP\AboutCode\Miniconda3\envs\yolo\lib\site-packages\torch\include\ATen/ops/diagonal_backward_ops.h
注意: 包含文件:          D:\APP\AboutCode\Miniconda3\envs\yolo\lib\site-packages\torch\include\ATen/ops/diagonal_copy.h
注意: 包含文件:           D:\APP\AboutCode\Miniconda3\envs\yolo\lib\site-packages\torch\include\ATen/ops/diagonal_copy_ops.h
注意: 包含文件:          D:\APP\AboutCode\Miniconda3\envs\yolo\lib\site-packages\torch\include\ATen/ops/diagonal_scatter.h
注意: 包含文件:          D:\APP\AboutCode\Miniconda3\envs\yolo\lib\site-packages\torch\include\ATen/ops/diff.h
注意: 包含文件:          D:\APP\AboutCode\Miniconda3\envs\yolo\lib\site-packages\torch\include\ATen/ops/digamma.h
注意: 包含文件:          D:\APP\AboutCode\Miniconda3\envs\yolo\lib\site-packages\torch\include\ATen/ops/dist.h
注意: 包含文件:          D:\APP\AboutCode\Miniconda3\envs\yolo\lib\site-packages\torch\include\ATen/ops/div.h
注意: 包含文件:          D:\APP\AboutCode\Miniconda3\envs\yolo\lib\site-packages\torch\include\ATen/ops/divide.h
注意: 包含文件:          D:\APP\AboutCode\Miniconda3\envs\yolo\lib\site-packages\torch\include\ATen/ops/dot.h
注意: 包含文件:          D:\APP\AboutCode\Miniconda3\envs\yolo\lib\site-packages\torch\include\ATen/ops/dropout.h
注意: 包含文件:           D:\APP\AboutCode\Miniconda3\envs\yolo\lib\site-packages\torch\include\ATen/ops/dropout_ops.h
注意: 包含文件:          D:\APP\AboutCode\Miniconda3\envs\yolo\lib\site-packages\torch\include\ATen/ops/dsplit.h
注意: 包含文件:          D:\APP\AboutCode\Miniconda3\envs\yolo\lib\site-packages\torch\include\ATen/ops/dstack.h
注意: 包含文件:           D:\APP\AboutCode\Miniconda3\envs\yolo\lib\site-packages\torch\include\ATen/ops/dstack_ops.h
注意: 包含文件:          D:\APP\AboutCode\Miniconda3\envs\yolo\lib\site-packages\torch\include\ATen/ops/einsum.h
注意: 包含文件:           D:\APP\AboutCode\Miniconda3\envs\yolo\lib\site-packages\torch\include\ATen/ops/einsum_ops.h
注意: 包含文件:          D:\APP\AboutCode\Miniconda3\envs\yolo\lib\site-packages\torch\include\ATen/ops/elu.h
注意: 包含文件:           D:\APP\AboutCode\Miniconda3\envs\yolo\lib\site-packages\torch\include\ATen/ops/elu_ops.h
注意: 包含文件:          D:\APP\AboutCode\Miniconda3\envs\yolo\lib\site-packages\torch\include\ATen/ops/elu_backward.h
注意: 包含文件:           D:\APP\AboutCode\Miniconda3\envs\yolo\lib\site-packages\torch\include\ATen/ops/elu_backward_ops.h
注意: 包含文件:          D:\APP\AboutCode\Miniconda3\envs\yolo\lib\site-packages\torch\include\ATen/ops/embedding.h
注意: 包含文件:           D:\APP\AboutCode\Miniconda3\envs\yolo\lib\site-packages\torch\include\ATen/ops/embedding_ops.h
注意: 包含文件:          D:\APP\AboutCode\Miniconda3\envs\yolo\lib\site-packages\torch\include\ATen/ops/embedding_backward.h
注意: 包含文件:           D:\APP\AboutCode\Miniconda3\envs\yolo\lib\site-packages\torch\include\ATen/ops/embedding_backward_ops.h
注意: 包含文件:          D:\APP\AboutCode\Miniconda3\envs\yolo\lib\site-packages\torch\include\ATen/ops/embedding_bag.h
注意: 包含文件:           D:\APP\AboutCode\Miniconda3\envs\yolo\lib\site-packages\torch\include\ATen/ops/embedding_bag_ops.h
注意: 包含文件:          D:\APP\AboutCode\Miniconda3\envs\yolo\lib\site-packages\torch\include\ATen/ops/embedding_dense_backward.h
注意: 包含文件:           D:\APP\AboutCode\Miniconda3\envs\yolo\lib\site-packages\torch\include\ATen/ops/embedding_dense_backward_ops.h
注意: 包含文件:          D:\APP\AboutCode\Miniconda3\envs\yolo\lib\site-packages\torch\include\ATen/ops/embedding_renorm.h
注意: 包含文件:           D:\APP\AboutCode\Miniconda3\envs\yolo\lib\site-packages\torch\include\ATen/ops/embedding_renorm_ops.h
注意: 包含文件:          D:\APP\AboutCode\Miniconda3\envs\yolo\lib\site-packages\torch\include\ATen/ops/embedding_sparse_backward.h
注意: 包含文件:           D:\APP\AboutCode\Miniconda3\envs\yolo\lib\site-packages\torch\include\ATen/ops/embedding_sparse_backward_ops.h
注意: 包含文件:          D:\APP\AboutCode\Miniconda3\envs\yolo\lib\site-packages\torch\include\ATen/ops/empty.h
注意: 包含文件:           D:\APP\AboutCode\Miniconda3\envs\yolo\lib\site-packages\torch\include\ATen/ops/empty_ops.h
注意: 包含文件:          D:\APP\AboutCode\Miniconda3\envs\yolo\lib\site-packages\torch\include\ATen/ops/empty_like.h
注意: 包含文件:           D:\APP\AboutCode\Miniconda3\envs\yolo\lib\site-packages\torch\include\ATen/ops/empty_like_ops.h
注意: 包含文件:          D:\APP\AboutCode\Miniconda3\envs\yolo\lib\site-packages\torch\include\ATen/ops/empty_permuted.h
注意: 包含文件:           D:\APP\AboutCode\Miniconda3\envs\yolo\lib\site-packages\torch\include\ATen/ops/empty_permuted_ops.h
注意: 包含文件:          D:\APP\AboutCode\Miniconda3\envs\yolo\lib\site-packages\torch\include\ATen/ops/empty_quantized.h
注意: 包含文件:           D:\APP\AboutCode\Miniconda3\envs\yolo\lib\site-packages\torch\include\ATen/ops/empty_quantized_ops.h
注意: 包含文件:          D:\APP\AboutCode\Miniconda3\envs\yolo\lib\site-packages\torch\include\ATen/ops/empty_strided.h
注意: 包含文件:           D:\APP\AboutCode\Miniconda3\envs\yolo\lib\site-packages\torch\include\ATen/ops/empty_strided_ops.h
注意: 包含文件:          D:\APP\AboutCode\Miniconda3\envs\yolo\lib\site-packages\torch\include\ATen/ops/eq.h
注意: 包含文件:          D:\APP\AboutCode\Miniconda3\envs\yolo\lib\site-packages\torch\include\ATen/ops/equal.h
注意: 包含文件:          D:\APP\AboutCode\Miniconda3\envs\yolo\lib\site-packages\torch\include\ATen/ops/erf.h
注意: 包含文件:          D:\APP\AboutCode\Miniconda3\envs\yolo\lib\site-packages\torch\include\ATen/ops/erfc.h
注意: 包含文件:          D:\APP\AboutCode\Miniconda3\envs\yolo\lib\site-packages\torch\include\ATen/ops/erfinv.h
注意: 包含文件:          D:\APP\AboutCode\Miniconda3\envs\yolo\lib\site-packages\torch\include\ATen/ops/exp.h
注意: 包含文件:          D:\APP\AboutCode\Miniconda3\envs\yolo\lib\site-packages\torch\include\ATen/ops/exp2.h
注意: 包含文件:          D:\APP\AboutCode\Miniconda3\envs\yolo\lib\site-packages\torch\include\ATen/ops/expand.h
注意: 包含文件:          D:\APP\AboutCode\Miniconda3\envs\yolo\lib\site-packages\torch\include\ATen/ops/expand_as.h
注意: 包含文件:          D:\APP\AboutCode\Miniconda3\envs\yolo\lib\site-packages\torch\include\ATen/ops/expand_copy.h
注意: 包含文件:           D:\APP\AboutCode\Miniconda3\envs\yolo\lib\site-packages\torch\include\ATen/ops/expand_copy_ops.h
注意: 包含文件:          D:\APP\AboutCode\Miniconda3\envs\yolo\lib\site-packages\torch\include\ATen/ops/expm1.h
注意: 包含文件:          D:\APP\AboutCode\Miniconda3\envs\yolo\lib\site-packages\torch\include\ATen/ops/exponential.h
注意: 包含文件:          D:\APP\AboutCode\Miniconda3\envs\yolo\lib\site-packages\torch\include\ATen/ops/eye.h
注意: 包含文件:           D:\APP\AboutCode\Miniconda3\envs\yolo\lib\site-packages\torch\include\ATen/ops/eye_ops.h
注意: 包含文件:          D:\APP\AboutCode\Miniconda3\envs\yolo\lib\site-packages\torch\include\ATen/ops/fake_quantize_per_channel_affine.h
注意: 包含文件:           D:\APP\AboutCode\Miniconda3\envs\yolo\lib\site-packages\torch\include\ATen/ops/fake_quantize_per_channel_affine_ops.h
注意: 包含文件:          D:\APP\AboutCode\Miniconda3\envs\yolo\lib\site-packages\torch\include\ATen/ops/fake_quantize_per_channel_affine_cachemask.h
注意: 包含文件:           D:\APP\AboutCode\Miniconda3\envs\yolo\lib\site-packages\torch\include\ATen/ops/fake_quantize_per_channel_affine_cachemask_ops.h
注意: 包含文件:          D:\APP\AboutCode\Miniconda3\envs\yolo\lib\site-packages\torch\include\ATen/ops/fake_quantize_per_channel_affine_cachemask_backward.h
注意: 包含文件:           D:\APP\AboutCode\Miniconda3\envs\yolo\lib\site-packages\torch\include\ATen/ops/fake_quantize_per_channel_affine_cachemask_backward_ops.h
注意: 包含文件:          D:\APP\AboutCode\Miniconda3\envs\yolo\lib\site-packages\torch\include\ATen/ops/fake_quantize_per_tensor_affine.h
注意: 包含文件:           D:\APP\AboutCode\Miniconda3\envs\yolo\lib\site-packages\torch\include\ATen/ops/fake_quantize_per_tensor_affine_ops.h
注意: 包含文件:          D:\APP\AboutCode\Miniconda3\envs\yolo\lib\site-packages\torch\include\ATen/ops/fake_quantize_per_tensor_affine_cachemask.h
注意: 包含文件:           D:\APP\AboutCode\Miniconda3\envs\yolo\lib\site-packages\torch\include\ATen/ops/fake_quantize_per_tensor_affine_cachemask_ops.h
注意: 包含文件:          D:\APP\AboutCode\Miniconda3\envs\yolo\lib\site-packages\torch\include\ATen/ops/fake_quantize_per_tensor_affine_cachemask_backward.h
注意: 包含文件:           D:\APP\AboutCode\Miniconda3\envs\yolo\lib\site-packages\torch\include\ATen/ops/fake_quantize_per_tensor_affine_cachemask_backward_ops.h
注意: 包含文件:          D:\APP\AboutCode\Miniconda3\envs\yolo\lib\site-packages\torch\include\ATen/ops/fbgemm_linear_fp16_weight.h
注意: 包含文件:           D:\APP\AboutCode\Miniconda3\envs\yolo\lib\site-packages\torch\include\ATen/ops/fbgemm_linear_fp16_weight_ops.h
注意: 包含文件:          D:\APP\AboutCode\Miniconda3\envs\yolo\lib\site-packages\torch\include\ATen/ops/fbgemm_linear_fp16_weight_fp32_activation.h
注意: 包含文件:           D:\APP\AboutCode\Miniconda3\envs\yolo\lib\site-packages\torch\include\ATen/ops/fbgemm_linear_fp16_weight_fp32_activation_ops.h
注意: 包含文件:          D:\APP\AboutCode\Miniconda3\envs\yolo\lib\site-packages\torch\include\ATen/ops/fbgemm_linear_int8_weight.h
注意: 包含文件:           D:\APP\AboutCode\Miniconda3\envs\yolo\lib\site-packages\torch\include\ATen/ops/fbgemm_linear_int8_weight_ops.h
注意: 包含文件:          D:\APP\AboutCode\Miniconda3\envs\yolo\lib\site-packages\torch\include\ATen/ops/fbgemm_linear_int8_weight_fp32_activation.h
注意: 包含文件:           D:\APP\AboutCode\Miniconda3\envs\yolo\lib\site-packages\torch\include\ATen/ops/fbgemm_linear_int8_weight_fp32_activation_ops.h
注意: 包含文件:          D:\APP\AboutCode\Miniconda3\envs\yolo\lib\site-packages\torch\include\ATen/ops/fbgemm_linear_quantize_weight.h
注意: 包含文件:           D:\APP\AboutCode\Miniconda3\envs\yolo\lib\site-packages\torch\include\ATen/ops/fbgemm_linear_quantize_weight_ops.h
注意: 包含文件:          D:\APP\AboutCode\Miniconda3\envs\yolo\lib\site-packages\torch\include\ATen/ops/fbgemm_pack_gemm_matrix_fp16.h
注意: 包含文件:           D:\APP\AboutCode\Miniconda3\envs\yolo\lib\site-packages\torch\include\ATen/ops/fbgemm_pack_gemm_matrix_fp16_ops.h
注意: 包含文件:          D:\APP\AboutCode\Miniconda3\envs\yolo\lib\site-packages\torch\include\ATen/ops/fbgemm_pack_quantized_matrix.h
注意: 包含文件:           D:\APP\AboutCode\Miniconda3\envs\yolo\lib\site-packages\torch\include\ATen/ops/fbgemm_pack_quantized_matrix_ops.h
注意: 包含文件:          D:\APP\AboutCode\Miniconda3\envs\yolo\lib\site-packages\torch\include\ATen/ops/feature_alpha_dropout.h
注意: 包含文件:           D:\APP\AboutCode\Miniconda3\envs\yolo\lib\site-packages\torch\include\ATen/ops/feature_alpha_dropout_ops.h
注意: 包含文件:          D:\APP\AboutCode\Miniconda3\envs\yolo\lib\site-packages\torch\include\ATen/ops/feature_dropout.h
注意: 包含文件:           D:\APP\AboutCode\Miniconda3\envs\yolo\lib\site-packages\torch\include\ATen/ops/feature_dropout_ops.h
注意: 包含文件:          D:\APP\AboutCode\Miniconda3\envs\yolo\lib\site-packages\torch\include\ATen/ops/fft_fft.h
注意: 包含文件:           D:\APP\AboutCode\Miniconda3\envs\yolo\lib\site-packages\torch\include\ATen/ops/fft_fft_ops.h
注意: 包含文件:          D:\APP\AboutCode\Miniconda3\envs\yolo\lib\site-packages\torch\include\ATen/ops/fft_fft2.h
注意: 包含文件:           D:\APP\AboutCode\Miniconda3\envs\yolo\lib\site-packages\torch\include\ATen/ops/fft_fft2_ops.h
注意: 包含文件:          D:\APP\AboutCode\Miniconda3\envs\yolo\lib\site-packages\torch\include\ATen/ops/fft_fftfreq.h
注意: 包含文件:           D:\APP\AboutCode\Miniconda3\envs\yolo\lib\site-packages\torch\include\ATen/ops/fft_fftfreq_ops.h
注意: 包含文件:          D:\APP\AboutCode\Miniconda3\envs\yolo\lib\site-packages\torch\include\ATen/ops/fft_fftn.h
注意: 包含文件:           D:\APP\AboutCode\Miniconda3\envs\yolo\lib\site-packages\torch\include\ATen/ops/fft_fftn_ops.h
注意: 包含文件:          D:\APP\AboutCode\Miniconda3\envs\yolo\lib\site-packages\torch\include\ATen/ops/fft_fftshift.h
注意: 包含文件:           D:\APP\AboutCode\Miniconda3\envs\yolo\lib\site-packages\torch\include\ATen/ops/fft_fftshift_ops.h
注意: 包含文件:          D:\APP\AboutCode\Miniconda3\envs\yolo\lib\site-packages\torch\include\ATen/ops/fft_hfft.h
注意: 包含文件:           D:\APP\AboutCode\Miniconda3\envs\yolo\lib\site-packages\torch\include\ATen/ops/fft_hfft_ops.h
注意: 包含文件:          D:\APP\AboutCode\Miniconda3\envs\yolo\lib\site-packages\torch\include\ATen/ops/fft_hfft2.h
注意: 包含文件:           D:\APP\AboutCode\Miniconda3\envs\yolo\lib\site-packages\torch\include\ATen/ops/fft_hfft2_ops.h
注意: 包含文件:          D:\APP\AboutCode\Miniconda3\envs\yolo\lib\site-packages\torch\include\ATen/ops/fft_hfftn.h
注意: 包含文件:           D:\APP\AboutCode\Miniconda3\envs\yolo\lib\site-packages\torch\include\ATen/ops/fft_hfftn_ops.h
注意: 包含文件:          D:\APP\AboutCode\Miniconda3\envs\yolo\lib\site-packages\torch\include\ATen/ops/fft_ifft.h
注意: 包含文件:           D:\APP\AboutCode\Miniconda3\envs\yolo\lib\site-packages\torch\include\ATen/ops/fft_ifft_ops.h
注意: 包含文件:          D:\APP\AboutCode\Miniconda3\envs\yolo\lib\site-packages\torch\include\ATen/ops/fft_ifft2.h
注意: 包含文件:           D:\APP\AboutCode\Miniconda3\envs\yolo\lib\site-packages\torch\include\ATen/ops/fft_ifft2_ops.h
注意: 包含文件:          D:\APP\AboutCode\Miniconda3\envs\yolo\lib\site-packages\torch\include\ATen/ops/fft_ifftn.h
注意: 包含文件:           D:\APP\AboutCode\Miniconda3\envs\yolo\lib\site-packages\torch\include\ATen/ops/fft_ifftn_ops.h
注意: 包含文件:          D:\APP\AboutCode\Miniconda3\envs\yolo\lib\site-packages\torch\include\ATen/ops/fft_ifftshift.h
注意: 包含文件:           D:\APP\AboutCode\Miniconda3\envs\yolo\lib\site-packages\torch\include\ATen/ops/fft_ifftshift_ops.h
注意: 包含文件:          D:\APP\AboutCode\Miniconda3\envs\yolo\lib\site-packages\torch\include\ATen/ops/fft_ihfft.h
注意: 包含文件:           D:\APP\AboutCode\Miniconda3\envs\yolo\lib\site-packages\torch\include\ATen/ops/fft_ihfft_ops.h
注意: 包含文件:          D:\APP\AboutCode\Miniconda3\envs\yolo\lib\site-packages\torch\include\ATen/ops/fft_ihfft2.h
注意: 包含文件:           D:\APP\AboutCode\Miniconda3\envs\yolo\lib\site-packages\torch\include\ATen/ops/fft_ihfft2_ops.h
注意: 包含文件:          D:\APP\AboutCode\Miniconda3\envs\yolo\lib\site-packages\torch\include\ATen/ops/fft_ihfftn.h
注意: 包含文件:           D:\APP\AboutCode\Miniconda3\envs\yolo\lib\site-packages\torch\include\ATen/ops/fft_ihfftn_ops.h
注意: 包含文件:          D:\APP\AboutCode\Miniconda3\envs\yolo\lib\site-packages\torch\include\ATen/ops/fft_irfft.h
注意: 包含文件:           D:\APP\AboutCode\Miniconda3\envs\yolo\lib\site-packages\torch\include\ATen/ops/fft_irfft_ops.h
注意: 包含文件:          D:\APP\AboutCode\Miniconda3\envs\yolo\lib\site-packages\torch\include\ATen/ops/fft_irfft2.h
注意: 包含文件:           D:\APP\AboutCode\Miniconda3\envs\yolo\lib\site-packages\torch\include\ATen/ops/fft_irfft2_ops.h
注意: 包含文件:          D:\APP\AboutCode\Miniconda3\envs\yolo\lib\site-packages\torch\include\ATen/ops/fft_irfftn.h
注意: 包含文件:           D:\APP\AboutCode\Miniconda3\envs\yolo\lib\site-packages\torch\include\ATen/ops/fft_irfftn_ops.h
注意: 包含文件:          D:\APP\AboutCode\Miniconda3\envs\yolo\lib\site-packages\torch\include\ATen/ops/fft_rfft.h
注意: 包含文件:           D:\APP\AboutCode\Miniconda3\envs\yolo\lib\site-packages\torch\include\ATen/ops/fft_rfft_ops.h
注意: 包含文件:          D:\APP\AboutCode\Miniconda3\envs\yolo\lib\site-packages\torch\include\ATen/ops/fft_rfft2.h
注意: 包含文件:           D:\APP\AboutCode\Miniconda3\envs\yolo\lib\site-packages\torch\include\ATen/ops/fft_rfft2_ops.h
注意: 包含文件:          D:\APP\AboutCode\Miniconda3\envs\yolo\lib\site-packages\torch\include\ATen/ops/fft_rfftfreq.h
注意: 包含文件:           D:\APP\AboutCode\Miniconda3\envs\yolo\lib\site-packages\torch\include\ATen/ops/fft_rfftfreq_ops.h
注意: 包含文件:          D:\APP\AboutCode\Miniconda3\envs\yolo\lib\site-packages\torch\include\ATen/ops/fft_rfftn.h
注意: 包含文件:           D:\APP\AboutCode\Miniconda3\envs\yolo\lib\site-packages\torch\include\ATen/ops/fft_rfftn_ops.h
注意: 包含文件:          D:\APP\AboutCode\Miniconda3\envs\yolo\lib\site-packages\torch\include\ATen/ops/fill.h
注意: 包含文件:          D:\APP\AboutCode\Miniconda3\envs\yolo\lib\site-packages\torch\include\ATen/ops/fill_diagonal.h
注意: 包含文件:          D:\APP\AboutCode\Miniconda3\envs\yolo\lib\site-packages\torch\include\ATen/ops/fix.h
注意: 包含文件:          D:\APP\AboutCode\Miniconda3\envs\yolo\lib\site-packages\torch\include\ATen/ops/flatten.h
注意: 包含文件:          D:\APP\AboutCode\Miniconda3\envs\yolo\lib\site-packages\torch\include\ATen/ops/flatten_dense_tensors.h
注意: 包含文件:           D:\APP\AboutCode\Miniconda3\envs\yolo\lib\site-packages\torch\include\ATen/ops/flatten_dense_tensors_ops.h
注意: 包含文件:          D:\APP\AboutCode\Miniconda3\envs\yolo\lib\site-packages\torch\include\ATen/ops/flip.h
注意: 包含文件:          D:\APP\AboutCode\Miniconda3\envs\yolo\lib\site-packages\torch\include\ATen/ops/fliplr.h
注意: 包含文件:          D:\APP\AboutCode\Miniconda3\envs\yolo\lib\site-packages\torch\include\ATen/ops/flipud.h
注意: 包含文件:          D:\APP\AboutCode\Miniconda3\envs\yolo\lib\site-packages\torch\include\ATen/ops/float_power.h
注意: 包含文件:          D:\APP\AboutCode\Miniconda3\envs\yolo\lib\site-packages\torch\include\ATen/ops/floor.h
注意: 包含文件:          D:\APP\AboutCode\Miniconda3\envs\yolo\lib\site-packages\torch\include\ATen/ops/floor_divide.h
注意: 包含文件:          D:\APP\AboutCode\Miniconda3\envs\yolo\lib\site-packages\torch\include\ATen/ops/fmax.h
注意: 包含文件:          D:\APP\AboutCode\Miniconda3\envs\yolo\lib\site-packages\torch\include\ATen/ops/fmin.h
注意: 包含文件:          D:\APP\AboutCode\Miniconda3\envs\yolo\lib\site-packages\torch\include\ATen/ops/fmod.h
注意: 包含文件:          D:\APP\AboutCode\Miniconda3\envs\yolo\lib\site-packages\torch\include\ATen/ops/frac.h
注意: 包含文件:          D:\APP\AboutCode\Miniconda3\envs\yolo\lib\site-packages\torch\include\ATen/ops/fractional_max_pool2d.h
注意: 包含文件:           D:\APP\AboutCode\Miniconda3\envs\yolo\lib\site-packages\torch\include\ATen/ops/fractional_max_pool2d_ops.h
注意: 包含文件:          D:\APP\AboutCode\Miniconda3\envs\yolo\lib\site-packages\torch\include\ATen/ops/fractional_max_pool2d_backward.h
注意: 包含文件:           D:\APP\AboutCode\Miniconda3\envs\yolo\lib\site-packages\torch\include\ATen/ops/fractional_max_pool2d_backward_ops.h
注意: 包含文件:          D:\APP\AboutCode\Miniconda3\envs\yolo\lib\site-packages\torch\include\ATen/ops/fractional_max_pool3d.h
注意: 包含文件:           D:\APP\AboutCode\Miniconda3\envs\yolo\lib\site-packages\torch\include\ATen/ops/fractional_max_pool3d_ops.h
注意: 包含文件:          D:\APP\AboutCode\Miniconda3\envs\yolo\lib\site-packages\torch\include\ATen/ops/fractional_max_pool3d_backward.h
注意: 包含文件:           D:\APP\AboutCode\Miniconda3\envs\yolo\lib\site-packages\torch\include\ATen/ops/fractional_max_pool3d_backward_ops.h
注意: 包含文件:          D:\APP\AboutCode\Miniconda3\envs\yolo\lib\site-packages\torch\include\ATen/ops/frexp.h
注意: 包含文件:          D:\APP\AboutCode\Miniconda3\envs\yolo\lib\site-packages\torch\include\ATen/ops/frobenius_norm.h
注意: 包含文件:           D:\APP\AboutCode\Miniconda3\envs\yolo\lib\site-packages\torch\include\ATen/ops/frobenius_norm_ops.h
注意: 包含文件:          D:\APP\AboutCode\Miniconda3\envs\yolo\lib\site-packages\torch\include\ATen/ops/from_file.h
注意: 包含文件:           D:\APP\AboutCode\Miniconda3\envs\yolo\lib\site-packages\torch\include\ATen/ops/from_file_ops.h
注意: 包含文件:          D:\APP\AboutCode\Miniconda3\envs\yolo\lib\site-packages\torch\include\ATen/ops/full.h
注意: 包含文件:           D:\APP\AboutCode\Miniconda3\envs\yolo\lib\site-packages\torch\include\ATen/ops/full_ops.h
注意: 包含文件:          D:\APP\AboutCode\Miniconda3\envs\yolo\lib\site-packages\torch\include\ATen/ops/full_like.h
注意: 包含文件:           D:\APP\AboutCode\Miniconda3\envs\yolo\lib\site-packages\torch\include\ATen/ops/full_like_ops.h
注意: 包含文件:          D:\APP\AboutCode\Miniconda3\envs\yolo\lib\site-packages\torch\include\ATen/ops/fused_moving_avg_obs_fake_quant.h
注意: 包含文件:           D:\APP\AboutCode\Miniconda3\envs\yolo\lib\site-packages\torch\include\ATen/ops/fused_moving_avg_obs_fake_quant_ops.h
注意: 包含文件:          D:\APP\AboutCode\Miniconda3\envs\yolo\lib\site-packages\torch\include\ATen/ops/gather.h
注意: 包含文件:          D:\APP\AboutCode\Miniconda3\envs\yolo\lib\site-packages\torch\include\ATen/ops/gather_backward.h
注意: 包含文件:           D:\APP\AboutCode\Miniconda3\envs\yolo\lib\site-packages\torch\include\ATen/ops/gather_backward_ops.h
注意: 包含文件:          D:\APP\AboutCode\Miniconda3\envs\yolo\lib\site-packages\torch\include\ATen/ops/gcd.h
注意: 包含文件:          D:\APP\AboutCode\Miniconda3\envs\yolo\lib\site-packages\torch\include\ATen/ops/ge.h
注意: 包含文件:          D:\APP\AboutCode\Miniconda3\envs\yolo\lib\site-packages\torch\include\ATen/ops/gelu.h
注意: 包含文件:           D:\APP\AboutCode\Miniconda3\envs\yolo\lib\site-packages\torch\include\ATen/ops/gelu_ops.h
注意: 包含文件:          D:\APP\AboutCode\Miniconda3\envs\yolo\lib\site-packages\torch\include\ATen/ops/gelu_backward.h
注意: 包含文件:           D:\APP\AboutCode\Miniconda3\envs\yolo\lib\site-packages\torch\include\ATen/ops/gelu_backward_ops.h
注意: 包含文件:          D:\APP\AboutCode\Miniconda3\envs\yolo\lib\site-packages\torch\include\ATen/ops/geometric.h
注意: 包含文件:          D:\APP\AboutCode\Miniconda3\envs\yolo\lib\site-packages\torch\include\ATen/ops/geqrf.h
注意: 包含文件:          D:\APP\AboutCode\Miniconda3\envs\yolo\lib\site-packages\torch\include\ATen/ops/ger.h
注意: 包含文件:          D:\APP\AboutCode\Miniconda3\envs\yolo\lib\site-packages\torch\include\ATen/ops/glu.h
注意: 包含文件:           D:\APP\AboutCode\Miniconda3\envs\yolo\lib\site-packages\torch\include\ATen/ops/glu_ops.h
注意: 包含文件:          D:\APP\AboutCode\Miniconda3\envs\yolo\lib\site-packages\torch\include\ATen/ops/glu_backward.h
注意: 包含文件:           D:\APP\AboutCode\Miniconda3\envs\yolo\lib\site-packages\torch\include\ATen/ops/glu_backward_ops.h
注意: 包含文件:          D:\APP\AboutCode\Miniconda3\envs\yolo\lib\site-packages\torch\include\ATen/ops/glu_backward_jvp.h
注意: 包含文件:           D:\APP\AboutCode\Miniconda3\envs\yolo\lib\site-packages\torch\include\ATen/ops/glu_backward_jvp_ops.h
注意: 包含文件:          D:\APP\AboutCode\Miniconda3\envs\yolo\lib\site-packages\torch\include\ATen/ops/glu_jvp.h
注意: 包含文件:           D:\APP\AboutCode\Miniconda3\envs\yolo\lib\site-packages\torch\include\ATen/ops/glu_jvp_ops.h
注意: 包含文件:          D:\APP\AboutCode\Miniconda3\envs\yolo\lib\site-packages\torch\include\ATen/ops/gradient.h
注意: 包含文件:           D:\APP\AboutCode\Miniconda3\envs\yolo\lib\site-packages\torch\include\ATen/ops/gradient_ops.h
注意: 包含文件:          D:\APP\AboutCode\Miniconda3\envs\yolo\lib\site-packages\torch\include\ATen/ops/greater.h
注意: 包含文件:          D:\APP\AboutCode\Miniconda3\envs\yolo\lib\site-packages\torch\include\ATen/ops/greater_equal.h
注意: 包含文件:          D:\APP\AboutCode\Miniconda3\envs\yolo\lib\site-packages\torch\include\ATen/ops/grid_sampler.h
注意: 包含文件:           D:\APP\AboutCode\Miniconda3\envs\yolo\lib\site-packages\torch\include\ATen/ops/grid_sampler_ops.h
注意: 包含文件:          D:\APP\AboutCode\Miniconda3\envs\yolo\lib\site-packages\torch\include\ATen/ops/grid_sampler_2d.h
注意: 包含文件:           D:\APP\AboutCode\Miniconda3\envs\yolo\lib\site-packages\torch\include\ATen/ops/grid_sampler_2d_ops.h
注意: 包含文件:          D:\APP\AboutCode\Miniconda3\envs\yolo\lib\site-packages\torch\include\ATen/ops/grid_sampler_2d_backward.h
注意: 包含文件:           D:\APP\AboutCode\Miniconda3\envs\yolo\lib\site-packages\torch\include\ATen/ops/grid_sampler_2d_backward_ops.h
注意: 包含文件:          D:\APP\AboutCode\Miniconda3\envs\yolo\lib\site-packages\torch\include\ATen/ops/grid_sampler_3d.h
注意: 包含文件:           D:\APP\AboutCode\Miniconda3\envs\yolo\lib\site-packages\torch\include\ATen/ops/grid_sampler_3d_ops.h
注意: 包含文件:          D:\APP\AboutCode\Miniconda3\envs\yolo\lib\site-packages\torch\include\ATen/ops/grid_sampler_3d_backward.h
注意: 包含文件:           D:\APP\AboutCode\Miniconda3\envs\yolo\lib\site-packages\torch\include\ATen/ops/grid_sampler_3d_backward_ops.h
注意: 包含文件:          D:\APP\AboutCode\Miniconda3\envs\yolo\lib\site-packages\torch\include\ATen/ops/group_norm.h
注意: 包含文件:           D:\APP\AboutCode\Miniconda3\envs\yolo\lib\site-packages\torch\include\ATen/ops/group_norm_ops.h
注意: 包含文件:          D:\APP\AboutCode\Miniconda3\envs\yolo\lib\site-packages\torch\include\ATen/ops/gru.h
注意: 包含文件:           D:\APP\AboutCode\Miniconda3\envs\yolo\lib\site-packages\torch\include\ATen/ops/gru_ops.h
注意: 包含文件:          D:\APP\AboutCode\Miniconda3\envs\yolo\lib\site-packages\torch\include\ATen/ops/gru_cell.h
注意: 包含文件:           D:\APP\AboutCode\Miniconda3\envs\yolo\lib\site-packages\torch\include\ATen/ops/gru_cell_ops.h
注意: 包含文件:          D:\APP\AboutCode\Miniconda3\envs\yolo\lib\site-packages\torch\include\ATen/ops/gt.h
注意: 包含文件:          D:\APP\AboutCode\Miniconda3\envs\yolo\lib\site-packages\torch\include\ATen/ops/hamming_window.h
注意: 包含文件:           D:\APP\AboutCode\Miniconda3\envs\yolo\lib\site-packages\torch\include\ATen/ops/hamming_window_ops.h
注意: 包含文件:          D:\APP\AboutCode\Miniconda3\envs\yolo\lib\site-packages\torch\include\ATen/ops/hann_window.h
注意: 包含文件:           D:\APP\AboutCode\Miniconda3\envs\yolo\lib\site-packages\torch\include\ATen/ops/hann_window_ops.h
注意: 包含文件:          D:\APP\AboutCode\Miniconda3\envs\yolo\lib\site-packages\torch\include\ATen/ops/hardshrink.h
注意: 包含文件:          D:\APP\AboutCode\Miniconda3\envs\yolo\lib\site-packages\torch\include\ATen/ops/hardshrink_backward.h
注意: 包含文件:          D:\APP\AboutCode\Miniconda3\envs\yolo\lib\site-packages\torch\include\ATen/ops/hardsigmoid.h
注意: 包含文件:           D:\APP\AboutCode\Miniconda3\envs\yolo\lib\site-packages\torch\include\ATen/ops/hardsigmoid_ops.h
注意: 包含文件:          D:\APP\AboutCode\Miniconda3\envs\yolo\lib\site-packages\torch\include\ATen/ops/hardsigmoid_backward.h
注意: 包含文件:           D:\APP\AboutCode\Miniconda3\envs\yolo\lib\site-packages\torch\include\ATen/ops/hardsigmoid_backward_ops.h
注意: 包含文件:          D:\APP\AboutCode\Miniconda3\envs\yolo\lib\site-packages\torch\include\ATen/ops/hardswish.h
注意: 包含文件:           D:\APP\AboutCode\Miniconda3\envs\yolo\lib\site-packages\torch\include\ATen/ops/hardswish_ops.h
注意: 包含文件:          D:\APP\AboutCode\Miniconda3\envs\yolo\lib\site-packages\torch\include\ATen/ops/hardswish_backward.h
注意: 包含文件:           D:\APP\AboutCode\Miniconda3\envs\yolo\lib\site-packages\torch\include\ATen/ops/hardswish_backward_ops.h
注意: 包含文件:          D:\APP\AboutCode\Miniconda3\envs\yolo\lib\site-packages\torch\include\ATen/ops/hardtanh.h
注意: 包含文件:           D:\APP\AboutCode\Miniconda3\envs\yolo\lib\site-packages\torch\include\ATen/ops/hardtanh_ops.h
注意: 包含文件:          D:\APP\AboutCode\Miniconda3\envs\yolo\lib\site-packages\torch\include\ATen/ops/hardtanh_backward.h
注意: 包含文件:           D:\APP\AboutCode\Miniconda3\envs\yolo\lib\site-packages\torch\include\ATen/ops/hardtanh_backward_ops.h
注意: 包含文件:          D:\APP\AboutCode\Miniconda3\envs\yolo\lib\site-packages\torch\include\ATen/ops/heaviside.h
注意: 包含文件:          D:\APP\AboutCode\Miniconda3\envs\yolo\lib\site-packages\torch\include\ATen/ops/hinge_embedding_loss.h
注意: 包含文件:           D:\APP\AboutCode\Miniconda3\envs\yolo\lib\site-packages\torch\include\ATen/ops/hinge_embedding_loss_ops.h
注意: 包含文件:          D:\APP\AboutCode\Miniconda3\envs\yolo\lib\site-packages\torch\include\ATen/ops/histc.h
注意: 包含文件:          D:\APP\AboutCode\Miniconda3\envs\yolo\lib\site-packages\torch\include\ATen/ops/histogram.h
注意: 包含文件:          D:\APP\AboutCode\Miniconda3\envs\yolo\lib\site-packages\torch\include\ATen/ops/histogramdd.h
注意: 包含文件:           D:\APP\AboutCode\Miniconda3\envs\yolo\lib\site-packages\torch\include\ATen/ops/histogramdd_ops.h
注意: 包含文件:          D:\APP\AboutCode\Miniconda3\envs\yolo\lib\site-packages\torch\include\ATen/ops/hsplit.h
注意: 包含文件:          D:\APP\AboutCode\Miniconda3\envs\yolo\lib\site-packages\torch\include\ATen/ops/hspmm.h
注意: 包含文件:           D:\APP\AboutCode\Miniconda3\envs\yolo\lib\site-packages\torch\include\ATen/ops/hspmm_ops.h
注意: 包含文件:          D:\APP\AboutCode\Miniconda3\envs\yolo\lib\site-packages\torch\include\ATen/ops/hstack.h
注意: 包含文件:           D:\APP\AboutCode\Miniconda3\envs\yolo\lib\site-packages\torch\include\ATen/ops/hstack_ops.h
注意: 包含文件:          D:\APP\AboutCode\Miniconda3\envs\yolo\lib\site-packages\torch\include\ATen/ops/huber_loss.h
注意: 包含文件:           D:\APP\AboutCode\Miniconda3\envs\yolo\lib\site-packages\torch\include\ATen/ops/huber_loss_ops.h
注意: 包含文件:          D:\APP\AboutCode\Miniconda3\envs\yolo\lib\site-packages\torch\include\ATen/ops/huber_loss_backward.h
注意: 包含文件:           D:\APP\AboutCode\Miniconda3\envs\yolo\lib\site-packages\torch\include\ATen/ops/huber_loss_backward_ops.h
注意: 包含文件:          D:\APP\AboutCode\Miniconda3\envs\yolo\lib\site-packages\torch\include\ATen/ops/hypot.h
注意: 包含文件:          D:\APP\AboutCode\Miniconda3\envs\yolo\lib\site-packages\torch\include\ATen/ops/i0.h
注意: 包含文件:          D:\APP\AboutCode\Miniconda3\envs\yolo\lib\site-packages\torch\include\ATen/ops/igamma.h
注意: 包含文件:          D:\APP\AboutCode\Miniconda3\envs\yolo\lib\site-packages\torch\include\ATen/ops/igammac.h
注意: 包含文件:          D:\APP\AboutCode\Miniconda3\envs\yolo\lib\site-packages\torch\include\ATen/ops/im2col.h
注意: 包含文件:           D:\APP\AboutCode\Miniconda3\envs\yolo\lib\site-packages\torch\include\ATen/ops/im2col_ops.h
注意: 包含文件:          D:\APP\AboutCode\Miniconda3\envs\yolo\lib\site-packages\torch\include\ATen/ops/imag.h
注意: 包含文件:           D:\APP\AboutCode\Miniconda3\envs\yolo\lib\site-packages\torch\include\ATen/ops/imag_ops.h
注意: 包含文件:          D:\APP\AboutCode\Miniconda3\envs\yolo\lib\site-packages\torch\include\ATen/ops/index.h
注意: 包含文件:          D:\APP\AboutCode\Miniconda3\envs\yolo\lib\site-packages\torch\include\ATen/ops/index_add.h
注意: 包含文件:          D:\APP\AboutCode\Miniconda3\envs\yolo\lib\site-packages\torch\include\ATen/ops/index_copy.h
注意: 包含文件:          D:\APP\AboutCode\Miniconda3\envs\yolo\lib\site-packages\torch\include\ATen/ops/index_fill.h
注意: 包含文件:          D:\APP\AboutCode\Miniconda3\envs\yolo\lib\site-packages\torch\include\ATen/ops/index_put.h
注意: 包含文件:          D:\APP\AboutCode\Miniconda3\envs\yolo\lib\site-packages\torch\include\ATen/ops/index_reduce.h
注意: 包含文件:          D:\APP\AboutCode\Miniconda3\envs\yolo\lib\site-packages\torch\include\ATen/ops/index_select.h
注意: 包含文件:          D:\APP\AboutCode\Miniconda3\envs\yolo\lib\site-packages\torch\include\ATen/ops/index_select_backward.h
注意: 包含文件:           D:\APP\AboutCode\Miniconda3\envs\yolo\lib\site-packages\torch\include\ATen/ops/index_select_backward_ops.h
注意: 包含文件:          D:\APP\AboutCode\Miniconda3\envs\yolo\lib\site-packages\torch\include\ATen/ops/indices.h
注意: 包含文件:          D:\APP\AboutCode\Miniconda3\envs\yolo\lib\site-packages\torch\include\ATen/ops/indices_copy.h
注意: 包含文件:           D:\APP\AboutCode\Miniconda3\envs\yolo\lib\site-packages\torch\include\ATen/ops/indices_copy_ops.h
注意: 包含文件:          D:\APP\AboutCode\Miniconda3\envs\yolo\lib\site-packages\torch\include\ATen/ops/infinitely_differentiable_gelu_backward.h
注意: 包含文件:           D:\APP\AboutCode\Miniconda3\envs\yolo\lib\site-packages\torch\include\ATen/ops/infinitely_differentiable_gelu_backward_ops.h
注意: 包含文件:          D:\APP\AboutCode\Miniconda3\envs\yolo\lib\site-packages\torch\include\ATen/ops/inner.h
注意: 包含文件:          D:\APP\AboutCode\Miniconda3\envs\yolo\lib\site-packages\torch\include\ATen/ops/instance_norm.h
注意: 包含文件:           D:\APP\AboutCode\Miniconda3\envs\yolo\lib\site-packages\torch\include\ATen/ops/instance_norm_ops.h
注意: 包含文件:          D:\APP\AboutCode\Miniconda3\envs\yolo\lib\site-packages\torch\include\ATen/ops/int_repr.h
注意: 包含文件:          D:\APP\AboutCode\Miniconda3\envs\yolo\lib\site-packages\torch\include\ATen/ops/inverse.h
注意: 包含文件:          D:\APP\AboutCode\Miniconda3\envs\yolo\lib\site-packages\torch\include\ATen/ops/is_coalesced.h
注意: 包含文件:          D:\APP\AboutCode\Miniconda3\envs\yolo\lib\site-packages\torch\include\ATen/ops/is_complex.h
注意: 包含文件:          D:\APP\AboutCode\Miniconda3\envs\yolo\lib\site-packages\torch\include\ATen/ops/is_conj.h
注意: 包含文件:          D:\APP\AboutCode\Miniconda3\envs\yolo\lib\site-packages\torch\include\ATen/ops/is_distributed.h
注意: 包含文件:          D:\APP\AboutCode\Miniconda3\envs\yolo\lib\site-packages\torch\include\ATen/ops/is_floating_point.h
注意: 包含文件:          D:\APP\AboutCode\Miniconda3\envs\yolo\lib\site-packages\torch\include\ATen/ops/is_inference.h
注意: 包含文件:          D:\APP\AboutCode\Miniconda3\envs\yolo\lib\site-packages\torch\include\ATen/ops/is_leaf.h
注意: 包含文件:          D:\APP\AboutCode\Miniconda3\envs\yolo\lib\site-packages\torch\include\ATen/ops/is_neg.h
注意: 包含文件:          D:\APP\AboutCode\Miniconda3\envs\yolo\lib\site-packages\torch\include\ATen/ops/is_nonzero.h
注意: 包含文件:          D:\APP\AboutCode\Miniconda3\envs\yolo\lib\site-packages\torch\include\ATen/ops/is_pinned.h
注意: 包含文件:          D:\APP\AboutCode\Miniconda3\envs\yolo\lib\site-packages\torch\include\ATen/ops/is_same_size.h
注意: 包含文件:          D:\APP\AboutCode\Miniconda3\envs\yolo\lib\site-packages\torch\include\ATen/ops/is_set_to.h
注意: 包含文件:          D:\APP\AboutCode\Miniconda3\envs\yolo\lib\site-packages\torch\include\ATen/ops/is_signed.h
注意: 包含文件:          D:\APP\AboutCode\Miniconda3\envs\yolo\lib\site-packages\torch\include\ATen/ops/is_vulkan_available.h
注意: 包含文件:           D:\APP\AboutCode\Miniconda3\envs\yolo\lib\site-packages\torch\include\ATen/ops/is_vulkan_available_ops.h
注意: 包含文件:          D:\APP\AboutCode\Miniconda3\envs\yolo\lib\site-packages\torch\include\ATen/ops/isclose.h
注意: 包含文件:          D:\APP\AboutCode\Miniconda3\envs\yolo\lib\site-packages\torch\include\ATen/ops/isfinite.h
注意: 包含文件:          D:\APP\AboutCode\Miniconda3\envs\yolo\lib\site-packages\torch\include\ATen/ops/isin.h
注意: 包含文件:           D:\APP\AboutCode\Miniconda3\envs\yolo\lib\site-packages\torch\include\ATen/ops/isin_ops.h
注意: 包含文件:          D:\APP\AboutCode\Miniconda3\envs\yolo\lib\site-packages\torch\include\ATen/ops/isinf.h
注意: 包含文件:          D:\APP\AboutCode\Miniconda3\envs\yolo\lib\site-packages\torch\include\ATen/ops/isnan.h
注意: 包含文件:          D:\APP\AboutCode\Miniconda3\envs\yolo\lib\site-packages\torch\include\ATen/ops/isneginf.h
注意: 包含文件:          D:\APP\AboutCode\Miniconda3\envs\yolo\lib\site-packages\torch\include\ATen/ops/isposinf.h
注意: 包含文件:          D:\APP\AboutCode\Miniconda3\envs\yolo\lib\site-packages\torch\include\ATen/ops/isreal.h
注意: 包含文件:          D:\APP\AboutCode\Miniconda3\envs\yolo\lib\site-packages\torch\include\ATen/ops/istft.h
注意: 包含文件:          D:\APP\AboutCode\Miniconda3\envs\yolo\lib\site-packages\torch\include\ATen/ops/item.h
注意: 包含文件:          D:\APP\AboutCode\Miniconda3\envs\yolo\lib\site-packages\torch\include\ATen/ops/kaiser_window.h
注意: 包含文件:           D:\APP\AboutCode\Miniconda3\envs\yolo\lib\site-packages\torch\include\ATen/ops/kaiser_window_ops.h
注意: 包含文件:          D:\APP\AboutCode\Miniconda3\envs\yolo\lib\site-packages\torch\include\ATen/ops/kl_div.h
注意: 包含文件:           D:\APP\AboutCode\Miniconda3\envs\yolo\lib\site-packages\torch\include\ATen/ops/kl_div_ops.h
注意: 包含文件:          D:\APP\AboutCode\Miniconda3\envs\yolo\lib\site-packages\torch\include\ATen/ops/kron.h
注意: 包含文件:          D:\APP\AboutCode\Miniconda3\envs\yolo\lib\site-packages\torch\include\ATen/ops/kthvalue.h
注意: 包含文件:          D:\APP\AboutCode\Miniconda3\envs\yolo\lib\site-packages\torch\include\ATen/ops/l1_loss.h
注意: 包含文件:           D:\APP\AboutCode\Miniconda3\envs\yolo\lib\site-packages\torch\include\ATen/ops/l1_loss_ops.h
注意: 包含文件:          D:\APP\AboutCode\Miniconda3\envs\yolo\lib\site-packages\torch\include\ATen/ops/layer_norm.h
注意: 包含文件:           D:\APP\AboutCode\Miniconda3\envs\yolo\lib\site-packages\torch\include\ATen/ops/layer_norm_ops.h
注意: 包含文件:          D:\APP\AboutCode\Miniconda3\envs\yolo\lib\site-packages\torch\include\ATen/ops/lcm.h
注意: 包含文件:          D:\APP\AboutCode\Miniconda3\envs\yolo\lib\site-packages\torch\include\ATen/ops/ldexp.h
注意: 包含文件:          D:\APP\AboutCode\Miniconda3\envs\yolo\lib\site-packages\torch\include\ATen/ops/le.h
注意: 包含文件:          D:\APP\AboutCode\Miniconda3\envs\yolo\lib\site-packages\torch\include\ATen/ops/leaky_relu.h
注意: 包含文件:           D:\APP\AboutCode\Miniconda3\envs\yolo\lib\site-packages\torch\include\ATen/ops/leaky_relu_ops.h
注意: 包含文件:          D:\APP\AboutCode\Miniconda3\envs\yolo\lib\site-packages\torch\include\ATen/ops/leaky_relu_backward.h
注意: 包含文件:           D:\APP\AboutCode\Miniconda3\envs\yolo\lib\site-packages\torch\include\ATen/ops/leaky_relu_backward_ops.h
注意: 包含文件:          D:\APP\AboutCode\Miniconda3\envs\yolo\lib\site-packages\torch\include\ATen/ops/lerp.h
注意: 包含文件:          D:\APP\AboutCode\Miniconda3\envs\yolo\lib\site-packages\torch\include\ATen/ops/less.h
注意: 包含文件:          D:\APP\AboutCode\Miniconda3\envs\yolo\lib\site-packages\torch\include\ATen/ops/less_equal.h
注意: 包含文件:          D:\APP\AboutCode\Miniconda3\envs\yolo\lib\site-packages\torch\include\ATen/ops/lgamma.h
注意: 包含文件:          D:\APP\AboutCode\Miniconda3\envs\yolo\lib\site-packages\torch\include\ATen/ops/lift.h
注意: 包含文件:           D:\APP\AboutCode\Miniconda3\envs\yolo\lib\site-packages\torch\include\ATen/ops/lift_ops.h
注意: 包含文件:          D:\APP\AboutCode\Miniconda3\envs\yolo\lib\site-packages\torch\include\ATen/ops/lift_fresh.h
注意: 包含文件:           D:\APP\AboutCode\Miniconda3\envs\yolo\lib\site-packages\torch\include\ATen/ops/lift_fresh_ops.h
注意: 包含文件:          D:\APP\AboutCode\Miniconda3\envs\yolo\lib\site-packages\torch\include\ATen/ops/lift_fresh_copy.h
注意: 包含文件:           D:\APP\AboutCode\Miniconda3\envs\yolo\lib\site-packages\torch\include\ATen/ops/lift_fresh_copy_ops.h
注意: 包含文件:          D:\APP\AboutCode\Miniconda3\envs\yolo\lib\site-packages\torch\include\ATen/ops/linalg_cholesky.h
注意: 包含文件:           D:\APP\AboutCode\Miniconda3\envs\yolo\lib\site-packages\torch\include\ATen/ops/linalg_cholesky_ops.h
注意: 包含文件:          D:\APP\AboutCode\Miniconda3\envs\yolo\lib\site-packages\torch\include\ATen/ops/linalg_cholesky_ex.h
注意: 包含文件:           D:\APP\AboutCode\Miniconda3\envs\yolo\lib\site-packages\torch\include\ATen/ops/linalg_cholesky_ex_ops.h
注意: 包含文件:          D:\APP\AboutCode\Miniconda3\envs\yolo\lib\site-packages\torch\include\ATen/ops/linalg_cond.h
注意: 包含文件:           D:\APP\AboutCode\Miniconda3\envs\yolo\lib\site-packages\torch\include\ATen/ops/linalg_cond_ops.h
注意: 包含文件:          D:\APP\AboutCode\Miniconda3\envs\yolo\lib\site-packages\torch\include\ATen/ops/linalg_cross.h
注意: 包含文件:           D:\APP\AboutCode\Miniconda3\envs\yolo\lib\site-packages\torch\include\ATen/ops/linalg_cross_ops.h
注意: 包含文件:          D:\APP\AboutCode\Miniconda3\envs\yolo\lib\site-packages\torch\include\ATen/ops/linalg_det.h
注意: 包含文件:           D:\APP\AboutCode\Miniconda3\envs\yolo\lib\site-packages\torch\include\ATen/ops/linalg_det_ops.h
注意: 包含文件:          D:\APP\AboutCode\Miniconda3\envs\yolo\lib\site-packages\torch\include\ATen/ops/linalg_diagonal.h
注意: 包含文件:           D:\APP\AboutCode\Miniconda3\envs\yolo\lib\site-packages\torch\include\ATen/ops/linalg_diagonal_ops.h
注意: 包含文件:          D:\APP\AboutCode\Miniconda3\envs\yolo\lib\site-packages\torch\include\ATen/ops/linalg_eig.h
注意: 包含文件:           D:\APP\AboutCode\Miniconda3\envs\yolo\lib\site-packages\torch\include\ATen/ops/linalg_eig_ops.h
注意: 包含文件:          D:\APP\AboutCode\Miniconda3\envs\yolo\lib\site-packages\torch\include\ATen/ops/linalg_eigh.h
注意: 包含文件:           D:\APP\AboutCode\Miniconda3\envs\yolo\lib\site-packages\torch\include\ATen/ops/linalg_eigh_ops.h
注意: 包含文件:          D:\APP\AboutCode\Miniconda3\envs\yolo\lib\site-packages\torch\include\ATen/ops/linalg_eigvals.h
注意: 包含文件:           D:\APP\AboutCode\Miniconda3\envs\yolo\lib\site-packages\torch\include\ATen/ops/linalg_eigvals_ops.h
注意: 包含文件:          D:\APP\AboutCode\Miniconda3\envs\yolo\lib\site-packages\torch\include\ATen/ops/linalg_eigvalsh.h
注意: 包含文件:           D:\APP\AboutCode\Miniconda3\envs\yolo\lib\site-packages\torch\include\ATen/ops/linalg_eigvalsh_ops.h
注意: 包含文件:          D:\APP\AboutCode\Miniconda3\envs\yolo\lib\site-packages\torch\include\ATen/ops/linalg_householder_product.h
注意: 包含文件:           D:\APP\AboutCode\Miniconda3\envs\yolo\lib\site-packages\torch\include\ATen/ops/linalg_householder_product_ops.h
注意: 包含文件:          D:\APP\AboutCode\Miniconda3\envs\yolo\lib\site-packages\torch\include\ATen/ops/linalg_inv.h
注意: 包含文件:           D:\APP\AboutCode\Miniconda3\envs\yolo\lib\site-packages\torch\include\ATen/ops/linalg_inv_ops.h
注意: 包含文件:          D:\APP\AboutCode\Miniconda3\envs\yolo\lib\site-packages\torch\include\ATen/ops/linalg_inv_ex.h
注意: 包含文件:           D:\APP\AboutCode\Miniconda3\envs\yolo\lib\site-packages\torch\include\ATen/ops/linalg_inv_ex_ops.h
注意: 包含文件:          D:\APP\AboutCode\Miniconda3\envs\yolo\lib\site-packages\torch\include\ATen/ops/linalg_ldl_factor.h
注意: 包含文件:           D:\APP\AboutCode\Miniconda3\envs\yolo\lib\site-packages\torch\include\ATen/ops/linalg_ldl_factor_ops.h
注意: 包含文件:          D:\APP\AboutCode\Miniconda3\envs\yolo\lib\site-packages\torch\include\ATen/ops/linalg_ldl_factor_ex.h
注意: 包含文件:           D:\APP\AboutCode\Miniconda3\envs\yolo\lib\site-packages\torch\include\ATen/ops/linalg_ldl_factor_ex_ops.h
注意: 包含文件:          D:\APP\AboutCode\Miniconda3\envs\yolo\lib\site-packages\torch\include\ATen/ops/linalg_ldl_solve.h
注意: 包含文件:           D:\APP\AboutCode\Miniconda3\envs\yolo\lib\site-packages\torch\include\ATen/ops/linalg_ldl_solve_ops.h
注意: 包含文件:          D:\APP\AboutCode\Miniconda3\envs\yolo\lib\site-packages\torch\include\ATen/ops/linalg_lstsq.h
注意: 包含文件:           D:\APP\AboutCode\Miniconda3\envs\yolo\lib\site-packages\torch\include\ATen/ops/linalg_lstsq_ops.h
注意: 包含文件:          D:\APP\AboutCode\Miniconda3\envs\yolo\lib\site-packages\torch\include\ATen/ops/linalg_lu.h
注意: 包含文件:           D:\APP\AboutCode\Miniconda3\envs\yolo\lib\site-packages\torch\include\ATen/ops/linalg_lu_ops.h
注意: 包含文件:          D:\APP\AboutCode\Miniconda3\envs\yolo\lib\site-packages\torch\include\ATen/ops/linalg_lu_factor.h
注意: 包含文件:           D:\APP\AboutCode\Miniconda3\envs\yolo\lib\site-packages\torch\include\ATen/ops/linalg_lu_factor_ops.h
注意: 包含文件:          D:\APP\AboutCode\Miniconda3\envs\yolo\lib\site-packages\torch\include\ATen/ops/linalg_lu_factor_ex.h
注意: 包含文件:           D:\APP\AboutCode\Miniconda3\envs\yolo\lib\site-packages\torch\include\ATen/ops/linalg_lu_factor_ex_ops.h
注意: 包含文件:          D:\APP\AboutCode\Miniconda3\envs\yolo\lib\site-packages\torch\include\ATen/ops/linalg_lu_solve.h
注意: 包含文件:           D:\APP\AboutCode\Miniconda3\envs\yolo\lib\site-packages\torch\include\ATen/ops/linalg_lu_solve_ops.h
注意: 包含文件:          D:\APP\AboutCode\Miniconda3\envs\yolo\lib\site-packages\torch\include\ATen/ops/linalg_matmul.h
注意: 包含文件:           D:\APP\AboutCode\Miniconda3\envs\yolo\lib\site-packages\torch\include\ATen/ops/linalg_matmul_ops.h
注意: 包含文件:          D:\APP\AboutCode\Miniconda3\envs\yolo\lib\site-packages\torch\include\ATen/ops/linalg_matrix_exp.h
注意: 包含文件:           D:\APP\AboutCode\Miniconda3\envs\yolo\lib\site-packages\torch\include\ATen/ops/linalg_matrix_exp_ops.h
注意: 包含文件:          D:\APP\AboutCode\Miniconda3\envs\yolo\lib\site-packages\torch\include\ATen/ops/linalg_matrix_norm.h
注意: 包含文件:           D:\APP\AboutCode\Miniconda3\envs\yolo\lib\site-packages\torch\include\ATen/ops/linalg_matrix_norm_ops.h
注意: 包含文件:          D:\APP\AboutCode\Miniconda3\envs\yolo\lib\site-packages\torch\include\ATen/ops/linalg_matrix_power.h
注意: 包含文件:           D:\APP\AboutCode\Miniconda3\envs\yolo\lib\site-packages\torch\include\ATen/ops/linalg_matrix_power_ops.h
注意: 包含文件:          D:\APP\AboutCode\Miniconda3\envs\yolo\lib\site-packages\torch\include\ATen/ops/linalg_matrix_rank.h
注意: 包含文件:           D:\APP\AboutCode\Miniconda3\envs\yolo\lib\site-packages\torch\include\ATen/ops/linalg_matrix_rank_ops.h
注意: 包含文件:          D:\APP\AboutCode\Miniconda3\envs\yolo\lib\site-packages\torch\include\ATen/ops/linalg_multi_dot.h
注意: 包含文件:           D:\APP\AboutCode\Miniconda3\envs\yolo\lib\site-packages\torch\include\ATen/ops/linalg_multi_dot_ops.h
注意: 包含文件:          D:\APP\AboutCode\Miniconda3\envs\yolo\lib\site-packages\torch\include\ATen/ops/linalg_norm.h
注意: 包含文件:           D:\APP\AboutCode\Miniconda3\envs\yolo\lib\site-packages\torch\include\ATen/ops/linalg_norm_ops.h
注意: 包含文件:          D:\APP\AboutCode\Miniconda3\envs\yolo\lib\site-packages\torch\include\ATen/ops/linalg_pinv.h
注意: 包含文件:           D:\APP\AboutCode\Miniconda3\envs\yolo\lib\site-packages\torch\include\ATen/ops/linalg_pinv_ops.h
注意: 包含文件:          D:\APP\AboutCode\Miniconda3\envs\yolo\lib\site-packages\torch\include\ATen/ops/linalg_qr.h
注意: 包含文件:           D:\APP\AboutCode\Miniconda3\envs\yolo\lib\site-packages\torch\include\ATen/ops/linalg_qr_ops.h
注意: 包含文件:          D:\APP\AboutCode\Miniconda3\envs\yolo\lib\site-packages\torch\include\ATen/ops/linalg_slogdet.h
注意: 包含文件:           D:\APP\AboutCode\Miniconda3\envs\yolo\lib\site-packages\torch\include\ATen/ops/linalg_slogdet_ops.h
注意: 包含文件:          D:\APP\AboutCode\Miniconda3\envs\yolo\lib\site-packages\torch\include\ATen/ops/linalg_solve.h
注意: 包含文件:           D:\APP\AboutCode\Miniconda3\envs\yolo\lib\site-packages\torch\include\ATen/ops/linalg_solve_ops.h
注意: 包含文件:          D:\APP\AboutCode\Miniconda3\envs\yolo\lib\site-packages\torch\include\ATen/ops/linalg_solve_ex.h
注意: 包含文件:           D:\APP\AboutCode\Miniconda3\envs\yolo\lib\site-packages\torch\include\ATen/ops/linalg_solve_ex_ops.h
注意: 包含文件:          D:\APP\AboutCode\Miniconda3\envs\yolo\lib\site-packages\torch\include\ATen/ops/linalg_solve_triangular.h
注意: 包含文件:           D:\APP\AboutCode\Miniconda3\envs\yolo\lib\site-packages\torch\include\ATen/ops/linalg_solve_triangular_ops.h
注意: 包含文件:          D:\APP\AboutCode\Miniconda3\envs\yolo\lib\site-packages\torch\include\ATen/ops/linalg_svd.h
注意: 包含文件:           D:\APP\AboutCode\Miniconda3\envs\yolo\lib\site-packages\torch\include\ATen/ops/linalg_svd_ops.h
注意: 包含文件:          D:\APP\AboutCode\Miniconda3\envs\yolo\lib\site-packages\torch\include\ATen/ops/linalg_svdvals.h
注意: 包含文件:           D:\APP\AboutCode\Miniconda3\envs\yolo\lib\site-packages\torch\include\ATen/ops/linalg_svdvals_ops.h
注意: 包含文件:          D:\APP\AboutCode\Miniconda3\envs\yolo\lib\site-packages\torch\include\ATen/ops/linalg_tensorinv.h
注意: 包含文件:           D:\APP\AboutCode\Miniconda3\envs\yolo\lib\site-packages\torch\include\ATen/ops/linalg_tensorinv_ops.h
注意: 包含文件:          D:\APP\AboutCode\Miniconda3\envs\yolo\lib\site-packages\torch\include\ATen/ops/linalg_tensorsolve.h
注意: 包含文件:           D:\APP\AboutCode\Miniconda3\envs\yolo\lib\site-packages\torch\include\ATen/ops/linalg_tensorsolve_ops.h
注意: 包含文件:          D:\APP\AboutCode\Miniconda3\envs\yolo\lib\site-packages\torch\include\ATen/ops/linalg_vander.h
注意: 包含文件:           D:\APP\AboutCode\Miniconda3\envs\yolo\lib\site-packages\torch\include\ATen/ops/linalg_vander_ops.h
注意: 包含文件:          D:\APP\AboutCode\Miniconda3\envs\yolo\lib\site-packages\torch\include\ATen/ops/linalg_vecdot.h
注意: 包含文件:           D:\APP\AboutCode\Miniconda3\envs\yolo\lib\site-packages\torch\include\ATen/ops/linalg_vecdot_ops.h
注意: 包含文件:          D:\APP\AboutCode\Miniconda3\envs\yolo\lib\site-packages\torch\include\ATen/ops/linalg_vector_norm.h
注意: 包含文件:           D:\APP\AboutCode\Miniconda3\envs\yolo\lib\site-packages\torch\include\ATen/ops/linalg_vector_norm_ops.h
注意: 包含文件:          D:\APP\AboutCode\Miniconda3\envs\yolo\lib\site-packages\torch\include\ATen/ops/linear.h
注意: 包含文件:           D:\APP\AboutCode\Miniconda3\envs\yolo\lib\site-packages\torch\include\ATen/ops/linear_ops.h
注意: 包含文件:          D:\APP\AboutCode\Miniconda3\envs\yolo\lib\site-packages\torch\include\ATen/ops/linear_backward.h
注意: 包含文件:           D:\APP\AboutCode\Miniconda3\envs\yolo\lib\site-packages\torch\include\ATen/ops/linear_backward_ops.h
注意: 包含文件:          D:\APP\AboutCode\Miniconda3\envs\yolo\lib\site-packages\torch\include\ATen/ops/linspace.h
注意: 包含文件:           D:\APP\AboutCode\Miniconda3\envs\yolo\lib\site-packages\torch\include\ATen/ops/linspace_ops.h
注意: 包含文件:          D:\APP\AboutCode\Miniconda3\envs\yolo\lib\site-packages\torch\include\ATen/ops/log.h
注意: 包含文件:          D:\APP\AboutCode\Miniconda3\envs\yolo\lib\site-packages\torch\include\ATen/ops/log10.h
注意: 包含文件:          D:\APP\AboutCode\Miniconda3\envs\yolo\lib\site-packages\torch\include\ATen/ops/log1p.h
注意: 包含文件:          D:\APP\AboutCode\Miniconda3\envs\yolo\lib\site-packages\torch\include\ATen/ops/log2.h
注意: 包含文件:          D:\APP\AboutCode\Miniconda3\envs\yolo\lib\site-packages\torch\include\ATen/ops/log_normal.h
注意: 包含文件:          D:\APP\AboutCode\Miniconda3\envs\yolo\lib\site-packages\torch\include\ATen/ops/log_sigmoid.h
注意: 包含文件:           D:\APP\AboutCode\Miniconda3\envs\yolo\lib\site-packages\torch\include\ATen/ops/log_sigmoid_ops.h
注意: 包含文件:          D:\APP\AboutCode\Miniconda3\envs\yolo\lib\site-packages\torch\include\ATen/ops/log_sigmoid_backward.h
注意: 包含文件:           D:\APP\AboutCode\Miniconda3\envs\yolo\lib\site-packages\torch\include\ATen/ops/log_sigmoid_backward_ops.h
注意: 包含文件:          D:\APP\AboutCode\Miniconda3\envs\yolo\lib\site-packages\torch\include\ATen/ops/log_sigmoid_forward.h
注意: 包含文件:           D:\APP\AboutCode\Miniconda3\envs\yolo\lib\site-packages\torch\include\ATen/ops/log_sigmoid_forward_ops.h
注意: 包含文件:          D:\APP\AboutCode\Miniconda3\envs\yolo\lib\site-packages\torch\include\ATen/ops/log_softmax.h
注意: 包含文件:          D:\APP\AboutCode\Miniconda3\envs\yolo\lib\site-packages\torch\include\ATen/ops/logaddexp.h
注意: 包含文件:          D:\APP\AboutCode\Miniconda3\envs\yolo\lib\site-packages\torch\include\ATen/ops/logaddexp2.h
注意: 包含文件:          D:\APP\AboutCode\Miniconda3\envs\yolo\lib\site-packages\torch\include\ATen/ops/logcumsumexp.h
注意: 包含文件:          D:\APP\AboutCode\Miniconda3\envs\yolo\lib\site-packages\torch\include\ATen/ops/logdet.h
注意: 包含文件:          D:\APP\AboutCode\Miniconda3\envs\yolo\lib\site-packages\torch\include\ATen/ops/logical_and.h
注意: 包含文件:          D:\APP\AboutCode\Miniconda3\envs\yolo\lib\site-packages\torch\include\ATen/ops/logical_not.h
注意: 包含文件:          D:\APP\AboutCode\Miniconda3\envs\yolo\lib\site-packages\torch\include\ATen/ops/logical_or.h
注意: 包含文件:          D:\APP\AboutCode\Miniconda3\envs\yolo\lib\site-packages\torch\include\ATen/ops/logical_xor.h
注意: 包含文件:          D:\APP\AboutCode\Miniconda3\envs\yolo\lib\site-packages\torch\include\ATen/ops/logit.h
注意: 包含文件:          D:\APP\AboutCode\Miniconda3\envs\yolo\lib\site-packages\torch\include\ATen/ops/logit_backward.h
注意: 包含文件:           D:\APP\AboutCode\Miniconda3\envs\yolo\lib\site-packages\torch\include\ATen/ops/logit_backward_ops.h
注意: 包含文件:          D:\APP\AboutCode\Miniconda3\envs\yolo\lib\site-packages\torch\include\ATen/ops/logspace.h
注意: 包含文件:           D:\APP\AboutCode\Miniconda3\envs\yolo\lib\site-packages\torch\include\ATen/ops/logspace_ops.h
注意: 包含文件:          D:\APP\AboutCode\Miniconda3\envs\yolo\lib\site-packages\torch\include\ATen/ops/logsumexp.h
注意: 包含文件:          D:\APP\AboutCode\Miniconda3\envs\yolo\lib\site-packages\torch\include\ATen/ops/lshift.h
注意: 包含文件:          D:\APP\AboutCode\Miniconda3\envs\yolo\lib\site-packages\torch\include\ATen/ops/lstm.h
注意: 包含文件:           D:\APP\AboutCode\Miniconda3\envs\yolo\lib\site-packages\torch\include\ATen/ops/lstm_ops.h
注意: 包含文件:          D:\APP\AboutCode\Miniconda3\envs\yolo\lib\site-packages\torch\include\ATen/ops/lstm_cell.h
注意: 包含文件:           D:\APP\AboutCode\Miniconda3\envs\yolo\lib\site-packages\torch\include\ATen/ops/lstm_cell_ops.h
注意: 包含文件:          D:\APP\AboutCode\Miniconda3\envs\yolo\lib\site-packages\torch\include\ATen/ops/lstm_mps_backward.h
注意: 包含文件:           D:\APP\AboutCode\Miniconda3\envs\yolo\lib\site-packages\torch\include\ATen/ops/lstm_mps_backward_ops.h
注意: 包含文件:          D:\APP\AboutCode\Miniconda3\envs\yolo\lib\site-packages\torch\include\ATen/ops/lt.h
注意: 包含文件:          D:\APP\AboutCode\Miniconda3\envs\yolo\lib\site-packages\torch\include\ATen/ops/lu_solve.h
注意: 包含文件:          D:\APP\AboutCode\Miniconda3\envs\yolo\lib\site-packages\torch\include\ATen/ops/lu_unpack.h
注意: 包含文件:           D:\APP\AboutCode\Miniconda3\envs\yolo\lib\site-packages\torch\include\ATen/ops/lu_unpack_ops.h
注意: 包含文件:          D:\APP\AboutCode\Miniconda3\envs\yolo\lib\site-packages\torch\include\ATen/ops/mH.h
注意: 包含文件:          D:\APP\AboutCode\Miniconda3\envs\yolo\lib\site-packages\torch\include\ATen/ops/mT.h
注意: 包含文件:          D:\APP\AboutCode\Miniconda3\envs\yolo\lib\site-packages\torch\include\ATen/ops/margin_ranking_loss.h
注意: 包含文件:           D:\APP\AboutCode\Miniconda3\envs\yolo\lib\site-packages\torch\include\ATen/ops/margin_ranking_loss_ops.h
注意: 包含文件:          D:\APP\AboutCode\Miniconda3\envs\yolo\lib\site-packages\torch\include\ATen/ops/masked_fill.h
注意: 包含文件:          D:\APP\AboutCode\Miniconda3\envs\yolo\lib\site-packages\torch\include\ATen/ops/masked_scatter.h
注意: 包含文件:          D:\APP\AboutCode\Miniconda3\envs\yolo\lib\site-packages\torch\include\ATen/ops/masked_scatter_backward.h
注意: 包含文件:           D:\APP\AboutCode\Miniconda3\envs\yolo\lib\site-packages\torch\include\ATen/ops/masked_scatter_backward_ops.h
注意: 包含文件:          D:\APP\AboutCode\Miniconda3\envs\yolo\lib\site-packages\torch\include\ATen/ops/masked_select.h
注意: 包含文件:          D:\APP\AboutCode\Miniconda3\envs\yolo\lib\site-packages\torch\include\ATen/ops/masked_select_backward.h
注意: 包含文件:           D:\APP\AboutCode\Miniconda3\envs\yolo\lib\site-packages\torch\include\ATen/ops/masked_select_backward_ops.h
注意: 包含文件:          D:\APP\AboutCode\Miniconda3\envs\yolo\lib\site-packages\torch\include\ATen/ops/matmul.h
注意: 包含文件:          D:\APP\AboutCode\Miniconda3\envs\yolo\lib\site-packages\torch\include\ATen/ops/matmul_backward.h
注意: 包含文件:           D:\APP\AboutCode\Miniconda3\envs\yolo\lib\site-packages\torch\include\ATen/ops/matmul_backward_ops.h
注意: 包含文件:          D:\APP\AboutCode\Miniconda3\envs\yolo\lib\site-packages\torch\include\ATen/ops/matrix_H.h
注意: 包含文件:          D:\APP\AboutCode\Miniconda3\envs\yolo\lib\site-packages\torch\include\ATen/ops/matrix_exp.h
注意: 包含文件:          D:\APP\AboutCode\Miniconda3\envs\yolo\lib\site-packages\torch\include\ATen/ops/matrix_exp_backward.h
注意: 包含文件:           D:\APP\AboutCode\Miniconda3\envs\yolo\lib\site-packages\torch\include\ATen/ops/matrix_exp_backward_ops.h
注意: 包含文件:          D:\APP\AboutCode\Miniconda3\envs\yolo\lib\site-packages\torch\include\ATen/ops/matrix_power.h
注意: 包含文件:          D:\APP\AboutCode\Miniconda3\envs\yolo\lib\site-packages\torch\include\ATen/ops/max.h
注意: 包含文件:          D:\APP\AboutCode\Miniconda3\envs\yolo\lib\site-packages\torch\include\ATen/ops/max_pool1d.h
注意: 包含文件:           D:\APP\AboutCode\Miniconda3\envs\yolo\lib\site-packages\torch\include\ATen/ops/max_pool1d_ops.h
注意: 包含文件:          D:\APP\AboutCode\Miniconda3\envs\yolo\lib\site-packages\torch\include\ATen/ops/max_pool1d_with_indices.h
注意: 包含文件:           D:\APP\AboutCode\Miniconda3\envs\yolo\lib\site-packages\torch\include\ATen/ops/max_pool1d_with_indices_ops.h
注意: 包含文件:          D:\APP\AboutCode\Miniconda3\envs\yolo\lib\site-packages\torch\include\ATen/ops/max_pool2d.h
注意: 包含文件:           D:\APP\AboutCode\Miniconda3\envs\yolo\lib\site-packages\torch\include\ATen/ops/max_pool2d_ops.h
注意: 包含文件:          D:\APP\AboutCode\Miniconda3\envs\yolo\lib\site-packages\torch\include\ATen/ops/max_pool2d_backward.h
注意: 包含文件:           D:\APP\AboutCode\Miniconda3\envs\yolo\lib\site-packages\torch\include\ATen/ops/max_pool2d_backward_ops.h
注意: 包含文件:          D:\APP\AboutCode\Miniconda3\envs\yolo\lib\site-packages\torch\include\ATen/ops/max_pool2d_with_indices.h
注意: 包含文件:           D:\APP\AboutCode\Miniconda3\envs\yolo\lib\site-packages\torch\include\ATen/ops/max_pool2d_with_indices_ops.h
注意: 包含文件:          D:\APP\AboutCode\Miniconda3\envs\yolo\lib\site-packages\torch\include\ATen/ops/max_pool2d_with_indices_backward.h
注意: 包含文件:           D:\APP\AboutCode\Miniconda3\envs\yolo\lib\site-packages\torch\include\ATen/ops/max_pool2d_with_indices_backward_ops.h
注意: 包含文件:          D:\APP\AboutCode\Miniconda3\envs\yolo\lib\site-packages\torch\include\ATen/ops/max_pool3d.h
注意: 包含文件:           D:\APP\AboutCode\Miniconda3\envs\yolo\lib\site-packages\torch\include\ATen/ops/max_pool3d_ops.h
注意: 包含文件:          D:\APP\AboutCode\Miniconda3\envs\yolo\lib\site-packages\torch\include\ATen/ops/max_pool3d_with_indices.h
注意: 包含文件:           D:\APP\AboutCode\Miniconda3\envs\yolo\lib\site-packages\torch\include\ATen/ops/max_pool3d_with_indices_ops.h
注意: 包含文件:          D:\APP\AboutCode\Miniconda3\envs\yolo\lib\site-packages\torch\include\ATen/ops/max_pool3d_with_indices_backward.h
注意: 包含文件:           D:\APP\AboutCode\Miniconda3\envs\yolo\lib\site-packages\torch\include\ATen/ops/max_pool3d_with_indices_backward_ops.h
注意: 包含文件:          D:\APP\AboutCode\Miniconda3\envs\yolo\lib\site-packages\torch\include\ATen/ops/max_unpool2d.h
注意: 包含文件:           D:\APP\AboutCode\Miniconda3\envs\yolo\lib\site-packages\torch\include\ATen/ops/max_unpool2d_ops.h
注意: 包含文件:          D:\APP\AboutCode\Miniconda3\envs\yolo\lib\site-packages\torch\include\ATen/ops/max_unpool3d.h
注意: 包含文件:           D:\APP\AboutCode\Miniconda3\envs\yolo\lib\site-packages\torch\include\ATen/ops/max_unpool3d_ops.h
注意: 包含文件:          D:\APP\AboutCode\Miniconda3\envs\yolo\lib\site-packages\torch\include\ATen/ops/maximum.h
注意: 包含文件:          D:\APP\AboutCode\Miniconda3\envs\yolo\lib\site-packages\torch\include\ATen/ops/mean.h
注意: 包含文件:          D:\APP\AboutCode\Miniconda3\envs\yolo\lib\site-packages\torch\include\ATen/ops/median.h
注意: 包含文件:          D:\APP\AboutCode\Miniconda3\envs\yolo\lib\site-packages\torch\include\ATen/ops/meshgrid.h
注意: 包含文件:           D:\APP\AboutCode\Miniconda3\envs\yolo\lib\site-packages\torch\include\ATen/ops/meshgrid_ops.h
注意: 包含文件:          D:\APP\AboutCode\Miniconda3\envs\yolo\lib\site-packages\torch\include\ATen/ops/min.h
注意: 包含文件:          D:\APP\AboutCode\Miniconda3\envs\yolo\lib\site-packages\torch\include\ATen/ops/minimum.h
注意: 包含文件:          D:\APP\AboutCode\Miniconda3\envs\yolo\lib\site-packages\torch\include\ATen/ops/miopen_batch_norm.h
注意: 包含文件:           D:\APP\AboutCode\Miniconda3\envs\yolo\lib\site-packages\torch\include\ATen/ops/miopen_batch_norm_ops.h
注意: 包含文件:          D:\APP\AboutCode\Miniconda3\envs\yolo\lib\site-packages\torch\include\ATen/ops/miopen_batch_norm_backward.h
注意: 包含文件:           D:\APP\AboutCode\Miniconda3\envs\yolo\lib\site-packages\torch\include\ATen/ops/miopen_batch_norm_backward_ops.h
注意: 包含文件:          D:\APP\AboutCode\Miniconda3\envs\yolo\lib\site-packages\torch\include\ATen/ops/miopen_convolution.h
注意: 包含文件:           D:\APP\AboutCode\Miniconda3\envs\yolo\lib\site-packages\torch\include\ATen/ops/miopen_convolution_ops.h
注意: 包含文件:          D:\APP\AboutCode\Miniconda3\envs\yolo\lib\site-packages\torch\include\ATen/ops/miopen_convolution_add_relu.h
注意: 包含文件:           D:\APP\AboutCode\Miniconda3\envs\yolo\lib\site-packages\torch\include\ATen/ops/miopen_convolution_add_relu_ops.h
注意: 包含文件:          D:\APP\AboutCode\Miniconda3\envs\yolo\lib\site-packages\torch\include\ATen/ops/miopen_convolution_relu.h
注意: 包含文件:           D:\APP\AboutCode\Miniconda3\envs\yolo\lib\site-packages\torch\include\ATen/ops/miopen_convolution_relu_ops.h
注意: 包含文件:          D:\APP\AboutCode\Miniconda3\envs\yolo\lib\site-packages\torch\include\ATen/ops/miopen_convolution_transpose.h
注意: 包含文件:           D:\APP\AboutCode\Miniconda3\envs\yolo\lib\site-packages\torch\include\ATen/ops/miopen_convolution_transpose_ops.h
注意: 包含文件:          D:\APP\AboutCode\Miniconda3\envs\yolo\lib\site-packages\torch\include\ATen/ops/miopen_depthwise_convolution.h
注意: 包含文件:           D:\APP\AboutCode\Miniconda3\envs\yolo\lib\site-packages\torch\include\ATen/ops/miopen_depthwise_convolution_ops.h
注意: 包含文件:          D:\APP\AboutCode\Miniconda3\envs\yolo\lib\site-packages\torch\include\ATen/ops/miopen_rnn.h
注意: 包含文件:           D:\APP\AboutCode\Miniconda3\envs\yolo\lib\site-packages\torch\include\ATen/ops/miopen_rnn_ops.h
注意: 包含文件:          D:\APP\AboutCode\Miniconda3\envs\yolo\lib\site-packages\torch\include\ATen/ops/miopen_rnn_backward.h
注意: 包含文件:           D:\APP\AboutCode\Miniconda3\envs\yolo\lib\site-packages\torch\include\ATen/ops/miopen_rnn_backward_ops.h
注意: 包含文件:          D:\APP\AboutCode\Miniconda3\envs\yolo\lib\site-packages\torch\include\ATen/ops/mish.h
注意: 包含文件:           D:\APP\AboutCode\Miniconda3\envs\yolo\lib\site-packages\torch\include\ATen/ops/mish_ops.h
注意: 包含文件:          D:\APP\AboutCode\Miniconda3\envs\yolo\lib\site-packages\torch\include\ATen/ops/mish_backward.h
注意: 包含文件:           D:\APP\AboutCode\Miniconda3\envs\yolo\lib\site-packages\torch\include\ATen/ops/mish_backward_ops.h
注意: 包含文件:          D:\APP\AboutCode\Miniconda3\envs\yolo\lib\site-packages\torch\include\ATen/ops/mkldnn_adaptive_avg_pool2d.h
注意: 包含文件:           D:\APP\AboutCode\Miniconda3\envs\yolo\lib\site-packages\torch\include\ATen/ops/mkldnn_adaptive_avg_pool2d_ops.h
注意: 包含文件:          D:\APP\AboutCode\Miniconda3\envs\yolo\lib\site-packages\torch\include\ATen/ops/mkldnn_adaptive_avg_pool2d_backward.h
注意: 包含文件:           D:\APP\AboutCode\Miniconda3\envs\yolo\lib\site-packages\torch\include\ATen/ops/mkldnn_adaptive_avg_pool2d_backward_ops.h
注意: 包含文件:          D:\APP\AboutCode\Miniconda3\envs\yolo\lib\site-packages\torch\include\ATen/ops/mkldnn_convolution.h
注意: 包含文件:           D:\APP\AboutCode\Miniconda3\envs\yolo\lib\site-packages\torch\include\ATen/ops/mkldnn_convolution_ops.h
注意: 包含文件:          D:\APP\AboutCode\Miniconda3\envs\yolo\lib\site-packages\torch\include\ATen/ops/mkldnn_linear.h
注意: 包含文件:           D:\APP\AboutCode\Miniconda3\envs\yolo\lib\site-packages\torch\include\ATen/ops/mkldnn_linear_ops.h
注意: 包含文件:          D:\APP\AboutCode\Miniconda3\envs\yolo\lib\site-packages\torch\include\ATen/ops/mkldnn_linear_backward.h
注意: 包含文件:           D:\APP\AboutCode\Miniconda3\envs\yolo\lib\site-packages\torch\include\ATen/ops/mkldnn_linear_backward_ops.h
注意: 包含文件:          D:\APP\AboutCode\Miniconda3\envs\yolo\lib\site-packages\torch\include\ATen/ops/mkldnn_linear_backward_input.h
注意: 包含文件:           D:\APP\AboutCode\Miniconda3\envs\yolo\lib\site-packages\torch\include\ATen/ops/mkldnn_linear_backward_input_ops.h
注意: 包含文件:          D:\APP\AboutCode\Miniconda3\envs\yolo\lib\site-packages\torch\include\ATen/ops/mkldnn_linear_backward_weights.h
注意: 包含文件:           D:\APP\AboutCode\Miniconda3\envs\yolo\lib\site-packages\torch\include\ATen/ops/mkldnn_linear_backward_weights_ops.h
注意: 包含文件:          D:\APP\AboutCode\Miniconda3\envs\yolo\lib\site-packages\torch\include\ATen/ops/mkldnn_max_pool2d.h
注意: 包含文件:           D:\APP\AboutCode\Miniconda3\envs\yolo\lib\site-packages\torch\include\ATen/ops/mkldnn_max_pool2d_ops.h
注意: 包含文件:          D:\APP\AboutCode\Miniconda3\envs\yolo\lib\site-packages\torch\include\ATen/ops/mkldnn_max_pool2d_backward.h
注意: 包含文件:           D:\APP\AboutCode\Miniconda3\envs\yolo\lib\site-packages\torch\include\ATen/ops/mkldnn_max_pool2d_backward_ops.h
注意: 包含文件:          D:\APP\AboutCode\Miniconda3\envs\yolo\lib\site-packages\torch\include\ATen/ops/mkldnn_max_pool3d.h
注意: 包含文件:           D:\APP\AboutCode\Miniconda3\envs\yolo\lib\site-packages\torch\include\ATen/ops/mkldnn_max_pool3d_ops.h
注意: 包含文件:          D:\APP\AboutCode\Miniconda3\envs\yolo\lib\site-packages\torch\include\ATen/ops/mkldnn_max_pool3d_backward.h
注意: 包含文件:           D:\APP\AboutCode\Miniconda3\envs\yolo\lib\site-packages\torch\include\ATen/ops/mkldnn_max_pool3d_backward_ops.h
注意: 包含文件:          D:\APP\AboutCode\Miniconda3\envs\yolo\lib\site-packages\torch\include\ATen/ops/mkldnn_reorder_conv2d_weight.h
注意: 包含文件:           D:\APP\AboutCode\Miniconda3\envs\yolo\lib\site-packages\torch\include\ATen/ops/mkldnn_reorder_conv2d_weight_ops.h
注意: 包含文件:          D:\APP\AboutCode\Miniconda3\envs\yolo\lib\site-packages\torch\include\ATen/ops/mkldnn_reorder_conv3d_weight.h
注意: 包含文件:           D:\APP\AboutCode\Miniconda3\envs\yolo\lib\site-packages\torch\include\ATen/ops/mkldnn_reorder_conv3d_weight_ops.h
注意: 包含文件:          D:\APP\AboutCode\Miniconda3\envs\yolo\lib\site-packages\torch\include\ATen/ops/mkldnn_rnn_layer.h
注意: 包含文件:           D:\APP\AboutCode\Miniconda3\envs\yolo\lib\site-packages\torch\include\ATen/ops/mkldnn_rnn_layer_ops.h
注意: 包含文件:          D:\APP\AboutCode\Miniconda3\envs\yolo\lib\site-packages\torch\include\ATen/ops/mkldnn_rnn_layer_backward.h
注意: 包含文件:           D:\APP\AboutCode\Miniconda3\envs\yolo\lib\site-packages\torch\include\ATen/ops/mkldnn_rnn_layer_backward_ops.h
注意: 包含文件:          D:\APP\AboutCode\Miniconda3\envs\yolo\lib\site-packages\torch\include\ATen/ops/mm.h
注意: 包含文件:          D:\APP\AboutCode\Miniconda3\envs\yolo\lib\site-packages\torch\include\ATen/ops/mode.h
注意: 包含文件:          D:\APP\AboutCode\Miniconda3\envs\yolo\lib\site-packages\torch\include\ATen/ops/moveaxis.h
注意: 包含文件:          D:\APP\AboutCode\Miniconda3\envs\yolo\lib\site-packages\torch\include\ATen/ops/movedim.h
注意: 包含文件:          D:\APP\AboutCode\Miniconda3\envs\yolo\lib\site-packages\torch\include\ATen/ops/mps_convolution_backward.h
注意: 包含文件:           D:\APP\AboutCode\Miniconda3\envs\yolo\lib\site-packages\torch\include\ATen/ops/mps_convolution_backward_ops.h
注意: 包含文件:          D:\APP\AboutCode\Miniconda3\envs\yolo\lib\site-packages\torch\include\ATen/ops/mps_convolution_transpose_backward.h
注意: 包含文件:           D:\APP\AboutCode\Miniconda3\envs\yolo\lib\site-packages\torch\include\ATen/ops/mps_convolution_transpose_backward_ops.h
注意: 包含文件:          D:\APP\AboutCode\Miniconda3\envs\yolo\lib\site-packages\torch\include\ATen/ops/mse_loss.h
注意: 包含文件:           D:\APP\AboutCode\Miniconda3\envs\yolo\lib\site-packages\torch\include\ATen/ops/mse_loss_ops.h
注意: 包含文件:          D:\APP\AboutCode\Miniconda3\envs\yolo\lib\site-packages\torch\include\ATen/ops/mse_loss_backward.h
注意: 包含文件:           D:\APP\AboutCode\Miniconda3\envs\yolo\lib\site-packages\torch\include\ATen/ops/mse_loss_backward_ops.h
注意: 包含文件:          D:\APP\AboutCode\Miniconda3\envs\yolo\lib\site-packages\torch\include\ATen/ops/msort.h
注意: 包含文件:          D:\APP\AboutCode\Miniconda3\envs\yolo\lib\site-packages\torch\include\ATen/ops/mul.h
注意: 包含文件:          D:\APP\AboutCode\Miniconda3\envs\yolo\lib\site-packages\torch\include\ATen/ops/multi_margin_loss.h
注意: 包含文件:           D:\APP\AboutCode\Miniconda3\envs\yolo\lib\site-packages\torch\include\ATen/ops/multi_margin_loss_ops.h
注意: 包含文件:          D:\APP\AboutCode\Miniconda3\envs\yolo\lib\site-packages\torch\include\ATen/ops/multi_margin_loss_backward.h
注意: 包含文件:           D:\APP\AboutCode\Miniconda3\envs\yolo\lib\site-packages\torch\include\ATen/ops/multi_margin_loss_backward_ops.h
注意: 包含文件:          D:\APP\AboutCode\Miniconda3\envs\yolo\lib\site-packages\torch\include\ATen/ops/multilabel_margin_loss.h
注意: 包含文件:           D:\APP\AboutCode\Miniconda3\envs\yolo\lib\site-packages\torch\include\ATen/ops/multilabel_margin_loss_ops.h
注意: 包含文件:          D:\APP\AboutCode\Miniconda3\envs\yolo\lib\site-packages\torch\include\ATen/ops/multilabel_margin_loss_backward.h
注意: 包含文件:           D:\APP\AboutCode\Miniconda3\envs\yolo\lib\site-packages\torch\include\ATen/ops/multilabel_margin_loss_backward_ops.h
注意: 包含文件:          D:\APP\AboutCode\Miniconda3\envs\yolo\lib\site-packages\torch\include\ATen/ops/multilabel_margin_loss_forward.h
注意: 包含文件:           D:\APP\AboutCode\Miniconda3\envs\yolo\lib\site-packages\torch\include\ATen/ops/multilabel_margin_loss_forward_ops.h
注意: 包含文件:          D:\APP\AboutCode\Miniconda3\envs\yolo\lib\site-packages\torch\include\ATen/ops/multinomial.h
注意: 包含文件:          D:\APP\AboutCode\Miniconda3\envs\yolo\lib\site-packages\torch\include\ATen/ops/multiply.h
注意: 包含文件:          D:\APP\AboutCode\Miniconda3\envs\yolo\lib\site-packages\torch\include\ATen/ops/mv.h
注意: 包含文件:          D:\APP\AboutCode\Miniconda3\envs\yolo\lib\site-packages\torch\include\ATen/ops/mvlgamma.h
注意: 包含文件:          D:\APP\AboutCode\Miniconda3\envs\yolo\lib\site-packages\torch\include\ATen/ops/nan_to_num.h
注意: 包含文件:          D:\APP\AboutCode\Miniconda3\envs\yolo\lib\site-packages\torch\include\ATen/ops/nanmean.h
注意: 包含文件:          D:\APP\AboutCode\Miniconda3\envs\yolo\lib\site-packages\torch\include\ATen/ops/nanmedian.h
注意: 包含文件:          D:\APP\AboutCode\Miniconda3\envs\yolo\lib\site-packages\torch\include\ATen/ops/nanquantile.h
注意: 包含文件:          D:\APP\AboutCode\Miniconda3\envs\yolo\lib\site-packages\torch\include\ATen/ops/nansum.h
注意: 包含文件:          D:\APP\AboutCode\Miniconda3\envs\yolo\lib\site-packages\torch\include\ATen/ops/narrow.h
注意: 包含文件:          D:\APP\AboutCode\Miniconda3\envs\yolo\lib\site-packages\torch\include\ATen/ops/narrow_copy.h
注意: 包含文件:          D:\APP\AboutCode\Miniconda3\envs\yolo\lib\site-packages\torch\include\ATen/ops/native_batch_norm.h
注意: 包含文件:           D:\APP\AboutCode\Miniconda3\envs\yolo\lib\site-packages\torch\include\ATen/ops/native_batch_norm_ops.h
注意: 包含文件:          D:\APP\AboutCode\Miniconda3\envs\yolo\lib\site-packages\torch\include\ATen/ops/native_batch_norm_backward.h
注意: 包含文件:           D:\APP\AboutCode\Miniconda3\envs\yolo\lib\site-packages\torch\include\ATen/ops/native_batch_norm_backward_ops.h
注意: 包含文件:          D:\APP\AboutCode\Miniconda3\envs\yolo\lib\site-packages\torch\include\ATen/ops/native_channel_shuffle.h
注意: 包含文件:           D:\APP\AboutCode\Miniconda3\envs\yolo\lib\site-packages\torch\include\ATen/ops/native_channel_shuffle_ops.h
注意: 包含文件:          D:\APP\AboutCode\Miniconda3\envs\yolo\lib\site-packages\torch\include\ATen/ops/native_dropout.h
注意: 包含文件:           D:\APP\AboutCode\Miniconda3\envs\yolo\lib\site-packages\torch\include\ATen/ops/native_dropout_ops.h
注意: 包含文件:          D:\APP\AboutCode\Miniconda3\envs\yolo\lib\site-packages\torch\include\ATen/ops/native_dropout_backward.h
注意: 包含文件:           D:\APP\AboutCode\Miniconda3\envs\yolo\lib\site-packages\torch\include\ATen/ops/native_dropout_backward_ops.h
注意: 包含文件:          D:\APP\AboutCode\Miniconda3\envs\yolo\lib\site-packages\torch\include\ATen/ops/native_group_norm.h
注意: 包含文件:           D:\APP\AboutCode\Miniconda3\envs\yolo\lib\site-packages\torch\include\ATen/ops/native_group_norm_ops.h
注意: 包含文件:          D:\APP\AboutCode\Miniconda3\envs\yolo\lib\site-packages\torch\include\ATen/ops/native_group_norm_backward.h
注意: 包含文件:           D:\APP\AboutCode\Miniconda3\envs\yolo\lib\site-packages\torch\include\ATen/ops/native_group_norm_backward_ops.h
注意: 包含文件:          D:\APP\AboutCode\Miniconda3\envs\yolo\lib\site-packages\torch\include\ATen/ops/native_layer_norm.h
注意: 包含文件:           D:\APP\AboutCode\Miniconda3\envs\yolo\lib\site-packages\torch\include\ATen/ops/native_layer_norm_ops.h
注意: 包含文件:          D:\APP\AboutCode\Miniconda3\envs\yolo\lib\site-packages\torch\include\ATen/ops/native_layer_norm_backward.h
注意: 包含文件:           D:\APP\AboutCode\Miniconda3\envs\yolo\lib\site-packages\torch\include\ATen/ops/native_layer_norm_backward_ops.h
注意: 包含文件:          D:\APP\AboutCode\Miniconda3\envs\yolo\lib\site-packages\torch\include\ATen/ops/native_norm.h
注意: 包含文件:           D:\APP\AboutCode\Miniconda3\envs\yolo\lib\site-packages\torch\include\ATen/ops/native_norm_ops.h
注意: 包含文件:          D:\APP\AboutCode\Miniconda3\envs\yolo\lib\site-packages\torch\include\ATen/ops/ne.h
注意: 包含文件:          D:\APP\AboutCode\Miniconda3\envs\yolo\lib\site-packages\torch\include\ATen/ops/neg.h
注意: 包含文件:          D:\APP\AboutCode\Miniconda3\envs\yolo\lib\site-packages\torch\include\ATen/ops/negative.h
注意: 包含文件:          D:\APP\AboutCode\Miniconda3\envs\yolo\lib\site-packages\torch\include\ATen/ops/nested_to_padded_tensor.h
注意: 包含文件:           D:\APP\AboutCode\Miniconda3\envs\yolo\lib\site-packages\torch\include\ATen/ops/nested_to_padded_tensor_ops.h
注意: 包含文件:          D:\APP\AboutCode\Miniconda3\envs\yolo\lib\site-packages\torch\include\ATen/ops/new_empty.h
注意: 包含文件:          D:\APP\AboutCode\Miniconda3\envs\yolo\lib\site-packages\torch\include\ATen/ops/new_empty_strided.h
注意: 包含文件:          D:\APP\AboutCode\Miniconda3\envs\yolo\lib\site-packages\torch\include\ATen/ops/new_full.h
注意: 包含文件:          D:\APP\AboutCode\Miniconda3\envs\yolo\lib\site-packages\torch\include\ATen/ops/new_ones.h
注意: 包含文件:          D:\APP\AboutCode\Miniconda3\envs\yolo\lib\site-packages\torch\include\ATen/ops/new_zeros.h
注意: 包含文件:          D:\APP\AboutCode\Miniconda3\envs\yolo\lib\site-packages\torch\include\ATen/ops/nextafter.h
注意: 包含文件:          D:\APP\AboutCode\Miniconda3\envs\yolo\lib\site-packages\torch\include\ATen/ops/nll_loss.h
注意: 包含文件:           D:\APP\AboutCode\Miniconda3\envs\yolo\lib\site-packages\torch\include\ATen/ops/nll_loss_ops.h
注意: 包含文件:          D:\APP\AboutCode\Miniconda3\envs\yolo\lib\site-packages\torch\include\ATen/ops/nll_loss2d.h
注意: 包含文件:           D:\APP\AboutCode\Miniconda3\envs\yolo\lib\site-packages\torch\include\ATen/ops/nll_loss2d_ops.h
注意: 包含文件:          D:\APP\AboutCode\Miniconda3\envs\yolo\lib\site-packages\torch\include\ATen/ops/nll_loss2d_backward.h
注意: 包含文件:           D:\APP\AboutCode\Miniconda3\envs\yolo\lib\site-packages\torch\include\ATen/ops/nll_loss2d_backward_ops.h
注意: 包含文件:          D:\APP\AboutCode\Miniconda3\envs\yolo\lib\site-packages\torch\include\ATen/ops/nll_loss2d_forward.h
注意: 包含文件:           D:\APP\AboutCode\Miniconda3\envs\yolo\lib\site-packages\torch\include\ATen/ops/nll_loss2d_forward_ops.h
注意: 包含文件:          D:\APP\AboutCode\Miniconda3\envs\yolo\lib\site-packages\torch\include\ATen/ops/nll_loss_backward.h
注意: 包含文件:           D:\APP\AboutCode\Miniconda3\envs\yolo\lib\site-packages\torch\include\ATen/ops/nll_loss_backward_ops.h
注意: 包含文件:          D:\APP\AboutCode\Miniconda3\envs\yolo\lib\site-packages\torch\include\ATen/ops/nll_loss_forward.h
注意: 包含文件:           D:\APP\AboutCode\Miniconda3\envs\yolo\lib\site-packages\torch\include\ATen/ops/nll_loss_forward_ops.h
注意: 包含文件:          D:\APP\AboutCode\Miniconda3\envs\yolo\lib\site-packages\torch\include\ATen/ops/nll_loss_nd.h
注意: 包含文件:           D:\APP\AboutCode\Miniconda3\envs\yolo\lib\site-packages\torch\include\ATen/ops/nll_loss_nd_ops.h
注意: 包含文件:          D:\APP\AboutCode\Miniconda3\envs\yolo\lib\site-packages\torch\include\ATen/ops/nonzero.h
注意: 包含文件:          D:\APP\AboutCode\Miniconda3\envs\yolo\lib\site-packages\torch\include\ATen/ops/nonzero_numpy.h
注意: 包含文件:          D:\APP\AboutCode\Miniconda3\envs\yolo\lib\site-packages\torch\include\ATen/ops/nonzero_static.h
注意: 包含文件:          D:\APP\AboutCode\Miniconda3\envs\yolo\lib\site-packages\torch\include\ATen/ops/norm.h
注意: 包含文件:          D:\APP\AboutCode\Miniconda3\envs\yolo\lib\site-packages\torch\include\ATen/ops/norm_except_dim.h
注意: 包含文件:           D:\APP\AboutCode\Miniconda3\envs\yolo\lib\site-packages\torch\include\ATen/ops/norm_except_dim_ops.h
注意: 包含文件:          D:\APP\AboutCode\Miniconda3\envs\yolo\lib\site-packages\torch\include\ATen/ops/normal.h
注意: 包含文件:          D:\APP\AboutCode\Miniconda3\envs\yolo\lib\site-packages\torch\include\ATen/ops/not_equal.h
注意: 包含文件:          D:\APP\AboutCode\Miniconda3\envs\yolo\lib\site-packages\torch\include\ATen/ops/nuclear_norm.h
注意: 包含文件:           D:\APP\AboutCode\Miniconda3\envs\yolo\lib\site-packages\torch\include\ATen/ops/nuclear_norm_ops.h
注意: 包含文件:          D:\APP\AboutCode\Miniconda3\envs\yolo\lib\site-packages\torch\include\ATen/ops/numpy_T.h
注意: 包含文件:          D:\APP\AboutCode\Miniconda3\envs\yolo\lib\site-packages\torch\include\ATen/ops/one_hot.h
注意: 包含文件:           D:\APP\AboutCode\Miniconda3\envs\yolo\lib\site-packages\torch\include\ATen/ops/one_hot_ops.h
注意: 包含文件:          D:\APP\AboutCode\Miniconda3\envs\yolo\lib\site-packages\torch\include\ATen/ops/ones.h
注意: 包含文件:           D:\APP\AboutCode\Miniconda3\envs\yolo\lib\site-packages\torch\include\ATen/ops/ones_ops.h
注意: 包含文件:          D:\APP\AboutCode\Miniconda3\envs\yolo\lib\site-packages\torch\include\ATen/ops/ones_like.h
注意: 包含文件:           D:\APP\AboutCode\Miniconda3\envs\yolo\lib\site-packages\torch\include\ATen/ops/ones_like_ops.h
注意: 包含文件:          D:\APP\AboutCode\Miniconda3\envs\yolo\lib\site-packages\torch\include\ATen/ops/or.h
注意: 包含文件:          D:\APP\AboutCode\Miniconda3\envs\yolo\lib\site-packages\torch\include\ATen/ops/orgqr.h
注意: 包含文件:          D:\APP\AboutCode\Miniconda3\envs\yolo\lib\site-packages\torch\include\ATen/ops/ormqr.h
注意: 包含文件:          D:\APP\AboutCode\Miniconda3\envs\yolo\lib\site-packages\torch\include\ATen/ops/outer.h
注意: 包含文件:          D:\APP\AboutCode\Miniconda3\envs\yolo\lib\site-packages\torch\include\ATen/ops/output_nr.h
注意: 包含文件:          D:\APP\AboutCode\Miniconda3\envs\yolo\lib\site-packages\torch\include\ATen/ops/pad.h
注意: 包含文件:           D:\APP\AboutCode\Miniconda3\envs\yolo\lib\site-packages\torch\include\ATen/ops/pad_ops.h
注意: 包含文件:          D:\APP\AboutCode\Miniconda3\envs\yolo\lib\site-packages\torch\include\ATen/ops/pad_sequence.h
注意: 包含文件:           D:\APP\AboutCode\Miniconda3\envs\yolo\lib\site-packages\torch\include\ATen/ops/pad_sequence_ops.h
注意: 包含文件:          D:\APP\AboutCode\Miniconda3\envs\yolo\lib\site-packages\torch\include\ATen/ops/pairwise_distance.h
注意: 包含文件:           D:\APP\AboutCode\Miniconda3\envs\yolo\lib\site-packages\torch\include\ATen/ops/pairwise_distance_ops.h
注意: 包含文件:          D:\APP\AboutCode\Miniconda3\envs\yolo\lib\site-packages\torch\include\ATen/ops/pdist.h
注意: 包含文件:           D:\APP\AboutCode\Miniconda3\envs\yolo\lib\site-packages\torch\include\ATen/ops/pdist_ops.h
注意: 包含文件:          D:\APP\AboutCode\Miniconda3\envs\yolo\lib\site-packages\torch\include\ATen/ops/permute.h
注意: 包含文件:          D:\APP\AboutCode\Miniconda3\envs\yolo\lib\site-packages\torch\include\ATen/ops/permute_copy.h
注意: 包含文件:           D:\APP\AboutCode\Miniconda3\envs\yolo\lib\site-packages\torch\include\ATen/ops/permute_copy_ops.h
注意: 包含文件:          D:\APP\AboutCode\Miniconda3\envs\yolo\lib\site-packages\torch\include\ATen/ops/pin_memory.h
注意: 包含文件:          D:\APP\AboutCode\Miniconda3\envs\yolo\lib\site-packages\torch\include\ATen/ops/pinverse.h
注意: 包含文件:          D:\APP\AboutCode\Miniconda3\envs\yolo\lib\site-packages\torch\include\ATen/ops/pixel_shuffle.h
注意: 包含文件:           D:\APP\AboutCode\Miniconda3\envs\yolo\lib\site-packages\torch\include\ATen/ops/pixel_shuffle_ops.h
注意: 包含文件:          D:\APP\AboutCode\Miniconda3\envs\yolo\lib\site-packages\torch\include\ATen/ops/pixel_unshuffle.h
注意: 包含文件:           D:\APP\AboutCode\Miniconda3\envs\yolo\lib\site-packages\torch\include\ATen/ops/pixel_unshuffle_ops.h
注意: 包含文件:          D:\APP\AboutCode\Miniconda3\envs\yolo\lib\site-packages\torch\include\ATen/ops/poisson.h
注意: 包含文件:           D:\APP\AboutCode\Miniconda3\envs\yolo\lib\site-packages\torch\include\ATen/ops/poisson_ops.h
注意: 包含文件:          D:\APP\AboutCode\Miniconda3\envs\yolo\lib\site-packages\torch\include\ATen/ops/poisson_nll_loss.h
注意: 包含文件:           D:\APP\AboutCode\Miniconda3\envs\yolo\lib\site-packages\torch\include\ATen/ops/poisson_nll_loss_ops.h
注意: 包含文件:          D:\APP\AboutCode\Miniconda3\envs\yolo\lib\site-packages\torch\include\ATen/ops/polar.h
注意: 包含文件:           D:\APP\AboutCode\Miniconda3\envs\yolo\lib\site-packages\torch\include\ATen/ops/polar_ops.h
注意: 包含文件:          D:\APP\AboutCode\Miniconda3\envs\yolo\lib\site-packages\torch\include\ATen/ops/polygamma.h
注意: 包含文件:          D:\APP\AboutCode\Miniconda3\envs\yolo\lib\site-packages\torch\include\ATen/ops/positive.h
注意: 包含文件:          D:\APP\AboutCode\Miniconda3\envs\yolo\lib\site-packages\torch\include\ATen/ops/pow.h
注意: 包含文件:          D:\APP\AboutCode\Miniconda3\envs\yolo\lib\site-packages\torch\include\ATen/ops/prelu.h
注意: 包含文件:          D:\APP\AboutCode\Miniconda3\envs\yolo\lib\site-packages\torch\include\ATen/ops/prod.h
注意: 包含文件:          D:\APP\AboutCode\Miniconda3\envs\yolo\lib\site-packages\torch\include\ATen/ops/promote_types.h
注意: 包含文件:           D:\APP\AboutCode\Miniconda3\envs\yolo\lib\site-packages\torch\include\ATen/ops/promote_types_ops.h
注意: 包含文件:          D:\APP\AboutCode\Miniconda3\envs\yolo\lib\site-packages\torch\include\ATen/ops/put.h
注意: 包含文件:          D:\APP\AboutCode\Miniconda3\envs\yolo\lib\site-packages\torch\include\ATen/ops/q_per_channel_axis.h
注意: 包含文件:          D:\APP\AboutCode\Miniconda3\envs\yolo\lib\site-packages\torch\include\ATen/ops/q_per_channel_scales.h
注意: 包含文件:          D:\APP\AboutCode\Miniconda3\envs\yolo\lib\site-packages\torch\include\ATen/ops/q_per_channel_zero_points.h
注意: 包含文件:          D:\APP\AboutCode\Miniconda3\envs\yolo\lib\site-packages\torch\include\ATen/ops/q_scale.h
注意: 包含文件:          D:\APP\AboutCode\Miniconda3\envs\yolo\lib\site-packages\torch\include\ATen/ops/q_zero_point.h
注意: 包含文件:          D:\APP\AboutCode\Miniconda3\envs\yolo\lib\site-packages\torch\include\ATen/ops/qr.h
注意: 包含文件:          D:\APP\AboutCode\Miniconda3\envs\yolo\lib\site-packages\torch\include\ATen/ops/qscheme.h
注意: 包含文件:          D:\APP\AboutCode\Miniconda3\envs\yolo\lib\site-packages\torch\include\ATen/ops/quantile.h
注意: 包含文件:          D:\APP\AboutCode\Miniconda3\envs\yolo\lib\site-packages\torch\include\ATen/ops/quantize_per_channel.h
注意: 包含文件:           D:\APP\AboutCode\Miniconda3\envs\yolo\lib\site-packages\torch\include\ATen/ops/quantize_per_channel_ops.h
注意: 包含文件:          D:\APP\AboutCode\Miniconda3\envs\yolo\lib\site-packages\torch\include\ATen/ops/quantize_per_tensor.h
注意: 包含文件:           D:\APP\AboutCode\Miniconda3\envs\yolo\lib\site-packages\torch\include\ATen/ops/quantize_per_tensor_ops.h
注意: 包含文件:          D:\APP\AboutCode\Miniconda3\envs\yolo\lib\site-packages\torch\include\ATen/ops/quantize_per_tensor_dynamic.h
注意: 包含文件:           D:\APP\AboutCode\Miniconda3\envs\yolo\lib\site-packages\torch\include\ATen/ops/quantize_per_tensor_dynamic_ops.h
注意: 包含文件:          D:\APP\AboutCode\Miniconda3\envs\yolo\lib\site-packages\torch\include\ATen/ops/quantized_batch_norm.h
注意: 包含文件:           D:\APP\AboutCode\Miniconda3\envs\yolo\lib\site-packages\torch\include\ATen/ops/quantized_batch_norm_ops.h
注意: 包含文件:          D:\APP\AboutCode\Miniconda3\envs\yolo\lib\site-packages\torch\include\ATen/ops/quantized_gru_cell.h
注意: 包含文件:           D:\APP\AboutCode\Miniconda3\envs\yolo\lib\site-packages\torch\include\ATen/ops/quantized_gru_cell_ops.h
注意: 包含文件:          D:\APP\AboutCode\Miniconda3\envs\yolo\lib\site-packages\torch\include\ATen/ops/quantized_lstm_cell.h
注意: 包含文件:           D:\APP\AboutCode\Miniconda3\envs\yolo\lib\site-packages\torch\include\ATen/ops/quantized_lstm_cell_ops.h
注意: 包含文件:          D:\APP\AboutCode\Miniconda3\envs\yolo\lib\site-packages\torch\include\ATen/ops/quantized_max_pool1d.h
注意: 包含文件:           D:\APP\AboutCode\Miniconda3\envs\yolo\lib\site-packages\torch\include\ATen/ops/quantized_max_pool1d_ops.h
注意: 包含文件:          D:\APP\AboutCode\Miniconda3\envs\yolo\lib\site-packages\torch\include\ATen/ops/quantized_max_pool2d.h
注意: 包含文件:           D:\APP\AboutCode\Miniconda3\envs\yolo\lib\site-packages\torch\include\ATen/ops/quantized_max_pool2d_ops.h
注意: 包含文件:          D:\APP\AboutCode\Miniconda3\envs\yolo\lib\site-packages\torch\include\ATen/ops/quantized_max_pool3d.h
注意: 包含文件:           D:\APP\AboutCode\Miniconda3\envs\yolo\lib\site-packages\torch\include\ATen/ops/quantized_max_pool3d_ops.h
注意: 包含文件:          D:\APP\AboutCode\Miniconda3\envs\yolo\lib\site-packages\torch\include\ATen/ops/quantized_rnn_relu_cell.h
注意: 包含文件:           D:\APP\AboutCode\Miniconda3\envs\yolo\lib\site-packages\torch\include\ATen/ops/quantized_rnn_relu_cell_ops.h
注意: 包含文件:          D:\APP\AboutCode\Miniconda3\envs\yolo\lib\site-packages\torch\include\ATen/ops/quantized_rnn_tanh_cell.h
注意: 包含文件:           D:\APP\AboutCode\Miniconda3\envs\yolo\lib\site-packages\torch\include\ATen/ops/quantized_rnn_tanh_cell_ops.h
注意: 包含文件:          D:\APP\AboutCode\Miniconda3\envs\yolo\lib\site-packages\torch\include\ATen/ops/rad2deg.h
注意: 包含文件:          D:\APP\AboutCode\Miniconda3\envs\yolo\lib\site-packages\torch\include\ATen/ops/rand.h
注意: 包含文件:           D:\APP\AboutCode\Miniconda3\envs\yolo\lib\site-packages\torch\include\ATen/ops/rand_ops.h
注意: 包含文件:          D:\APP\AboutCode\Miniconda3\envs\yolo\lib\site-packages\torch\include\ATen/ops/rand_like.h
注意: 包含文件:           D:\APP\AboutCode\Miniconda3\envs\yolo\lib\site-packages\torch\include\ATen/ops/rand_like_ops.h
注意: 包含文件:          D:\APP\AboutCode\Miniconda3\envs\yolo\lib\site-packages\torch\include\ATen/ops/randint.h
注意: 包含文件:           D:\APP\AboutCode\Miniconda3\envs\yolo\lib\site-packages\torch\include\ATen/ops/randint_ops.h
注意: 包含文件:          D:\APP\AboutCode\Miniconda3\envs\yolo\lib\site-packages\torch\include\ATen/ops/randint_like.h
注意: 包含文件:           D:\APP\AboutCode\Miniconda3\envs\yolo\lib\site-packages\torch\include\ATen/ops/randint_like_ops.h
注意: 包含文件:          D:\APP\AboutCode\Miniconda3\envs\yolo\lib\site-packages\torch\include\ATen/ops/randn.h
注意: 包含文件:           D:\APP\AboutCode\Miniconda3\envs\yolo\lib\site-packages\torch\include\ATen/ops/randn_ops.h
注意: 包含文件:          D:\APP\AboutCode\Miniconda3\envs\yolo\lib\site-packages\torch\include\ATen/ops/randn_like.h
注意: 包含文件:           D:\APP\AboutCode\Miniconda3\envs\yolo\lib\site-packages\torch\include\ATen/ops/randn_like_ops.h
注意: 包含文件:          D:\APP\AboutCode\Miniconda3\envs\yolo\lib\site-packages\torch\include\ATen/ops/random.h
注意: 包含文件:          D:\APP\AboutCode\Miniconda3\envs\yolo\lib\site-packages\torch\include\ATen/ops/randperm.h
注意: 包含文件:           D:\APP\AboutCode\Miniconda3\envs\yolo\lib\site-packages\torch\include\ATen/ops/randperm_ops.h
注意: 包含文件:          D:\APP\AboutCode\Miniconda3\envs\yolo\lib\site-packages\torch\include\ATen/ops/range.h
注意: 包含文件:           D:\APP\AboutCode\Miniconda3\envs\yolo\lib\site-packages\torch\include\ATen/ops/range_ops.h
注意: 包含文件:          D:\APP\AboutCode\Miniconda3\envs\yolo\lib\site-packages\torch\include\ATen/ops/ravel.h
注意: 包含文件:          D:\APP\AboutCode\Miniconda3\envs\yolo\lib\site-packages\torch\include\ATen/ops/real.h
注意: 包含文件:           D:\APP\AboutCode\Miniconda3\envs\yolo\lib\site-packages\torch\include\ATen/ops/real_ops.h
注意: 包含文件:          D:\APP\AboutCode\Miniconda3\envs\yolo\lib\site-packages\torch\include\ATen/ops/reciprocal.h
注意: 包含文件:          D:\APP\AboutCode\Miniconda3\envs\yolo\lib\site-packages\torch\include\ATen/ops/record_stream.h
注意: 包含文件:          D:\APP\AboutCode\Miniconda3\envs\yolo\lib\site-packages\torch\include\ATen/ops/refine_names.h
注意: 包含文件:          D:\APP\AboutCode\Miniconda3\envs\yolo\lib\site-packages\torch\include\ATen/ops/reflection_pad1d.h
注意: 包含文件:           D:\APP\AboutCode\Miniconda3\envs\yolo\lib\site-packages\torch\include\ATen/ops/reflection_pad1d_ops.h
注意: 包含文件:          D:\APP\AboutCode\Miniconda3\envs\yolo\lib\site-packages\torch\include\ATen/ops/reflection_pad1d_backward.h
注意: 包含文件:           D:\APP\AboutCode\Miniconda3\envs\yolo\lib\site-packages\torch\include\ATen/ops/reflection_pad1d_backward_ops.h
注意: 包含文件:          D:\APP\AboutCode\Miniconda3\envs\yolo\lib\site-packages\torch\include\ATen/ops/reflection_pad2d.h
注意: 包含文件:           D:\APP\AboutCode\Miniconda3\envs\yolo\lib\site-packages\torch\include\ATen/ops/reflection_pad2d_ops.h
注意: 包含文件:          D:\APP\AboutCode\Miniconda3\envs\yolo\lib\site-packages\torch\include\ATen/ops/reflection_pad2d_backward.h
注意: 包含文件:           D:\APP\AboutCode\Miniconda3\envs\yolo\lib\site-packages\torch\include\ATen/ops/reflection_pad2d_backward_ops.h
注意: 包含文件:          D:\APP\AboutCode\Miniconda3\envs\yolo\lib\site-packages\torch\include\ATen/ops/reflection_pad3d.h
注意: 包含文件:           D:\APP\AboutCode\Miniconda3\envs\yolo\lib\site-packages\torch\include\ATen/ops/reflection_pad3d_ops.h
注意: 包含文件:          D:\APP\AboutCode\Miniconda3\envs\yolo\lib\site-packages\torch\include\ATen/ops/reflection_pad3d_backward.h
注意: 包含文件:           D:\APP\AboutCode\Miniconda3\envs\yolo\lib\site-packages\torch\include\ATen/ops/reflection_pad3d_backward_ops.h
注意: 包含文件:          D:\APP\AboutCode\Miniconda3\envs\yolo\lib\site-packages\torch\include\ATen/ops/relu.h
注意: 包含文件:          D:\APP\AboutCode\Miniconda3\envs\yolo\lib\site-packages\torch\include\ATen/ops/relu6.h
注意: 包含文件:           D:\APP\AboutCode\Miniconda3\envs\yolo\lib\site-packages\torch\include\ATen/ops/relu6_ops.h
注意: 包含文件:          D:\APP\AboutCode\Miniconda3\envs\yolo\lib\site-packages\torch\include\ATen/ops/remainder.h
注意: 包含文件:          D:\APP\AboutCode\Miniconda3\envs\yolo\lib\site-packages\torch\include\ATen/ops/rename.h
注意: 包含文件:          D:\APP\AboutCode\Miniconda3\envs\yolo\lib\site-packages\torch\include\ATen/ops/renorm.h
注意: 包含文件:          D:\APP\AboutCode\Miniconda3\envs\yolo\lib\site-packages\torch\include\ATen/ops/repeat.h
注意: 包含文件:          D:\APP\AboutCode\Miniconda3\envs\yolo\lib\site-packages\torch\include\ATen/ops/repeat_interleave.h
注意: 包含文件:          D:\APP\AboutCode\Miniconda3\envs\yolo\lib\site-packages\torch\include\ATen/ops/replication_pad1d.h
注意: 包含文件:           D:\APP\AboutCode\Miniconda3\envs\yolo\lib\site-packages\torch\include\ATen/ops/replication_pad1d_ops.h
注意: 包含文件:          D:\APP\AboutCode\Miniconda3\envs\yolo\lib\site-packages\torch\include\ATen/ops/replication_pad1d_backward.h
注意: 包含文件:           D:\APP\AboutCode\Miniconda3\envs\yolo\lib\site-packages\torch\include\ATen/ops/replication_pad1d_backward_ops.h
注意: 包含文件:          D:\APP\AboutCode\Miniconda3\envs\yolo\lib\site-packages\torch\include\ATen/ops/replication_pad2d.h
注意: 包含文件:           D:\APP\AboutCode\Miniconda3\envs\yolo\lib\site-packages\torch\include\ATen/ops/replication_pad2d_ops.h
注意: 包含文件:          D:\APP\AboutCode\Miniconda3\envs\yolo\lib\site-packages\torch\include\ATen/ops/replication_pad2d_backward.h
注意: 包含文件:           D:\APP\AboutCode\Miniconda3\envs\yolo\lib\site-packages\torch\include\ATen/ops/replication_pad2d_backward_ops.h
注意: 包含文件:          D:\APP\AboutCode\Miniconda3\envs\yolo\lib\site-packages\torch\include\ATen/ops/replication_pad3d.h
注意: 包含文件:           D:\APP\AboutCode\Miniconda3\envs\yolo\lib\site-packages\torch\include\ATen/ops/replication_pad3d_ops.h
注意: 包含文件:          D:\APP\AboutCode\Miniconda3\envs\yolo\lib\site-packages\torch\include\ATen/ops/replication_pad3d_backward.h
注意: 包含文件:           D:\APP\AboutCode\Miniconda3\envs\yolo\lib\site-packages\torch\include\ATen/ops/replication_pad3d_backward_ops.h
注意: 包含文件:          D:\APP\AboutCode\Miniconda3\envs\yolo\lib\site-packages\torch\include\ATen/ops/requires_grad.h
注意: 包含文件:          D:\APP\AboutCode\Miniconda3\envs\yolo\lib\site-packages\torch\include\ATen/ops/reshape.h
注意: 包含文件:          D:\APP\AboutCode\Miniconda3\envs\yolo\lib\site-packages\torch\include\ATen/ops/reshape_as.h
注意: 包含文件:          D:\APP\AboutCode\Miniconda3\envs\yolo\lib\site-packages\torch\include\ATen/ops/resize.h
注意: 包含文件:          D:\APP\AboutCode\Miniconda3\envs\yolo\lib\site-packages\torch\include\ATen/ops/resize_as.h
注意: 包含文件:          D:\APP\AboutCode\Miniconda3\envs\yolo\lib\site-packages\torch\include\ATen/ops/resize_as_sparse.h
注意: 包含文件:          D:\APP\AboutCode\Miniconda3\envs\yolo\lib\site-packages\torch\include\ATen/ops/resolve_conj.h
注意: 包含文件:          D:\APP\AboutCode\Miniconda3\envs\yolo\lib\site-packages\torch\include\ATen/ops/resolve_neg.h
注意: 包含文件:          D:\APP\AboutCode\Miniconda3\envs\yolo\lib\site-packages\torch\include\ATen/ops/result_type.h
注意: 包含文件:           D:\APP\AboutCode\Miniconda3\envs\yolo\lib\site-packages\torch\include\ATen/ops/result_type_ops.h
注意: 包含文件:          D:\APP\AboutCode\Miniconda3\envs\yolo\lib\site-packages\torch\include\ATen/ops/retain_grad.h
注意: 包含文件:          D:\APP\AboutCode\Miniconda3\envs\yolo\lib\site-packages\torch\include\ATen/ops/retains_grad.h
注意: 包含文件:          D:\APP\AboutCode\Miniconda3\envs\yolo\lib\site-packages\torch\include\ATen/ops/rnn_relu.h
注意: 包含文件:           D:\APP\AboutCode\Miniconda3\envs\yolo\lib\site-packages\torch\include\ATen/ops/rnn_relu_ops.h
注意: 包含文件:          D:\APP\AboutCode\Miniconda3\envs\yolo\lib\site-packages\torch\include\ATen/ops/rnn_relu_cell.h
注意: 包含文件:           D:\APP\AboutCode\Miniconda3\envs\yolo\lib\site-packages\torch\include\ATen/ops/rnn_relu_cell_ops.h
注意: 包含文件:          D:\APP\AboutCode\Miniconda3\envs\yolo\lib\site-packages\torch\include\ATen/ops/rnn_tanh.h
注意: 包含文件:           D:\APP\AboutCode\Miniconda3\envs\yolo\lib\site-packages\torch\include\ATen/ops/rnn_tanh_ops.h
注意: 包含文件:          D:\APP\AboutCode\Miniconda3\envs\yolo\lib\site-packages\torch\include\ATen/ops/rnn_tanh_cell.h
注意: 包含文件:           D:\APP\AboutCode\Miniconda3\envs\yolo\lib\site-packages\torch\include\ATen/ops/rnn_tanh_cell_ops.h
注意: 包含文件:          D:\APP\AboutCode\Miniconda3\envs\yolo\lib\site-packages\torch\include\ATen/ops/roll.h
注意: 包含文件:          D:\APP\AboutCode\Miniconda3\envs\yolo\lib\site-packages\torch\include\ATen/ops/rot90.h
注意: 包含文件:          D:\APP\AboutCode\Miniconda3\envs\yolo\lib\site-packages\torch\include\ATen/ops/round.h
注意: 包含文件:          D:\APP\AboutCode\Miniconda3\envs\yolo\lib\site-packages\torch\include\ATen/ops/row_indices.h
注意: 包含文件:          D:\APP\AboutCode\Miniconda3\envs\yolo\lib\site-packages\torch\include\ATen/ops/row_indices_copy.h
注意: 包含文件:           D:\APP\AboutCode\Miniconda3\envs\yolo\lib\site-packages\torch\include\ATen/ops/row_indices_copy_ops.h
注意: 包含文件:          D:\APP\AboutCode\Miniconda3\envs\yolo\lib\site-packages\torch\include\ATen/ops/row_stack.h
注意: 包含文件:           D:\APP\AboutCode\Miniconda3\envs\yolo\lib\site-packages\torch\include\ATen/ops/row_stack_ops.h
注意: 包含文件:          D:\APP\AboutCode\Miniconda3\envs\yolo\lib\site-packages\torch\include\ATen/ops/rrelu.h
注意: 包含文件:           D:\APP\AboutCode\Miniconda3\envs\yolo\lib\site-packages\torch\include\ATen/ops/rrelu_ops.h
注意: 包含文件:          D:\APP\AboutCode\Miniconda3\envs\yolo\lib\site-packages\torch\include\ATen/ops/rrelu_with_noise.h
注意: 包含文件:           D:\APP\AboutCode\Miniconda3\envs\yolo\lib\site-packages\torch\include\ATen/ops/rrelu_with_noise_ops.h
注意: 包含文件:          D:\APP\AboutCode\Miniconda3\envs\yolo\lib\site-packages\torch\include\ATen/ops/rrelu_with_noise_backward.h
注意: 包含文件:           D:\APP\AboutCode\Miniconda3\envs\yolo\lib\site-packages\torch\include\ATen/ops/rrelu_with_noise_backward_ops.h
注意: 包含文件:          D:\APP\AboutCode\Miniconda3\envs\yolo\lib\site-packages\torch\include\ATen/ops/rshift.h
注意: 包含文件:          D:\APP\AboutCode\Miniconda3\envs\yolo\lib\site-packages\torch\include\ATen/ops/rsqrt.h
注意: 包含文件:          D:\APP\AboutCode\Miniconda3\envs\yolo\lib\site-packages\torch\include\ATen/ops/rsub.h
注意: 包含文件:           D:\APP\AboutCode\Miniconda3\envs\yolo\lib\site-packages\torch\include\ATen/ops/rsub_ops.h
注意: 包含文件:          D:\APP\AboutCode\Miniconda3\envs\yolo\lib\site-packages\torch\include\ATen/ops/scalar_tensor.h
注意: 包含文件:           D:\APP\AboutCode\Miniconda3\envs\yolo\lib\site-packages\torch\include\ATen/ops/scalar_tensor_ops.h
注意: 包含文件:          D:\APP\AboutCode\Miniconda3\envs\yolo\lib\site-packages\torch\include\ATen/ops/scaled_dot_product_attention.h
注意: 包含文件:           D:\APP\AboutCode\Miniconda3\envs\yolo\lib\site-packages\torch\include\ATen/ops/scaled_dot_product_attention_ops.h
注意: 包含文件:          D:\APP\AboutCode\Miniconda3\envs\yolo\lib\site-packages\torch\include\ATen/ops/scatter.h
注意: 包含文件:          D:\APP\AboutCode\Miniconda3\envs\yolo\lib\site-packages\torch\include\ATen/ops/scatter_add.h
注意: 包含文件:          D:\APP\AboutCode\Miniconda3\envs\yolo\lib\site-packages\torch\include\ATen/ops/scatter_reduce.h
注意: 包含文件:          D:\APP\AboutCode\Miniconda3\envs\yolo\lib\site-packages\torch\include\ATen/ops/searchsorted.h
注意: 包含文件:           D:\APP\AboutCode\Miniconda3\envs\yolo\lib\site-packages\torch\include\ATen/ops/searchsorted_ops.h
注意: 包含文件:          D:\APP\AboutCode\Miniconda3\envs\yolo\lib\site-packages\torch\include\ATen/ops/segment_reduce.h
注意: 包含文件:           D:\APP\AboutCode\Miniconda3\envs\yolo\lib\site-packages\torch\include\ATen/ops/segment_reduce_ops.h
注意: 包含文件:          D:\APP\AboutCode\Miniconda3\envs\yolo\lib\site-packages\torch\include\ATen/ops/select.h
注意: 包含文件:          D:\APP\AboutCode\Miniconda3\envs\yolo\lib\site-packages\torch\include\ATen/ops/select_backward.h
注意: 包含文件:           D:\APP\AboutCode\Miniconda3\envs\yolo\lib\site-packages\torch\include\ATen/ops/select_backward_ops.h
注意: 包含文件:          D:\APP\AboutCode\Miniconda3\envs\yolo\lib\site-packages\torch\include\ATen/ops/select_copy.h
注意: 包含文件:           D:\APP\AboutCode\Miniconda3\envs\yolo\lib\site-packages\torch\include\ATen/ops/select_copy_ops.h
注意: 包含文件:          D:\APP\AboutCode\Miniconda3\envs\yolo\lib\site-packages\torch\include\ATen/ops/select_scatter.h
注意: 包含文件:          D:\APP\AboutCode\Miniconda3\envs\yolo\lib\site-packages\torch\include\ATen/ops/selu.h
注意: 包含文件:           D:\APP\AboutCode\Miniconda3\envs\yolo\lib\site-packages\torch\include\ATen/ops/selu_ops.h
注意: 包含文件:          D:\APP\AboutCode\Miniconda3\envs\yolo\lib\site-packages\torch\include\ATen/ops/set.h
注意: 包含文件:          D:\APP\AboutCode\Miniconda3\envs\yolo\lib\site-packages\torch\include\ATen/ops/set_data.h
注意: 包含文件:          D:\APP\AboutCode\Miniconda3\envs\yolo\lib\site-packages\torch\include\ATen/ops/sgn.h
注意: 包含文件:          D:\APP\AboutCode\Miniconda3\envs\yolo\lib\site-packages\torch\include\ATen/ops/sigmoid.h
注意: 包含文件:          D:\APP\AboutCode\Miniconda3\envs\yolo\lib\site-packages\torch\include\ATen/ops/sigmoid_backward.h
注意: 包含文件:           D:\APP\AboutCode\Miniconda3\envs\yolo\lib\site-packages\torch\include\ATen/ops/sigmoid_backward_ops.h
注意: 包含文件:          D:\APP\AboutCode\Miniconda3\envs\yolo\lib\site-packages\torch\include\ATen/ops/sign.h
注意: 包含文件:          D:\APP\AboutCode\Miniconda3\envs\yolo\lib\site-packages\torch\include\ATen/ops/signbit.h
注意: 包含文件:          D:\APP\AboutCode\Miniconda3\envs\yolo\lib\site-packages\torch\include\ATen/ops/silu.h
注意: 包含文件:           D:\APP\AboutCode\Miniconda3\envs\yolo\lib\site-packages\torch\include\ATen/ops/silu_ops.h
注意: 包含文件:          D:\APP\AboutCode\Miniconda3\envs\yolo\lib\site-packages\torch\include\ATen/ops/silu_backward.h
注意: 包含文件:           D:\APP\AboutCode\Miniconda3\envs\yolo\lib\site-packages\torch\include\ATen/ops/silu_backward_ops.h
注意: 包含文件:          D:\APP\AboutCode\Miniconda3\envs\yolo\lib\site-packages\torch\include\ATen/ops/sin.h
注意: 包含文件:          D:\APP\AboutCode\Miniconda3\envs\yolo\lib\site-packages\torch\include\ATen/ops/sinc.h
注意: 包含文件:          D:\APP\AboutCode\Miniconda3\envs\yolo\lib\site-packages\torch\include\ATen/ops/sinh.h
注意: 包含文件:          D:\APP\AboutCode\Miniconda3\envs\yolo\lib\site-packages\torch\include\ATen/ops/size.h
注意: 包含文件:          D:\APP\AboutCode\Miniconda3\envs\yolo\lib\site-packages\torch\include\ATen/ops/slice.h
注意: 包含文件:          D:\APP\AboutCode\Miniconda3\envs\yolo\lib\site-packages\torch\include\ATen/ops/slice_backward.h
注意: 包含文件:           D:\APP\AboutCode\Miniconda3\envs\yolo\lib\site-packages\torch\include\ATen/ops/slice_backward_ops.h
注意: 包含文件:          D:\APP\AboutCode\Miniconda3\envs\yolo\lib\site-packages\torch\include\ATen/ops/slice_copy.h
注意: 包含文件:           D:\APP\AboutCode\Miniconda3\envs\yolo\lib\site-packages\torch\include\ATen/ops/slice_copy_ops.h
注意: 包含文件:          D:\APP\AboutCode\Miniconda3\envs\yolo\lib\site-packages\torch\include\ATen/ops/slice_scatter.h
注意: 包含文件:          D:\APP\AboutCode\Miniconda3\envs\yolo\lib\site-packages\torch\include\ATen/ops/slogdet.h
注意: 包含文件:          D:\APP\AboutCode\Miniconda3\envs\yolo\lib\site-packages\torch\include\ATen/ops/slow_conv3d.h
注意: 包含文件:           D:\APP\AboutCode\Miniconda3\envs\yolo\lib\site-packages\torch\include\ATen/ops/slow_conv3d_ops.h
注意: 包含文件:          D:\APP\AboutCode\Miniconda3\envs\yolo\lib\site-packages\torch\include\ATen/ops/slow_conv3d_forward.h
注意: 包含文件:           D:\APP\AboutCode\Miniconda3\envs\yolo\lib\site-packages\torch\include\ATen/ops/slow_conv3d_forward_ops.h
注意: 包含文件:          D:\APP\AboutCode\Miniconda3\envs\yolo\lib\site-packages\torch\include\ATen/ops/slow_conv_dilated2d.h
注意: 包含文件:           D:\APP\AboutCode\Miniconda3\envs\yolo\lib\site-packages\torch\include\ATen/ops/slow_conv_dilated2d_ops.h
注意: 包含文件:          D:\APP\AboutCode\Miniconda3\envs\yolo\lib\site-packages\torch\include\ATen/ops/slow_conv_dilated3d.h
注意: 包含文件:           D:\APP\AboutCode\Miniconda3\envs\yolo\lib\site-packages\torch\include\ATen/ops/slow_conv_dilated3d_ops.h
注意: 包含文件:          D:\APP\AboutCode\Miniconda3\envs\yolo\lib\site-packages\torch\include\ATen/ops/slow_conv_transpose2d.h
注意: 包含文件:           D:\APP\AboutCode\Miniconda3\envs\yolo\lib\site-packages\torch\include\ATen/ops/slow_conv_transpose2d_ops.h
注意: 包含文件:          D:\APP\AboutCode\Miniconda3\envs\yolo\lib\site-packages\torch\include\ATen/ops/slow_conv_transpose3d.h
注意: 包含文件:           D:\APP\AboutCode\Miniconda3\envs\yolo\lib\site-packages\torch\include\ATen/ops/slow_conv_transpose3d_ops.h
注意: 包含文件:          D:\APP\AboutCode\Miniconda3\envs\yolo\lib\site-packages\torch\include\ATen/ops/smm.h
注意: 包含文件:          D:\APP\AboutCode\Miniconda3\envs\yolo\lib\site-packages\torch\include\ATen/ops/smooth_l1_loss.h
注意: 包含文件:           D:\APP\AboutCode\Miniconda3\envs\yolo\lib\site-packages\torch\include\ATen/ops/smooth_l1_loss_ops.h
注意: 包含文件:          D:\APP\AboutCode\Miniconda3\envs\yolo\lib\site-packages\torch\include\ATen/ops/smooth_l1_loss_backward.h
注意: 包含文件:           D:\APP\AboutCode\Miniconda3\envs\yolo\lib\site-packages\torch\include\ATen/ops/smooth_l1_loss_backward_ops.h
注意: 包含文件:          D:\APP\AboutCode\Miniconda3\envs\yolo\lib\site-packages\torch\include\ATen/ops/soft_margin_loss.h
注意: 包含文件:           D:\APP\AboutCode\Miniconda3\envs\yolo\lib\site-packages\torch\include\ATen/ops/soft_margin_loss_ops.h
注意: 包含文件:          D:\APP\AboutCode\Miniconda3\envs\yolo\lib\site-packages\torch\include\ATen/ops/soft_margin_loss_backward.h
注意: 包含文件:           D:\APP\AboutCode\Miniconda3\envs\yolo\lib\site-packages\torch\include\ATen/ops/soft_margin_loss_backward_ops.h
注意: 包含文件:          D:\APP\AboutCode\Miniconda3\envs\yolo\lib\site-packages\torch\include\ATen/ops/softmax.h
注意: 包含文件:          D:\APP\AboutCode\Miniconda3\envs\yolo\lib\site-packages\torch\include\ATen/ops/softplus.h
注意: 包含文件:           D:\APP\AboutCode\Miniconda3\envs\yolo\lib\site-packages\torch\include\ATen/ops/softplus_ops.h
注意: 包含文件:          D:\APP\AboutCode\Miniconda3\envs\yolo\lib\site-packages\torch\include\ATen/ops/softplus_backward.h
注意: 包含文件:           D:\APP\AboutCode\Miniconda3\envs\yolo\lib\site-packages\torch\include\ATen/ops/softplus_backward_ops.h
注意: 包含文件:          D:\APP\AboutCode\Miniconda3\envs\yolo\lib\site-packages\torch\include\ATen/ops/softshrink.h
注意: 包含文件:           D:\APP\AboutCode\Miniconda3\envs\yolo\lib\site-packages\torch\include\ATen/ops/softshrink_ops.h
注意: 包含文件:          D:\APP\AboutCode\Miniconda3\envs\yolo\lib\site-packages\torch\include\ATen/ops/softshrink_backward.h
注意: 包含文件:           D:\APP\AboutCode\Miniconda3\envs\yolo\lib\site-packages\torch\include\ATen/ops/softshrink_backward_ops.h
注意: 包含文件:          D:\APP\AboutCode\Miniconda3\envs\yolo\lib\site-packages\torch\include\ATen/ops/sort.h
注意: 包含文件:          D:\APP\AboutCode\Miniconda3\envs\yolo\lib\site-packages\torch\include\ATen/ops/sparse_bsc_tensor.h
注意: 包含文件:           D:\APP\AboutCode\Miniconda3\envs\yolo\lib\site-packages\torch\include\ATen/ops/sparse_bsc_tensor_ops.h
注意: 包含文件:          D:\APP\AboutCode\Miniconda3\envs\yolo\lib\site-packages\torch\include\ATen/ops/sparse_bsr_tensor.h
注意: 包含文件:           D:\APP\AboutCode\Miniconda3\envs\yolo\lib\site-packages\torch\include\ATen/ops/sparse_bsr_tensor_ops.h
注意: 包含文件:          D:\APP\AboutCode\Miniconda3\envs\yolo\lib\site-packages\torch\include\ATen/ops/sparse_compressed_tensor.h
注意: 包含文件:           D:\APP\AboutCode\Miniconda3\envs\yolo\lib\site-packages\torch\include\ATen/ops/sparse_compressed_tensor_ops.h
注意: 包含文件:          D:\APP\AboutCode\Miniconda3\envs\yolo\lib\site-packages\torch\include\ATen/ops/sparse_coo_tensor.h
注意: 包含文件:           D:\APP\AboutCode\Miniconda3\envs\yolo\lib\site-packages\torch\include\ATen/ops/sparse_coo_tensor_ops.h
注意: 包含文件:          D:\APP\AboutCode\Miniconda3\envs\yolo\lib\site-packages\torch\include\ATen/ops/sparse_csc_tensor.h
注意: 包含文件:           D:\APP\AboutCode\Miniconda3\envs\yolo\lib\site-packages\torch\include\ATen/ops/sparse_csc_tensor_ops.h
注意: 包含文件:          D:\APP\AboutCode\Miniconda3\envs\yolo\lib\site-packages\torch\include\ATen/ops/sparse_csr_tensor.h
注意: 包含文件:           D:\APP\AboutCode\Miniconda3\envs\yolo\lib\site-packages\torch\include\ATen/ops/sparse_csr_tensor_ops.h
注意: 包含文件:          D:\APP\AboutCode\Miniconda3\envs\yolo\lib\site-packages\torch\include\ATen/ops/sparse_dim.h
注意: 包含文件:          D:\APP\AboutCode\Miniconda3\envs\yolo\lib\site-packages\torch\include\ATen/ops/sparse_mask.h
注意: 包含文件:          D:\APP\AboutCode\Miniconda3\envs\yolo\lib\site-packages\torch\include\ATen/ops/sparse_resize.h
注意: 包含文件:          D:\APP\AboutCode\Miniconda3\envs\yolo\lib\site-packages\torch\include\ATen/ops/sparse_resize_and_clear.h
注意: 包含文件:          D:\APP\AboutCode\Miniconda3\envs\yolo\lib\site-packages\torch\include\ATen/ops/sparse_sampled_addmm.h
注意: 包含文件:           D:\APP\AboutCode\Miniconda3\envs\yolo\lib\site-packages\torch\include\ATen/ops/sparse_sampled_addmm_ops.h
注意: 包含文件:          D:\APP\AboutCode\Miniconda3\envs\yolo\lib\site-packages\torch\include\ATen/ops/special_airy_ai.h
注意: 包含文件:           D:\APP\AboutCode\Miniconda3\envs\yolo\lib\site-packages\torch\include\ATen/ops/special_airy_ai_ops.h
注意: 包含文件:          D:\APP\AboutCode\Miniconda3\envs\yolo\lib\site-packages\torch\include\ATen/ops/special_bessel_j0.h
注意: 包含文件:           D:\APP\AboutCode\Miniconda3\envs\yolo\lib\site-packages\torch\include\ATen/ops/special_bessel_j0_ops.h
注意: 包含文件:          D:\APP\AboutCode\Miniconda3\envs\yolo\lib\site-packages\torch\include\ATen/ops/special_bessel_j1.h
注意: 包含文件:           D:\APP\AboutCode\Miniconda3\envs\yolo\lib\site-packages\torch\include\ATen/ops/special_bessel_j1_ops.h
注意: 包含文件:          D:\APP\AboutCode\Miniconda3\envs\yolo\lib\site-packages\torch\include\ATen/ops/special_bessel_y0.h
注意: 包含文件:           D:\APP\AboutCode\Miniconda3\envs\yolo\lib\site-packages\torch\include\ATen/ops/special_bessel_y0_ops.h
注意: 包含文件:          D:\APP\AboutCode\Miniconda3\envs\yolo\lib\site-packages\torch\include\ATen/ops/special_bessel_y1.h
注意: 包含文件:           D:\APP\AboutCode\Miniconda3\envs\yolo\lib\site-packages\torch\include\ATen/ops/special_bessel_y1_ops.h
注意: 包含文件:          D:\APP\AboutCode\Miniconda3\envs\yolo\lib\site-packages\torch\include\ATen/ops/special_chebyshev_polynomial_t.h
注意: 包含文件:           D:\APP\AboutCode\Miniconda3\envs\yolo\lib\site-packages\torch\include\ATen/ops/special_chebyshev_polynomial_t_ops.h
注意: 包含文件:          D:\APP\AboutCode\Miniconda3\envs\yolo\lib\site-packages\torch\include\ATen/ops/special_chebyshev_polynomial_u.h
注意: 包含文件:           D:\APP\AboutCode\Miniconda3\envs\yolo\lib\site-packages\torch\include\ATen/ops/special_chebyshev_polynomial_u_ops.h
注意: 包含文件:          D:\APP\AboutCode\Miniconda3\envs\yolo\lib\site-packages\torch\include\ATen/ops/special_chebyshev_polynomial_v.h
注意: 包含文件:           D:\APP\AboutCode\Miniconda3\envs\yolo\lib\site-packages\torch\include\ATen/ops/special_chebyshev_polynomial_v_ops.h
注意: 包含文件:          D:\APP\AboutCode\Miniconda3\envs\yolo\lib\site-packages\torch\include\ATen/ops/special_chebyshev_polynomial_w.h
注意: 包含文件:           D:\APP\AboutCode\Miniconda3\envs\yolo\lib\site-packages\torch\include\ATen/ops/special_chebyshev_polynomial_w_ops.h
注意: 包含文件:          D:\APP\AboutCode\Miniconda3\envs\yolo\lib\site-packages\torch\include\ATen/ops/special_digamma.h
注意: 包含文件:           D:\APP\AboutCode\Miniconda3\envs\yolo\lib\site-packages\torch\include\ATen/ops/special_digamma_ops.h
注意: 包含文件:          D:\APP\AboutCode\Miniconda3\envs\yolo\lib\site-packages\torch\include\ATen/ops/special_entr.h
注意: 包含文件:           D:\APP\AboutCode\Miniconda3\envs\yolo\lib\site-packages\torch\include\ATen/ops/special_entr_ops.h
注意: 包含文件:          D:\APP\AboutCode\Miniconda3\envs\yolo\lib\site-packages\torch\include\ATen/ops/special_erf.h
注意: 包含文件:           D:\APP\AboutCode\Miniconda3\envs\yolo\lib\site-packages\torch\include\ATen/ops/special_erf_ops.h
注意: 包含文件:          D:\APP\AboutCode\Miniconda3\envs\yolo\lib\site-packages\torch\include\ATen/ops/special_erfc.h
注意: 包含文件:           D:\APP\AboutCode\Miniconda3\envs\yolo\lib\site-packages\torch\include\ATen/ops/special_erfc_ops.h
注意: 包含文件:          D:\APP\AboutCode\Miniconda3\envs\yolo\lib\site-packages\torch\include\ATen/ops/special_erfcx.h
注意: 包含文件:           D:\APP\AboutCode\Miniconda3\envs\yolo\lib\site-packages\torch\include\ATen/ops/special_erfcx_ops.h
注意: 包含文件:          D:\APP\AboutCode\Miniconda3\envs\yolo\lib\site-packages\torch\include\ATen/ops/special_erfinv.h
注意: 包含文件:           D:\APP\AboutCode\Miniconda3\envs\yolo\lib\site-packages\torch\include\ATen/ops/special_erfinv_ops.h
注意: 包含文件:          D:\APP\AboutCode\Miniconda3\envs\yolo\lib\site-packages\torch\include\ATen/ops/special_exp2.h
注意: 包含文件:           D:\APP\AboutCode\Miniconda3\envs\yolo\lib\site-packages\torch\include\ATen/ops/special_exp2_ops.h
注意: 包含文件:          D:\APP\AboutCode\Miniconda3\envs\yolo\lib\site-packages\torch\include\ATen/ops/special_expit.h
注意: 包含文件:           D:\APP\AboutCode\Miniconda3\envs\yolo\lib\site-packages\torch\include\ATen/ops/special_expit_ops.h
注意: 包含文件:          D:\APP\AboutCode\Miniconda3\envs\yolo\lib\site-packages\torch\include\ATen/ops/special_expm1.h
注意: 包含文件:           D:\APP\AboutCode\Miniconda3\envs\yolo\lib\site-packages\torch\include\ATen/ops/special_expm1_ops.h
注意: 包含文件:          D:\APP\AboutCode\Miniconda3\envs\yolo\lib\site-packages\torch\include\ATen/ops/special_gammainc.h
注意: 包含文件:           D:\APP\AboutCode\Miniconda3\envs\yolo\lib\site-packages\torch\include\ATen/ops/special_gammainc_ops.h
注意: 包含文件:          D:\APP\AboutCode\Miniconda3\envs\yolo\lib\site-packages\torch\include\ATen/ops/special_gammaincc.h
注意: 包含文件:           D:\APP\AboutCode\Miniconda3\envs\yolo\lib\site-packages\torch\include\ATen/ops/special_gammaincc_ops.h
注意: 包含文件:          D:\APP\AboutCode\Miniconda3\envs\yolo\lib\site-packages\torch\include\ATen/ops/special_gammaln.h
注意: 包含文件:           D:\APP\AboutCode\Miniconda3\envs\yolo\lib\site-packages\torch\include\ATen/ops/special_gammaln_ops.h
注意: 包含文件:          D:\APP\AboutCode\Miniconda3\envs\yolo\lib\site-packages\torch\include\ATen/ops/special_hermite_polynomial_h.h
注意: 包含文件:           D:\APP\AboutCode\Miniconda3\envs\yolo\lib\site-packages\torch\include\ATen/ops/special_hermite_polynomial_h_ops.h
注意: 包含文件:          D:\APP\AboutCode\Miniconda3\envs\yolo\lib\site-packages\torch\include\ATen/ops/special_hermite_polynomial_he.h
注意: 包含文件:           D:\APP\AboutCode\Miniconda3\envs\yolo\lib\site-packages\torch\include\ATen/ops/special_hermite_polynomial_he_ops.h
注意: 包含文件:          D:\APP\AboutCode\Miniconda3\envs\yolo\lib\site-packages\torch\include\ATen/ops/special_i0.h
注意: 包含文件:           D:\APP\AboutCode\Miniconda3\envs\yolo\lib\site-packages\torch\include\ATen/ops/special_i0_ops.h
注意: 包含文件:          D:\APP\AboutCode\Miniconda3\envs\yolo\lib\site-packages\torch\include\ATen/ops/special_i0e.h
注意: 包含文件:           D:\APP\AboutCode\Miniconda3\envs\yolo\lib\site-packages\torch\include\ATen/ops/special_i0e_ops.h
注意: 包含文件:          D:\APP\AboutCode\Miniconda3\envs\yolo\lib\site-packages\torch\include\ATen/ops/special_i1.h
注意: 包含文件:           D:\APP\AboutCode\Miniconda3\envs\yolo\lib\site-packages\torch\include\ATen/ops/special_i1_ops.h
注意: 包含文件:          D:\APP\AboutCode\Miniconda3\envs\yolo\lib\site-packages\torch\include\ATen/ops/special_i1e.h
注意: 包含文件:           D:\APP\AboutCode\Miniconda3\envs\yolo\lib\site-packages\torch\include\ATen/ops/special_i1e_ops.h
注意: 包含文件:          D:\APP\AboutCode\Miniconda3\envs\yolo\lib\site-packages\torch\include\ATen/ops/special_laguerre_polynomial_l.h
注意: 包含文件:           D:\APP\AboutCode\Miniconda3\envs\yolo\lib\site-packages\torch\include\ATen/ops/special_laguerre_polynomial_l_ops.h
注意: 包含文件:          D:\APP\AboutCode\Miniconda3\envs\yolo\lib\site-packages\torch\include\ATen/ops/special_legendre_polynomial_p.h
注意: 包含文件:           D:\APP\AboutCode\Miniconda3\envs\yolo\lib\site-packages\torch\include\ATen/ops/special_legendre_polynomial_p_ops.h
注意: 包含文件:          D:\APP\AboutCode\Miniconda3\envs\yolo\lib\site-packages\torch\include\ATen/ops/special_log1p.h
注意: 包含文件:           D:\APP\AboutCode\Miniconda3\envs\yolo\lib\site-packages\torch\include\ATen/ops/special_log1p_ops.h
注意: 包含文件:          D:\APP\AboutCode\Miniconda3\envs\yolo\lib\site-packages\torch\include\ATen/ops/special_log_ndtr.h
注意: 包含文件:           D:\APP\AboutCode\Miniconda3\envs\yolo\lib\site-packages\torch\include\ATen/ops/special_log_ndtr_ops.h
注意: 包含文件:          D:\APP\AboutCode\Miniconda3\envs\yolo\lib\site-packages\torch\include\ATen/ops/special_log_softmax.h
注意: 包含文件:           D:\APP\AboutCode\Miniconda3\envs\yolo\lib\site-packages\torch\include\ATen/ops/special_log_softmax_ops.h
注意: 包含文件:          D:\APP\AboutCode\Miniconda3\envs\yolo\lib\site-packages\torch\include\ATen/ops/special_logit.h
注意: 包含文件:           D:\APP\AboutCode\Miniconda3\envs\yolo\lib\site-packages\torch\include\ATen/ops/special_logit_ops.h
注意: 包含文件:          D:\APP\AboutCode\Miniconda3\envs\yolo\lib\site-packages\torch\include\ATen/ops/special_logsumexp.h
注意: 包含文件:           D:\APP\AboutCode\Miniconda3\envs\yolo\lib\site-packages\torch\include\ATen/ops/special_logsumexp_ops.h
注意: 包含文件:          D:\APP\AboutCode\Miniconda3\envs\yolo\lib\site-packages\torch\include\ATen/ops/special_modified_bessel_i0.h
注意: 包含文件:           D:\APP\AboutCode\Miniconda3\envs\yolo\lib\site-packages\torch\include\ATen/ops/special_modified_bessel_i0_ops.h
注意: 包含文件:          D:\APP\AboutCode\Miniconda3\envs\yolo\lib\site-packages\torch\include\ATen/ops/special_modified_bessel_i1.h
注意: 包含文件:           D:\APP\AboutCode\Miniconda3\envs\yolo\lib\site-packages\torch\include\ATen/ops/special_modified_bessel_i1_ops.h
注意: 包含文件:          D:\APP\AboutCode\Miniconda3\envs\yolo\lib\site-packages\torch\include\ATen/ops/special_modified_bessel_k0.h
注意: 包含文件:           D:\APP\AboutCode\Miniconda3\envs\yolo\lib\site-packages\torch\include\ATen/ops/special_modified_bessel_k0_ops.h
注意: 包含文件:          D:\APP\AboutCode\Miniconda3\envs\yolo\lib\site-packages\torch\include\ATen/ops/special_modified_bessel_k1.h
注意: 包含文件:           D:\APP\AboutCode\Miniconda3\envs\yolo\lib\site-packages\torch\include\ATen/ops/special_modified_bessel_k1_ops.h
注意: 包含文件:          D:\APP\AboutCode\Miniconda3\envs\yolo\lib\site-packages\torch\include\ATen/ops/special_multigammaln.h
注意: 包含文件:           D:\APP\AboutCode\Miniconda3\envs\yolo\lib\site-packages\torch\include\ATen/ops/special_multigammaln_ops.h
注意: 包含文件:          D:\APP\AboutCode\Miniconda3\envs\yolo\lib\site-packages\torch\include\ATen/ops/special_ndtr.h
注意: 包含文件:           D:\APP\AboutCode\Miniconda3\envs\yolo\lib\site-packages\torch\include\ATen/ops/special_ndtr_ops.h
注意: 包含文件:          D:\APP\AboutCode\Miniconda3\envs\yolo\lib\site-packages\torch\include\ATen/ops/special_ndtri.h
注意: 包含文件:           D:\APP\AboutCode\Miniconda3\envs\yolo\lib\site-packages\torch\include\ATen/ops/special_ndtri_ops.h
注意: 包含文件:          D:\APP\AboutCode\Miniconda3\envs\yolo\lib\site-packages\torch\include\ATen/ops/special_polygamma.h
注意: 包含文件:           D:\APP\AboutCode\Miniconda3\envs\yolo\lib\site-packages\torch\include\ATen/ops/special_polygamma_ops.h
注意: 包含文件:          D:\APP\AboutCode\Miniconda3\envs\yolo\lib\site-packages\torch\include\ATen/ops/special_psi.h
注意: 包含文件:           D:\APP\AboutCode\Miniconda3\envs\yolo\lib\site-packages\torch\include\ATen/ops/special_psi_ops.h
注意: 包含文件:          D:\APP\AboutCode\Miniconda3\envs\yolo\lib\site-packages\torch\include\ATen/ops/special_round.h
注意: 包含文件:           D:\APP\AboutCode\Miniconda3\envs\yolo\lib\site-packages\torch\include\ATen/ops/special_round_ops.h
注意: 包含文件:          D:\APP\AboutCode\Miniconda3\envs\yolo\lib\site-packages\torch\include\ATen/ops/special_scaled_modified_bessel_k0.h
注意: 包含文件:           D:\APP\AboutCode\Miniconda3\envs\yolo\lib\site-packages\torch\include\ATen/ops/special_scaled_modified_bessel_k0_ops.h
注意: 包含文件:          D:\APP\AboutCode\Miniconda3\envs\yolo\lib\site-packages\torch\include\ATen/ops/special_scaled_modified_bessel_k1.h
注意: 包含文件:           D:\APP\AboutCode\Miniconda3\envs\yolo\lib\site-packages\torch\include\ATen/ops/special_scaled_modified_bessel_k1_ops.h
注意: 包含文件:          D:\APP\AboutCode\Miniconda3\envs\yolo\lib\site-packages\torch\include\ATen/ops/special_shifted_chebyshev_polynomial_t.h
注意: 包含文件:           D:\APP\AboutCode\Miniconda3\envs\yolo\lib\site-packages\torch\include\ATen/ops/special_shifted_chebyshev_polynomial_t_ops.h
注意: 包含文件:          D:\APP\AboutCode\Miniconda3\envs\yolo\lib\site-packages\torch\include\ATen/ops/special_shifted_chebyshev_polynomial_u.h
注意: 包含文件:           D:\APP\AboutCode\Miniconda3\envs\yolo\lib\site-packages\torch\include\ATen/ops/special_shifted_chebyshev_polynomial_u_ops.h
注意: 包含文件:          D:\APP\AboutCode\Miniconda3\envs\yolo\lib\site-packages\torch\include\ATen/ops/special_shifted_chebyshev_polynomial_v.h
注意: 包含文件:           D:\APP\AboutCode\Miniconda3\envs\yolo\lib\site-packages\torch\include\ATen/ops/special_shifted_chebyshev_polynomial_v_ops.h
注意: 包含文件:          D:\APP\AboutCode\Miniconda3\envs\yolo\lib\site-packages\torch\include\ATen/ops/special_shifted_chebyshev_polynomial_w.h
注意: 包含文件:           D:\APP\AboutCode\Miniconda3\envs\yolo\lib\site-packages\torch\include\ATen/ops/special_shifted_chebyshev_polynomial_w_ops.h
注意: 包含文件:          D:\APP\AboutCode\Miniconda3\envs\yolo\lib\site-packages\torch\include\ATen/ops/special_sinc.h
注意: 包含文件:           D:\APP\AboutCode\Miniconda3\envs\yolo\lib\site-packages\torch\include\ATen/ops/special_sinc_ops.h
注意: 包含文件:          D:\APP\AboutCode\Miniconda3\envs\yolo\lib\site-packages\torch\include\ATen/ops/special_softmax.h
注意: 包含文件:           D:\APP\AboutCode\Miniconda3\envs\yolo\lib\site-packages\torch\include\ATen/ops/special_softmax_ops.h
注意: 包含文件:          D:\APP\AboutCode\Miniconda3\envs\yolo\lib\site-packages\torch\include\ATen/ops/special_spherical_bessel_j0.h
注意: 包含文件:           D:\APP\AboutCode\Miniconda3\envs\yolo\lib\site-packages\torch\include\ATen/ops/special_spherical_bessel_j0_ops.h
注意: 包含文件:          D:\APP\AboutCode\Miniconda3\envs\yolo\lib\site-packages\torch\include\ATen/ops/special_xlog1py.h
注意: 包含文件:           D:\APP\AboutCode\Miniconda3\envs\yolo\lib\site-packages\torch\include\ATen/ops/special_xlog1py_ops.h
注意: 包含文件:          D:\APP\AboutCode\Miniconda3\envs\yolo\lib\site-packages\torch\include\ATen/ops/special_xlogy.h
注意: 包含文件:           D:\APP\AboutCode\Miniconda3\envs\yolo\lib\site-packages\torch\include\ATen/ops/special_xlogy_ops.h
注意: 包含文件:          D:\APP\AboutCode\Miniconda3\envs\yolo\lib\site-packages\torch\include\ATen/ops/special_zeta.h
注意: 包含文件:           D:\APP\AboutCode\Miniconda3\envs\yolo\lib\site-packages\torch\include\ATen/ops/special_zeta_ops.h
注意: 包含文件:          D:\APP\AboutCode\Miniconda3\envs\yolo\lib\site-packages\torch\include\ATen/ops/split.h
注意: 包含文件:          D:\APP\AboutCode\Miniconda3\envs\yolo\lib\site-packages\torch\include\ATen/ops/split_copy.h
注意: 包含文件:           D:\APP\AboutCode\Miniconda3\envs\yolo\lib\site-packages\torch\include\ATen/ops/split_copy_ops.h
注意: 包含文件:          D:\APP\AboutCode\Miniconda3\envs\yolo\lib\site-packages\torch\include\ATen/ops/split_with_sizes.h
注意: 包含文件:          D:\APP\AboutCode\Miniconda3\envs\yolo\lib\site-packages\torch\include\ATen/ops/split_with_sizes_copy.h
注意: 包含文件:           D:\APP\AboutCode\Miniconda3\envs\yolo\lib\site-packages\torch\include\ATen/ops/split_with_sizes_copy_ops.h
注意: 包含文件:          D:\APP\AboutCode\Miniconda3\envs\yolo\lib\site-packages\torch\include\ATen/ops/sqrt.h
注意: 包含文件:          D:\APP\AboutCode\Miniconda3\envs\yolo\lib\site-packages\torch\include\ATen/ops/square.h
注意: 包含文件:          D:\APP\AboutCode\Miniconda3\envs\yolo\lib\site-packages\torch\include\ATen/ops/squeeze.h
注意: 包含文件:          D:\APP\AboutCode\Miniconda3\envs\yolo\lib\site-packages\torch\include\ATen/ops/squeeze_copy.h
注意: 包含文件:           D:\APP\AboutCode\Miniconda3\envs\yolo\lib\site-packages\torch\include\ATen/ops/squeeze_copy_ops.h
注意: 包含文件:          D:\APP\AboutCode\Miniconda3\envs\yolo\lib\site-packages\torch\include\ATen/ops/sspaddmm.h
注意: 包含文件:          D:\APP\AboutCode\Miniconda3\envs\yolo\lib\site-packages\torch\include\ATen/ops/stack.h
注意: 包含文件:           D:\APP\AboutCode\Miniconda3\envs\yolo\lib\site-packages\torch\include\ATen/ops/stack_ops.h
注意: 包含文件:          D:\APP\AboutCode\Miniconda3\envs\yolo\lib\site-packages\torch\include\ATen/ops/std.h
注意: 包含文件:          D:\APP\AboutCode\Miniconda3\envs\yolo\lib\site-packages\torch\include\ATen/ops/std_mean.h
注意: 包含文件:           D:\APP\AboutCode\Miniconda3\envs\yolo\lib\site-packages\torch\include\ATen/ops/std_mean_ops.h
注意: 包含文件:          D:\APP\AboutCode\Miniconda3\envs\yolo\lib\site-packages\torch\include\ATen/ops/stft.h
注意: 包含文件:          D:\APP\AboutCode\Miniconda3\envs\yolo\lib\site-packages\torch\include\ATen/ops/stride.h
注意: 包含文件:          D:\APP\AboutCode\Miniconda3\envs\yolo\lib\site-packages\torch\include\ATen/ops/sub.h
注意: 包含文件:          D:\APP\AboutCode\Miniconda3\envs\yolo\lib\site-packages\torch\include\ATen/ops/subtract.h
注意: 包含文件:          D:\APP\AboutCode\Miniconda3\envs\yolo\lib\site-packages\torch\include\ATen/ops/sum.h
注意: 包含文件:          D:\APP\AboutCode\Miniconda3\envs\yolo\lib\site-packages\torch\include\ATen/ops/sum_to_size.h
注意: 包含文件:          D:\APP\AboutCode\Miniconda3\envs\yolo\lib\site-packages\torch\include\ATen/ops/svd.h
注意: 包含文件:          D:\APP\AboutCode\Miniconda3\envs\yolo\lib\site-packages\torch\include\ATen/ops/swapaxes.h
注意: 包含文件:          D:\APP\AboutCode\Miniconda3\envs\yolo\lib\site-packages\torch\include\ATen/ops/swapdims.h
注意: 包含文件:          D:\APP\AboutCode\Miniconda3\envs\yolo\lib\site-packages\torch\include\ATen/ops/sym_constrain_range.h
注意: 包含文件:           D:\APP\AboutCode\Miniconda3\envs\yolo\lib\site-packages\torch\include\ATen/ops/sym_constrain_range_ops.h
注意: 包含文件:          D:\APP\AboutCode\Miniconda3\envs\yolo\lib\site-packages\torch\include\ATen/ops/sym_constrain_range_for_size.h
注意: 包含文件:           D:\APP\AboutCode\Miniconda3\envs\yolo\lib\site-packages\torch\include\ATen/ops/sym_constrain_range_for_size_ops.h
注意: 包含文件:          D:\APP\AboutCode\Miniconda3\envs\yolo\lib\site-packages\torch\include\ATen/ops/sym_numel.h
注意: 包含文件:           D:\APP\AboutCode\Miniconda3\envs\yolo\lib\site-packages\torch\include\ATen/ops/sym_numel_ops.h
注意: 包含文件:          D:\APP\AboutCode\Miniconda3\envs\yolo\lib\site-packages\torch\include\ATen/ops/sym_size.h
注意: 包含文件:           D:\APP\AboutCode\Miniconda3\envs\yolo\lib\site-packages\torch\include\ATen/ops/sym_size_ops.h
注意: 包含文件:          D:\APP\AboutCode\Miniconda3\envs\yolo\lib\site-packages\torch\include\ATen/ops/sym_storage_offset.h
注意: 包含文件:           D:\APP\AboutCode\Miniconda3\envs\yolo\lib\site-packages\torch\include\ATen/ops/sym_storage_offset_ops.h
注意: 包含文件:          D:\APP\AboutCode\Miniconda3\envs\yolo\lib\site-packages\torch\include\ATen/ops/sym_stride.h
注意: 包含文件:           D:\APP\AboutCode\Miniconda3\envs\yolo\lib\site-packages\torch\include\ATen/ops/sym_stride_ops.h
注意: 包含文件:          D:\APP\AboutCode\Miniconda3\envs\yolo\lib\site-packages\torch\include\ATen/ops/t.h
注意: 包含文件:          D:\APP\AboutCode\Miniconda3\envs\yolo\lib\site-packages\torch\include\ATen/ops/t_copy.h
注意: 包含文件:           D:\APP\AboutCode\Miniconda3\envs\yolo\lib\site-packages\torch\include\ATen/ops/t_copy_ops.h
注意: 包含文件:          D:\APP\AboutCode\Miniconda3\envs\yolo\lib\site-packages\torch\include\ATen/ops/take.h
注意: 包含文件:          D:\APP\AboutCode\Miniconda3\envs\yolo\lib\site-packages\torch\include\ATen/ops/take_along_dim.h
注意: 包含文件:          D:\APP\AboutCode\Miniconda3\envs\yolo\lib\site-packages\torch\include\ATen/ops/tan.h
注意: 包含文件:          D:\APP\AboutCode\Miniconda3\envs\yolo\lib\site-packages\torch\include\ATen/ops/tanh.h
注意: 包含文件:          D:\APP\AboutCode\Miniconda3\envs\yolo\lib\site-packages\torch\include\ATen/ops/tanh_backward.h
注意: 包含文件:           D:\APP\AboutCode\Miniconda3\envs\yolo\lib\site-packages\torch\include\ATen/ops/tanh_backward_ops.h
注意: 包含文件:          D:\APP\AboutCode\Miniconda3\envs\yolo\lib\site-packages\torch\include\ATen/ops/tensor_split.h
注意: 包含文件:          D:\APP\AboutCode\Miniconda3\envs\yolo\lib\site-packages\torch\include\ATen/ops/tensordot.h
注意: 包含文件:           D:\APP\AboutCode\Miniconda3\envs\yolo\lib\site-packages\torch\include\ATen/ops/tensordot_ops.h
注意: 包含文件:          D:\APP\AboutCode\Miniconda3\envs\yolo\lib\site-packages\torch\include\ATen/ops/thnn_conv2d.h
注意: 包含文件:           D:\APP\AboutCode\Miniconda3\envs\yolo\lib\site-packages\torch\include\ATen/ops/thnn_conv2d_ops.h
注意: 包含文件:          D:\APP\AboutCode\Miniconda3\envs\yolo\lib\site-packages\torch\include\ATen/ops/threshold.h
注意: 包含文件:           D:\APP\AboutCode\Miniconda3\envs\yolo\lib\site-packages\torch\include\ATen/ops/threshold_ops.h
注意: 包含文件:          D:\APP\AboutCode\Miniconda3\envs\yolo\lib\site-packages\torch\include\ATen/ops/threshold_backward.h
注意: 包含文件:           D:\APP\AboutCode\Miniconda3\envs\yolo\lib\site-packages\torch\include\ATen/ops/threshold_backward_ops.h
注意: 包含文件:          D:\APP\AboutCode\Miniconda3\envs\yolo\lib\site-packages\torch\include\ATen/ops/tile.h
注意: 包含文件:          D:\APP\AboutCode\Miniconda3\envs\yolo\lib\site-packages\torch\include\ATen/ops/to.h
注意: 包含文件:          D:\APP\AboutCode\Miniconda3\envs\yolo\lib\site-packages\torch\include\ATen/ops/to_dense.h
注意: 包含文件:          D:\APP\AboutCode\Miniconda3\envs\yolo\lib\site-packages\torch\include\ATen/ops/to_dense_backward.h
注意: 包含文件:           D:\APP\AboutCode\Miniconda3\envs\yolo\lib\site-packages\torch\include\ATen/ops/to_dense_backward_ops.h
注意: 包含文件:          D:\APP\AboutCode\Miniconda3\envs\yolo\lib\site-packages\torch\include\ATen/ops/to_mkldnn.h
注意: 包含文件:          D:\APP\AboutCode\Miniconda3\envs\yolo\lib\site-packages\torch\include\ATen/ops/to_mkldnn_backward.h
注意: 包含文件:           D:\APP\AboutCode\Miniconda3\envs\yolo\lib\site-packages\torch\include\ATen/ops/to_mkldnn_backward_ops.h
注意: 包含文件:          D:\APP\AboutCode\Miniconda3\envs\yolo\lib\site-packages\torch\include\ATen/ops/to_padded_tensor.h
注意: 包含文件:          D:\APP\AboutCode\Miniconda3\envs\yolo\lib\site-packages\torch\include\ATen/ops/to_sparse.h
注意: 包含文件:          D:\APP\AboutCode\Miniconda3\envs\yolo\lib\site-packages\torch\include\ATen/ops/to_sparse_bsc.h
注意: 包含文件:          D:\APP\AboutCode\Miniconda3\envs\yolo\lib\site-packages\torch\include\ATen/ops/to_sparse_bsr.h
注意: 包含文件:          D:\APP\AboutCode\Miniconda3\envs\yolo\lib\site-packages\torch\include\ATen/ops/to_sparse_csc.h
注意: 包含文件:          D:\APP\AboutCode\Miniconda3\envs\yolo\lib\site-packages\torch\include\ATen/ops/to_sparse_csr.h
注意: 包含文件:          D:\APP\AboutCode\Miniconda3\envs\yolo\lib\site-packages\torch\include\ATen/ops/topk.h
注意: 包含文件:          D:\APP\AboutCode\Miniconda3\envs\yolo\lib\site-packages\torch\include\ATen/ops/trace.h
注意: 包含文件:          D:\APP\AboutCode\Miniconda3\envs\yolo\lib\site-packages\torch\include\ATen/ops/trace_backward.h
注意: 包含文件:           D:\APP\AboutCode\Miniconda3\envs\yolo\lib\site-packages\torch\include\ATen/ops/trace_backward_ops.h
注意: 包含文件:          D:\APP\AboutCode\Miniconda3\envs\yolo\lib\site-packages\torch\include\ATen/ops/transpose.h
注意: 包含文件:          D:\APP\AboutCode\Miniconda3\envs\yolo\lib\site-packages\torch\include\ATen/ops/transpose_copy.h
注意: 包含文件:           D:\APP\AboutCode\Miniconda3\envs\yolo\lib\site-packages\torch\include\ATen/ops/transpose_copy_ops.h
注意: 包含文件:          D:\APP\AboutCode\Miniconda3\envs\yolo\lib\site-packages\torch\include\ATen/ops/trapezoid.h
注意: 包含文件:           D:\APP\AboutCode\Miniconda3\envs\yolo\lib\site-packages\torch\include\ATen/ops/trapezoid_ops.h
注意: 包含文件:          D:\APP\AboutCode\Miniconda3\envs\yolo\lib\site-packages\torch\include\ATen/ops/trapz.h
注意: 包含文件:           D:\APP\AboutCode\Miniconda3\envs\yolo\lib\site-packages\torch\include\ATen/ops/trapz_ops.h
注意: 包含文件:          D:\APP\AboutCode\Miniconda3\envs\yolo\lib\site-packages\torch\include\ATen/ops/triangular_solve.h
注意: 包含文件:          D:\APP\AboutCode\Miniconda3\envs\yolo\lib\site-packages\torch\include\ATen/ops/tril.h
注意: 包含文件:          D:\APP\AboutCode\Miniconda3\envs\yolo\lib\site-packages\torch\include\ATen/ops/tril_indices.h
注意: 包含文件:           D:\APP\AboutCode\Miniconda3\envs\yolo\lib\site-packages\torch\include\ATen/ops/tril_indices_ops.h
注意: 包含文件:          D:\APP\AboutCode\Miniconda3\envs\yolo\lib\site-packages\torch\include\ATen/ops/triplet_margin_loss.h
注意: 包含文件:           D:\APP\AboutCode\Miniconda3\envs\yolo\lib\site-packages\torch\include\ATen/ops/triplet_margin_loss_ops.h
注意: 包含文件:          D:\APP\AboutCode\Miniconda3\envs\yolo\lib\site-packages\torch\include\ATen/ops/triu.h
注意: 包含文件:          D:\APP\AboutCode\Miniconda3\envs\yolo\lib\site-packages\torch\include\ATen/ops/triu_indices.h
注意: 包含文件:           D:\APP\AboutCode\Miniconda3\envs\yolo\lib\site-packages\torch\include\ATen/ops/triu_indices_ops.h
注意: 包含文件:          D:\APP\AboutCode\Miniconda3\envs\yolo\lib\site-packages\torch\include\ATen/ops/true_divide.h
注意: 包含文件:          D:\APP\AboutCode\Miniconda3\envs\yolo\lib\site-packages\torch\include\ATen/ops/trunc.h
注意: 包含文件:          D:\APP\AboutCode\Miniconda3\envs\yolo\lib\site-packages\torch\include\ATen/ops/type_as.h
注意: 包含文件:          D:\APP\AboutCode\Miniconda3\envs\yolo\lib\site-packages\torch\include\ATen/ops/unbind.h
注意: 包含文件:          D:\APP\AboutCode\Miniconda3\envs\yolo\lib\site-packages\torch\include\ATen/ops/unbind_copy.h
注意: 包含文件:           D:\APP\AboutCode\Miniconda3\envs\yolo\lib\site-packages\torch\include\ATen/ops/unbind_copy_ops.h
注意: 包含文件:          D:\APP\AboutCode\Miniconda3\envs\yolo\lib\site-packages\torch\include\ATen/ops/unflatten.h
注意: 包含文件:          D:\APP\AboutCode\Miniconda3\envs\yolo\lib\site-packages\torch\include\ATen/ops/unflatten_dense_tensors.h
注意: 包含文件:           D:\APP\AboutCode\Miniconda3\envs\yolo\lib\site-packages\torch\include\ATen/ops/unflatten_dense_tensors_ops.h
注意: 包含文件:          D:\APP\AboutCode\Miniconda3\envs\yolo\lib\site-packages\torch\include\ATen/ops/unfold.h
注意: 包含文件:          D:\APP\AboutCode\Miniconda3\envs\yolo\lib\site-packages\torch\include\ATen/ops/unfold_backward.h
注意: 包含文件:           D:\APP\AboutCode\Miniconda3\envs\yolo\lib\site-packages\torch\include\ATen/ops/unfold_backward_ops.h
注意: 包含文件:          D:\APP\AboutCode\Miniconda3\envs\yolo\lib\site-packages\torch\include\ATen/ops/unfold_copy.h
注意: 包含文件:           D:\APP\AboutCode\Miniconda3\envs\yolo\lib\site-packages\torch\include\ATen/ops/unfold_copy_ops.h
注意: 包含文件:          D:\APP\AboutCode\Miniconda3\envs\yolo\lib\site-packages\torch\include\ATen/ops/uniform.h
注意: 包含文件:          D:\APP\AboutCode\Miniconda3\envs\yolo\lib\site-packages\torch\include\ATen/ops/unique_consecutive.h
注意: 包含文件:           D:\APP\AboutCode\Miniconda3\envs\yolo\lib\site-packages\torch\include\ATen/ops/unique_consecutive_ops.h
注意: 包含文件:          D:\APP\AboutCode\Miniconda3\envs\yolo\lib\site-packages\torch\include\ATen/ops/unique_dim.h
注意: 包含文件:           D:\APP\AboutCode\Miniconda3\envs\yolo\lib\site-packages\torch\include\ATen/ops/unique_dim_ops.h
注意: 包含文件:          D:\APP\AboutCode\Miniconda3\envs\yolo\lib\site-packages\torch\include\ATen/ops/unique_dim_consecutive.h
注意: 包含文件:           D:\APP\AboutCode\Miniconda3\envs\yolo\lib\site-packages\torch\include\ATen/ops/unique_dim_consecutive_ops.h
注意: 包含文件:          D:\APP\AboutCode\Miniconda3\envs\yolo\lib\site-packages\torch\include\ATen/ops/unsafe_chunk.h
注意: 包含文件:          D:\APP\AboutCode\Miniconda3\envs\yolo\lib\site-packages\torch\include\ATen/ops/unsafe_split.h
注意: 包含文件:          D:\APP\AboutCode\Miniconda3\envs\yolo\lib\site-packages\torch\include\ATen/ops/unsafe_split_with_sizes.h
注意: 包含文件:          D:\APP\AboutCode\Miniconda3\envs\yolo\lib\site-packages\torch\include\ATen/ops/unsqueeze.h
注意: 包含文件:          D:\APP\AboutCode\Miniconda3\envs\yolo\lib\site-packages\torch\include\ATen/ops/unsqueeze_copy.h
注意: 包含文件:           D:\APP\AboutCode\Miniconda3\envs\yolo\lib\site-packages\torch\include\ATen/ops/unsqueeze_copy_ops.h
注意: 包含文件:          D:\APP\AboutCode\Miniconda3\envs\yolo\lib\site-packages\torch\include\ATen/ops/upsample_bicubic2d.h
注意: 包含文件:           D:\APP\AboutCode\Miniconda3\envs\yolo\lib\site-packages\torch\include\ATen/ops/upsample_bicubic2d_ops.h
注意: 包含文件:          D:\APP\AboutCode\Miniconda3\envs\yolo\lib\site-packages\torch\include\ATen/ops/upsample_bicubic2d_backward.h
注意: 包含文件:           D:\APP\AboutCode\Miniconda3\envs\yolo\lib\site-packages\torch\include\ATen/ops/upsample_bicubic2d_backward_ops.h
注意: 包含文件:          D:\APP\AboutCode\Miniconda3\envs\yolo\lib\site-packages\torch\include\ATen/ops/upsample_bilinear2d.h
注意: 包含文件:           D:\APP\AboutCode\Miniconda3\envs\yolo\lib\site-packages\torch\include\ATen/ops/upsample_bilinear2d_ops.h
注意: 包含文件:          D:\APP\AboutCode\Miniconda3\envs\yolo\lib\site-packages\torch\include\ATen/ops/upsample_bilinear2d_backward.h
注意: 包含文件:           D:\APP\AboutCode\Miniconda3\envs\yolo\lib\site-packages\torch\include\ATen/ops/upsample_bilinear2d_backward_ops.h
注意: 包含文件:          D:\APP\AboutCode\Miniconda3\envs\yolo\lib\site-packages\torch\include\ATen/ops/upsample_linear1d.h
注意: 包含文件:           D:\APP\AboutCode\Miniconda3\envs\yolo\lib\site-packages\torch\include\ATen/ops/upsample_linear1d_ops.h
注意: 包含文件:          D:\APP\AboutCode\Miniconda3\envs\yolo\lib\site-packages\torch\include\ATen/ops/upsample_linear1d_backward.h
注意: 包含文件:           D:\APP\AboutCode\Miniconda3\envs\yolo\lib\site-packages\torch\include\ATen/ops/upsample_linear1d_backward_ops.h
注意: 包含文件:          D:\APP\AboutCode\Miniconda3\envs\yolo\lib\site-packages\torch\include\ATen/ops/upsample_nearest1d.h
注意: 包含文件:           D:\APP\AboutCode\Miniconda3\envs\yolo\lib\site-packages\torch\include\ATen/ops/upsample_nearest1d_ops.h
注意: 包含文件:          D:\APP\AboutCode\Miniconda3\envs\yolo\lib\site-packages\torch\include\ATen/ops/upsample_nearest1d_backward.h
注意: 包含文件:           D:\APP\AboutCode\Miniconda3\envs\yolo\lib\site-packages\torch\include\ATen/ops/upsample_nearest1d_backward_ops.h
注意: 包含文件:          D:\APP\AboutCode\Miniconda3\envs\yolo\lib\site-packages\torch\include\ATen/ops/upsample_nearest2d.h
注意: 包含文件:           D:\APP\AboutCode\Miniconda3\envs\yolo\lib\site-packages\torch\include\ATen/ops/upsample_nearest2d_ops.h
注意: 包含文件:          D:\APP\AboutCode\Miniconda3\envs\yolo\lib\site-packages\torch\include\ATen/ops/upsample_nearest2d_backward.h
注意: 包含文件:           D:\APP\AboutCode\Miniconda3\envs\yolo\lib\site-packages\torch\include\ATen/ops/upsample_nearest2d_backward_ops.h
注意: 包含文件:          D:\APP\AboutCode\Miniconda3\envs\yolo\lib\site-packages\torch\include\ATen/ops/upsample_nearest3d.h
注意: 包含文件:           D:\APP\AboutCode\Miniconda3\envs\yolo\lib\site-packages\torch\include\ATen/ops/upsample_nearest3d_ops.h
注意: 包含文件:          D:\APP\AboutCode\Miniconda3\envs\yolo\lib\site-packages\torch\include\ATen/ops/upsample_nearest3d_backward.h
注意: 包含文件:           D:\APP\AboutCode\Miniconda3\envs\yolo\lib\site-packages\torch\include\ATen/ops/upsample_nearest3d_backward_ops.h
注意: 包含文件:          D:\APP\AboutCode\Miniconda3\envs\yolo\lib\site-packages\torch\include\ATen/ops/upsample_trilinear3d.h
注意: 包含文件:           D:\APP\AboutCode\Miniconda3\envs\yolo\lib\site-packages\torch\include\ATen/ops/upsample_trilinear3d_ops.h
注意: 包含文件:          D:\APP\AboutCode\Miniconda3\envs\yolo\lib\site-packages\torch\include\ATen/ops/upsample_trilinear3d_backward.h
注意: 包含文件:           D:\APP\AboutCode\Miniconda3\envs\yolo\lib\site-packages\torch\include\ATen/ops/upsample_trilinear3d_backward_ops.h
注意: 包含文件:          D:\APP\AboutCode\Miniconda3\envs\yolo\lib\site-packages\torch\include\ATen/ops/value_selecting_reduction_backward.h
注意: 包含文件:           D:\APP\AboutCode\Miniconda3\envs\yolo\lib\site-packages\torch\include\ATen/ops/value_selecting_reduction_backward_ops.h
注意: 包含文件:          D:\APP\AboutCode\Miniconda3\envs\yolo\lib\site-packages\torch\include\ATen/ops/values.h
注意: 包含文件:          D:\APP\AboutCode\Miniconda3\envs\yolo\lib\site-packages\torch\include\ATen/ops/values_copy.h
注意: 包含文件:           D:\APP\AboutCode\Miniconda3\envs\yolo\lib\site-packages\torch\include\ATen/ops/values_copy_ops.h
注意: 包含文件:          D:\APP\AboutCode\Miniconda3\envs\yolo\lib\site-packages\torch\include\ATen/ops/vander.h
注意: 包含文件:           D:\APP\AboutCode\Miniconda3\envs\yolo\lib\site-packages\torch\include\ATen/ops/vander_ops.h
注意: 包含文件:          D:\APP\AboutCode\Miniconda3\envs\yolo\lib\site-packages\torch\include\ATen/ops/var.h
注意: 包含文件:          D:\APP\AboutCode\Miniconda3\envs\yolo\lib\site-packages\torch\include\ATen/ops/var_mean.h
注意: 包含文件:           D:\APP\AboutCode\Miniconda3\envs\yolo\lib\site-packages\torch\include\ATen/ops/var_mean_ops.h
注意: 包含文件:          D:\APP\AboutCode\Miniconda3\envs\yolo\lib\site-packages\torch\include\ATen/ops/vdot.h
注意: 包含文件:          D:\APP\AboutCode\Miniconda3\envs\yolo\lib\site-packages\torch\include\ATen/ops/view.h
注意: 包含文件:          D:\APP\AboutCode\Miniconda3\envs\yolo\lib\site-packages\torch\include\ATen/ops/view_as.h
注意: 包含文件:          D:\APP\AboutCode\Miniconda3\envs\yolo\lib\site-packages\torch\include\ATen/ops/view_as_complex.h
注意: 包含文件:           D:\APP\AboutCode\Miniconda3\envs\yolo\lib\site-packages\torch\include\ATen/ops/view_as_complex_ops.h
注意: 包含文件:          D:\APP\AboutCode\Miniconda3\envs\yolo\lib\site-packages\torch\include\ATen/ops/view_as_complex_copy.h
注意: 包含文件:           D:\APP\AboutCode\Miniconda3\envs\yolo\lib\site-packages\torch\include\ATen/ops/view_as_complex_copy_ops.h
注意: 包含文件:          D:\APP\AboutCode\Miniconda3\envs\yolo\lib\site-packages\torch\include\ATen/ops/view_as_real.h
注意: 包含文件:           D:\APP\AboutCode\Miniconda3\envs\yolo\lib\site-packages\torch\include\ATen/ops/view_as_real_ops.h
注意: 包含文件:          D:\APP\AboutCode\Miniconda3\envs\yolo\lib\site-packages\torch\include\ATen/ops/view_as_real_copy.h
注意: 包含文件:           D:\APP\AboutCode\Miniconda3\envs\yolo\lib\site-packages\torch\include\ATen/ops/view_as_real_copy_ops.h
注意: 包含文件:          D:\APP\AboutCode\Miniconda3\envs\yolo\lib\site-packages\torch\include\ATen/ops/view_copy.h
注意: 包含文件:           D:\APP\AboutCode\Miniconda3\envs\yolo\lib\site-packages\torch\include\ATen/ops/view_copy_ops.h
注意: 包含文件:          D:\APP\AboutCode\Miniconda3\envs\yolo\lib\site-packages\torch\include\ATen/ops/vsplit.h
注意: 包含文件:          D:\APP\AboutCode\Miniconda3\envs\yolo\lib\site-packages\torch\include\ATen/ops/vstack.h
注意: 包含文件:           D:\APP\AboutCode\Miniconda3\envs\yolo\lib\site-packages\torch\include\ATen/ops/vstack_ops.h
注意: 包含文件:          D:\APP\AboutCode\Miniconda3\envs\yolo\lib\site-packages\torch\include\ATen/ops/where.h
注意: 包含文件:          D:\APP\AboutCode\Miniconda3\envs\yolo\lib\site-packages\torch\include\ATen/ops/xlogy.h
注意: 包含文件:          D:\APP\AboutCode\Miniconda3\envs\yolo\lib\site-packages\torch\include\ATen/ops/xor.h
注意: 包含文件:          D:\APP\AboutCode\Miniconda3\envs\yolo\lib\site-packages\torch\include\ATen/ops/zero.h
注意: 包含文件:          D:\APP\AboutCode\Miniconda3\envs\yolo\lib\site-packages\torch\include\ATen/ops/zeros.h
注意: 包含文件:           D:\APP\AboutCode\Miniconda3\envs\yolo\lib\site-packages\torch\include\ATen/ops/zeros_ops.h
注意: 包含文件:          D:\APP\AboutCode\Miniconda3\envs\yolo\lib\site-packages\torch\include\ATen/ops/zeros_like.h
注意: 包含文件:           D:\APP\AboutCode\Miniconda3\envs\yolo\lib\site-packages\torch\include\ATen/ops/zeros_like_ops.h
注意: 包含文件:        D:\APP\AboutCode\Miniconda3\envs\yolo\lib\site-packages\torch\include\ATen/NestedTensorImpl.h
注意: 包含文件:         D:\APP\AboutCode\Miniconda3\envs\yolo\lib\site-packages\torch\include\ATen/MemoryOverlap.h
注意: 包含文件:       D:\APP\AboutCode\Miniconda3\envs\yolo\lib\site-packages\torch\include\torch/csrc/autograd/saved_variable.h
注意: 包含文件:        D:\APP\AboutCode\Miniconda3\envs\yolo\lib\site-packages\torch\include\torch/csrc/autograd/saved_variable_hooks.h
注意: 包含文件:       D:\APP\AboutCode\Miniconda3\envs\yolo\lib\site-packages\torch\include\torch/csrc/utils/variadic.h
注意: 包含文件:    D:\APP\AboutCode\Miniconda3\envs\yolo\lib\site-packages\torch\include\torch\csrc\api\include\torch/cuda.h
注意: 包含文件:    D:\APP\AboutCode\Miniconda3\envs\yolo\lib\site-packages\torch\include\torch\csrc\api\include\torch/data.h
注意: 包含文件:     D:\APP\AboutCode\Miniconda3\envs\yolo\lib\site-packages\torch\include\torch\csrc\api\include\torch/data/dataloader.h
注意: 包含文件:      D:\APP\AboutCode\Miniconda3\envs\yolo\lib\site-packages\torch\include\torch\csrc\api\include\torch/data/dataloader/stateful.h
注意: 包含文件:       D:\APP\AboutCode\Miniconda3\envs\yolo\lib\site-packages\torch\include\torch\csrc\api\include\torch/data/dataloader/base.h
注意: 包含文件:        D:\APP\AboutCode\Miniconda3\envs\yolo\lib\site-packages\torch\include\torch\csrc\api\include\torch/data/dataloader_options.h
注意: 包含文件:         D:\APP\AboutCode\Miniconda3\envs\yolo\lib\site-packages\torch\include\torch\csrc\api\include\torch/arg.h
注意: 包含文件:         D:\APP\AboutCode\Miniconda3\envs\yolo\lib\site-packages\torch\include\torch\csrc\api\include\torch/types.h
注意: 包含文件:          D:\APP\AboutCode\Miniconda3\envs\yolo\lib\site-packages\torch\include\ATen/ATen.h
注意: 包含文件:           D:\APP\AboutCode\Miniconda3\envs\yolo\lib\site-packages\torch\include\ATen/Device.h
注意: 包含文件:           D:\APP\AboutCode\Miniconda3\envs\yolo\lib\site-packages\torch\include\ATen/Dispatch.h
注意: 包含文件:           D:\APP\AboutCode\Miniconda3\envs\yolo\lib\site-packages\torch\include\ATen/Formatting.h
注意: 包含文件:           D:\APP\AboutCode\Miniconda3\envs\yolo\lib\site-packages\torch\include\ATen/NamedTensor.h
注意: 包含文件:           D:\APP\AboutCode\Miniconda3\envs\yolo\lib\site-packages\torch\include\ATen/ScalarOps.h
注意: 包含文件:           D:\APP\AboutCode\Miniconda3\envs\yolo\lib\site-packages\torch\include\ATen/TensorIndexing.h
注意: 包含文件:            D:\APP\AboutCode\Miniconda3\envs\yolo\lib\site-packages\torch\include\ATen/NativeFunctions.h
注意: 包含文件:             D:\APP\AboutCode\Miniconda3\envs\yolo\lib\site-packages\torch\include\ATen/ops/_adaptive_avg_pool2d_native.h
注意: 包含文件:             D:\APP\AboutCode\Miniconda3\envs\yolo\lib\site-packages\torch\include\ATen/ops/_adaptive_avg_pool2d_backward_native.h
注意: 包含文件:             D:\APP\AboutCode\Miniconda3\envs\yolo\lib\site-packages\torch\include\ATen/ops/_adaptive_avg_pool3d_native.h
注意: 包含文件:             D:\APP\AboutCode\Miniconda3\envs\yolo\lib\site-packages\torch\include\ATen/ops/_adaptive_avg_pool3d_backward_native.h
注意: 包含文件:             D:\APP\AboutCode\Miniconda3\envs\yolo\lib\site-packages\torch\include\ATen/ops/_add_batch_dim_native.h
注意: 包含文件:             D:\APP\AboutCode\Miniconda3\envs\yolo\lib\site-packages\torch\include\ATen/ops/_add_relu_native.h
注意: 包含文件:             D:\APP\AboutCode\Miniconda3\envs\yolo\lib\site-packages\torch\include\ATen/ops/_addmm_activation_native.h
注意: 包含文件:              D:\APP\AboutCode\Miniconda3\envs\yolo\lib\site-packages\torch\include\ATen/ops/_addmm_activation_meta.h
注意: 包含文件:               D:\APP\AboutCode\Miniconda3\envs\yolo\lib\site-packages\torch\include\ATen/TensorIterator.h
注意: 包含文件:                D:\APP\AboutCode\Miniconda3\envs\yolo\lib\site-packages\torch\include\ATen/TensorMeta.h
注意: 包含文件:                 D:\APP\AboutCode\Miniconda3\envs\yolo\lib\site-packages\torch\include\c10/util/strides.h
注意: 包含文件:                D:\APP\AboutCode\Miniconda3\envs\yolo\lib\site-packages\torch\include\ATen/core/Range.h
注意: 包含文件:                D:\APP\AboutCode\Miniconda3\envs\yolo\lib\site-packages\torch\include\c10/core/DynamicCast.h
注意: 包含文件:                 D:\APP\AboutCode\Miniconda3\envs\yolo\lib\site-packages\torch\include\c10/util/Load.h
注意: 包含文件:             D:\APP\AboutCode\Miniconda3\envs\yolo\lib\site-packages\torch\include\ATen/ops/_aminmax_native.h
注意: 包含文件:             D:\APP\AboutCode\Miniconda3\envs\yolo\lib\site-packages\torch\include\ATen/ops/_amp_foreach_non_finite_check_and_unscale_native.h
注意: 包含文件:             D:\APP\AboutCode\Miniconda3\envs\yolo\lib\site-packages\torch\include\ATen/ops/_amp_update_scale_native.h
注意: 包含文件:             D:\APP\AboutCode\Miniconda3\envs\yolo\lib\site-packages\torch\include\ATen/ops/_assert_async_native.h
注意: 包含文件:             D:\APP\AboutCode\Miniconda3\envs\yolo\lib\site-packages\torch\include\ATen/ops/_assert_tensor_metadata_native.h
注意: 包含文件:             D:\APP\AboutCode\Miniconda3\envs\yolo\lib\site-packages\torch\include\ATen/ops/_autocast_to_full_precision_native.h
注意: 包含文件:             D:\APP\AboutCode\Miniconda3\envs\yolo\lib\site-packages\torch\include\ATen/ops/_autocast_to_reduced_precision_native.h
注意: 包含文件:             D:\APP\AboutCode\Miniconda3\envs\yolo\lib\site-packages\torch\include\ATen/ops/_backward_native.h
注意: 包含文件:             D:\APP\AboutCode\Miniconda3\envs\yolo\lib\site-packages\torch\include\ATen/ops/_batch_norm_impl_index_native.h
注意: 包含文件:             D:\APP\AboutCode\Miniconda3\envs\yolo\lib\site-packages\torch\include\ATen/ops/_batch_norm_impl_index_backward_native.h
注意: 包含文件:             D:\APP\AboutCode\Miniconda3\envs\yolo\lib\site-packages\torch\include\ATen/ops/_cast_Byte_native.h
注意: 包含文件:             D:\APP\AboutCode\Miniconda3\envs\yolo\lib\site-packages\torch\include\ATen/ops/_cast_Char_native.h
注意: 包含文件:             D:\APP\AboutCode\Miniconda3\envs\yolo\lib\site-packages\torch\include\ATen/ops/_cast_Double_native.h
注意: 包含文件:             D:\APP\AboutCode\Miniconda3\envs\yolo\lib\site-packages\torch\include\ATen/ops/_cast_Float_native.h
注意: 包含文件:             D:\APP\AboutCode\Miniconda3\envs\yolo\lib\site-packages\torch\include\ATen/ops/_cast_Half_native.h
注意: 包含文件:             D:\APP\AboutCode\Miniconda3\envs\yolo\lib\site-packages\torch\include\ATen/ops/_cast_Int_native.h
注意: 包含文件:             D:\APP\AboutCode\Miniconda3\envs\yolo\lib\site-packages\torch\include\ATen/ops/_cast_Long_native.h
注意: 包含文件:             D:\APP\AboutCode\Miniconda3\envs\yolo\lib\site-packages\torch\include\ATen/ops/_cast_Short_native.h
注意: 包含文件:             D:\APP\AboutCode\Miniconda3\envs\yolo\lib\site-packages\torch\include\ATen/ops/_cdist_backward_native.h
注意: 包含文件:             D:\APP\AboutCode\Miniconda3\envs\yolo\lib\site-packages\torch\include\ATen/ops/_cdist_forward_native.h
注意: 包含文件:             D:\APP\AboutCode\Miniconda3\envs\yolo\lib\site-packages\torch\include\ATen/ops/_cholesky_solve_helper_native.h
注意: 包含文件:             D:\APP\AboutCode\Miniconda3\envs\yolo\lib\site-packages\torch\include\ATen/ops/_choose_qparams_per_tensor_native.h
注意: 包含文件:             D:\APP\AboutCode\Miniconda3\envs\yolo\lib\site-packages\torch\include\ATen/ops/_coalesce_native.h
注意: 包含文件:             D:\APP\AboutCode\Miniconda3\envs\yolo\lib\site-packages\torch\include\ATen/ops/_coalesced_native.h
注意: 包含文件:             D:\APP\AboutCode\Miniconda3\envs\yolo\lib\site-packages\torch\include\ATen/ops/_compute_linear_combination_native.h
注意: 包含文件:             D:\APP\AboutCode\Miniconda3\envs\yolo\lib\site-packages\torch\include\ATen/ops/_conj_native.h
注意: 包含文件:             D:\APP\AboutCode\Miniconda3\envs\yolo\lib\site-packages\torch\include\ATen/ops/_conj_copy_native.h
注意: 包含文件:             D:\APP\AboutCode\Miniconda3\envs\yolo\lib\site-packages\torch\include\ATen/ops/_conj_physical_native.h
注意: 包含文件:             D:\APP\AboutCode\Miniconda3\envs\yolo\lib\site-packages\torch\include\ATen/ops/_conv_depthwise2d_native.h
注意: 包含文件:             D:\APP\AboutCode\Miniconda3\envs\yolo\lib\site-packages\torch\include\ATen/ops/_convert_indices_from_coo_to_csr_native.h
注意: 包含文件:              D:\APP\AboutCode\Miniconda3\envs\yolo\lib\site-packages\torch\include\ATen/ops/_convert_indices_from_coo_to_csr_meta.h
注意: 包含文件:             D:\APP\AboutCode\Miniconda3\envs\yolo\lib\site-packages\torch\include\ATen/ops/_convert_indices_from_csr_to_coo_native.h
注意: 包含文件:              D:\APP\AboutCode\Miniconda3\envs\yolo\lib\site-packages\torch\include\ATen/ops/_convert_indices_from_csr_to_coo_meta.h
注意: 包含文件:             D:\APP\AboutCode\Miniconda3\envs\yolo\lib\site-packages\torch\include\ATen/ops/_convert_weight_to_int4pack_native.h
注意: 包含文件:             D:\APP\AboutCode\Miniconda3\envs\yolo\lib\site-packages\torch\include\ATen/ops/_convolution_native.h
注意: 包含文件:             D:\APP\AboutCode\Miniconda3\envs\yolo\lib\site-packages\torch\include\ATen/ops/_convolution_double_backward_native.h
注意: 包含文件:             D:\APP\AboutCode\Miniconda3\envs\yolo\lib\site-packages\torch\include\ATen/ops/_convolution_mode_native.h
注意: 包含文件:             D:\APP\AboutCode\Miniconda3\envs\yolo\lib\site-packages\torch\include\ATen/ops/_copy_from_native.h
注意: 包含文件:             D:\APP\AboutCode\Miniconda3\envs\yolo\lib\site-packages\torch\include\ATen/ops/_copy_from_and_resize_native.h
注意: 包含文件:             D:\APP\AboutCode\Miniconda3\envs\yolo\lib\site-packages\torch\include\ATen/ops/_cslt_compress_native.h
注意: 包含文件:             D:\APP\AboutCode\Miniconda3\envs\yolo\lib\site-packages\torch\include\ATen/ops/_cslt_sparse_mm_native.h
注意: 包含文件:             D:\APP\AboutCode\Miniconda3\envs\yolo\lib\site-packages\torch\include\ATen/ops/_ctc_loss_native.h
注意: 包含文件:             D:\APP\AboutCode\Miniconda3\envs\yolo\lib\site-packages\torch\include\ATen/ops/_ctc_loss_backward_native.h
注意: 包含文件:             D:\APP\AboutCode\Miniconda3\envs\yolo\lib\site-packages\torch\include\ATen/ops/_cudnn_ctc_loss_native.h
注意: 包含文件:             D:\APP\AboutCode\Miniconda3\envs\yolo\lib\site-packages\torch\include\ATen/ops/_cudnn_init_dropout_state_native.h
注意: 包含文件:             D:\APP\AboutCode\Miniconda3\envs\yolo\lib\site-packages\torch\include\ATen/ops/_cudnn_rnn_native.h
注意: 包含文件:             D:\APP\AboutCode\Miniconda3\envs\yolo\lib\site-packages\torch\include\ATen/ops/_cudnn_rnn_backward_native.h
注意: 包含文件:             D:\APP\AboutCode\Miniconda3\envs\yolo\lib\site-packages\torch\include\ATen/ops/_cudnn_rnn_flatten_weight_native.h
注意: 包含文件:             D:\APP\AboutCode\Miniconda3\envs\yolo\lib\site-packages\torch\include\ATen/ops/_cufft_clear_plan_cache_native.h
注意: 包含文件:             D:\APP\AboutCode\Miniconda3\envs\yolo\lib\site-packages\torch\include\ATen/ops/_cufft_get_plan_cache_max_size_native.h
注意: 包含文件:             D:\APP\AboutCode\Miniconda3\envs\yolo\lib\site-packages\torch\include\ATen/ops/_cufft_get_plan_cache_size_native.h
注意: 包含文件:             D:\APP\AboutCode\Miniconda3\envs\yolo\lib\site-packages\torch\include\ATen/ops/_cufft_set_plan_cache_max_size_native.h
注意: 包含文件:             D:\APP\AboutCode\Miniconda3\envs\yolo\lib\site-packages\torch\include\ATen/ops/_cummax_helper_native.h
注意: 包含文件:             D:\APP\AboutCode\Miniconda3\envs\yolo\lib\site-packages\torch\include\ATen/ops/_cummin_helper_native.h
注意: 包含文件:             D:\APP\AboutCode\Miniconda3\envs\yolo\lib\site-packages\torch\include\ATen/ops/_debug_has_internal_overlap_native.h
注意: 包含文件:             D:\APP\AboutCode\Miniconda3\envs\yolo\lib\site-packages\torch\include\ATen/ops/_dimI_native.h
注意: 包含文件:             D:\APP\AboutCode\Miniconda3\envs\yolo\lib\site-packages\torch\include\ATen/ops/_dimV_native.h
注意: 包含文件:             D:\APP\AboutCode\Miniconda3\envs\yolo\lib\site-packages\torch\include\ATen/ops/_dim_arange_native.h
注意: 包含文件:             D:\APP\AboutCode\Miniconda3\envs\yolo\lib\site-packages\torch\include\ATen/ops/_dirichlet_grad_native.h
注意: 包含文件:             D:\APP\AboutCode\Miniconda3\envs\yolo\lib\site-packages\torch\include\ATen/ops/_efficient_attention_backward_native.h
注意: 包含文件:             D:\APP\AboutCode\Miniconda3\envs\yolo\lib\site-packages\torch\include\ATen/ops/_efficient_attention_forward_native.h
注意: 包含文件:             D:\APP\AboutCode\Miniconda3\envs\yolo\lib\site-packages\torch\include\ATen/ops/_efficientzerotensor_native.h
注意: 包含文件:             D:\APP\AboutCode\Miniconda3\envs\yolo\lib\site-packages\torch\include\ATen/ops/_embedding_bag_native.h
注意: 包含文件:             D:\APP\AboutCode\Miniconda3\envs\yolo\lib\site-packages\torch\include\ATen/ops/_embedding_bag_backward_native.h
注意: 包含文件:             D:\APP\AboutCode\Miniconda3\envs\yolo\lib\site-packages\torch\include\ATen/ops/_embedding_bag_dense_backward_native.h
注意: 包含文件:             D:\APP\AboutCode\Miniconda3\envs\yolo\lib\site-packages\torch\include\ATen/ops/_embedding_bag_forward_only_native.h
注意: 包含文件:             D:\APP\AboutCode\Miniconda3\envs\yolo\lib\site-packages\torch\include\ATen/ops/_embedding_bag_per_sample_weights_backward_native.h
注意: 包含文件:             D:\APP\AboutCode\Miniconda3\envs\yolo\lib\site-packages\torch\include\ATen/ops/_embedding_bag_sparse_backward_native.h
注意: 包含文件:             D:\APP\AboutCode\Miniconda3\envs\yolo\lib\site-packages\torch\include\ATen/ops/_empty_affine_quantized_native.h
注意: 包含文件:             D:\APP\AboutCode\Miniconda3\envs\yolo\lib\site-packages\torch\include\ATen/ops/_empty_per_channel_affine_quantized_native.h
注意: 包含文件:             D:\APP\AboutCode\Miniconda3\envs\yolo\lib\site-packages\torch\include\ATen/ops/_euclidean_dist_native.h
注意: 包含文件:             D:\APP\AboutCode\Miniconda3\envs\yolo\lib\site-packages\torch\include\ATen/ops/_fake_quantize_learnable_per_channel_affine_native.h
注意: 包含文件:             D:\APP\AboutCode\Miniconda3\envs\yolo\lib\site-packages\torch\include\ATen/ops/_fake_quantize_learnable_per_channel_affine_backward_native.h
注意: 包含文件:             D:\APP\AboutCode\Miniconda3\envs\yolo\lib\site-packages\torch\include\ATen/ops/_fake_quantize_learnable_per_tensor_affine_native.h
注意: 包含文件:             D:\APP\AboutCode\Miniconda3\envs\yolo\lib\site-packages\torch\include\ATen/ops/_fake_quantize_learnable_per_tensor_affine_backward_native.h
注意: 包含文件:             D:\APP\AboutCode\Miniconda3\envs\yolo\lib\site-packages\torch\include\ATen/ops/_fake_quantize_per_tensor_affine_cachemask_tensor_qparams_native.h
注意: 包含文件:             D:\APP\AboutCode\Miniconda3\envs\yolo\lib\site-packages\torch\include\ATen/ops/_fft_c2c_native.h
注意: 包含文件:             D:\APP\AboutCode\Miniconda3\envs\yolo\lib\site-packages\torch\include\ATen/ops/_fft_c2r_native.h
注意: 包含文件:             D:\APP\AboutCode\Miniconda3\envs\yolo\lib\site-packages\torch\include\ATen/ops/_fft_r2c_native.h
注意: 包含文件:             D:\APP\AboutCode\Miniconda3\envs\yolo\lib\site-packages\torch\include\ATen/ops/_fill_mem_eff_dropout_mask_native.h
注意: 包含文件:             D:\APP\AboutCode\Miniconda3\envs\yolo\lib\site-packages\torch\include\ATen/ops/_flash_attention_backward_native.h
注意: 包含文件:             D:\APP\AboutCode\Miniconda3\envs\yolo\lib\site-packages\torch\include\ATen/ops/_flash_attention_forward_native.h
注意: 包含文件:             D:\APP\AboutCode\Miniconda3\envs\yolo\lib\site-packages\torch\include\ATen/ops/_foobar_native.h
注意: 包含文件:             D:\APP\AboutCode\Miniconda3\envs\yolo\lib\site-packages\torch\include\ATen/ops/_foreach_abs_native.h
注意: 包含文件:             D:\APP\AboutCode\Miniconda3\envs\yolo\lib\site-packages\torch\include\ATen/ops/_foreach_acos_native.h
注意: 包含文件:             D:\APP\AboutCode\Miniconda3\envs\yolo\lib\site-packages\torch\include\ATen/ops/_foreach_add_native.h
注意: 包含文件:             D:\APP\AboutCode\Miniconda3\envs\yolo\lib\site-packages\torch\include\ATen/ops/_foreach_addcdiv_native.h
注意: 包含文件:             D:\APP\AboutCode\Miniconda3\envs\yolo\lib\site-packages\torch\include\ATen/ops/_foreach_addcmul_native.h
注意: 包含文件:             D:\APP\AboutCode\Miniconda3\envs\yolo\lib\site-packages\torch\include\ATen/ops/_foreach_asin_native.h
注意: 包含文件:             D:\APP\AboutCode\Miniconda3\envs\yolo\lib\site-packages\torch\include\ATen/ops/_foreach_atan_native.h
注意: 包含文件:             D:\APP\AboutCode\Miniconda3\envs\yolo\lib\site-packages\torch\include\ATen/ops/_foreach_ceil_native.h
注意: 包含文件:             D:\APP\AboutCode\Miniconda3\envs\yolo\lib\site-packages\torch\include\ATen/ops/_foreach_clamp_max_native.h
注意: 包含文件:             D:\APP\AboutCode\Miniconda3\envs\yolo\lib\site-packages\torch\include\ATen/ops/_foreach_clamp_min_native.h
注意: 包含文件:             D:\APP\AboutCode\Miniconda3\envs\yolo\lib\site-packages\torch\include\ATen/ops/_foreach_copy_native.h
注意: 包含文件:             D:\APP\AboutCode\Miniconda3\envs\yolo\lib\site-packages\torch\include\ATen/ops/_foreach_cos_native.h
注意: 包含文件:             D:\APP\AboutCode\Miniconda3\envs\yolo\lib\site-packages\torch\include\ATen/ops/_foreach_cosh_native.h
注意: 包含文件:             D:\APP\AboutCode\Miniconda3\envs\yolo\lib\site-packages\torch\include\ATen/ops/_foreach_div_native.h
注意: 包含文件:             D:\APP\AboutCode\Miniconda3\envs\yolo\lib\site-packages\torch\include\ATen/ops/_foreach_erf_native.h
注意: 包含文件:             D:\APP\AboutCode\Miniconda3\envs\yolo\lib\site-packages\torch\include\ATen/ops/_foreach_erfc_native.h
注意: 包含文件:             D:\APP\AboutCode\Miniconda3\envs\yolo\lib\site-packages\torch\include\ATen/ops/_foreach_exp_native.h
注意: 包含文件:             D:\APP\AboutCode\Miniconda3\envs\yolo\lib\site-packages\torch\include\ATen/ops/_foreach_expm1_native.h
注意: 包含文件:             D:\APP\AboutCode\Miniconda3\envs\yolo\lib\site-packages\torch\include\ATen/ops/_foreach_floor_native.h
注意: 包含文件:             D:\APP\AboutCode\Miniconda3\envs\yolo\lib\site-packages\torch\include\ATen/ops/_foreach_frac_native.h
注意: 包含文件:             D:\APP\AboutCode\Miniconda3\envs\yolo\lib\site-packages\torch\include\ATen/ops/_foreach_lerp_native.h
注意: 包含文件:             D:\APP\AboutCode\Miniconda3\envs\yolo\lib\site-packages\torch\include\ATen/ops/_foreach_lgamma_native.h
注意: 包含文件:             D:\APP\AboutCode\Miniconda3\envs\yolo\lib\site-packages\torch\include\ATen/ops/_foreach_log_native.h
注意: 包含文件:             D:\APP\AboutCode\Miniconda3\envs\yolo\lib\site-packages\torch\include\ATen/ops/_foreach_log10_native.h
注意: 包含文件:             D:\APP\AboutCode\Miniconda3\envs\yolo\lib\site-packages\torch\include\ATen/ops/_foreach_log1p_native.h
注意: 包含文件:             D:\APP\AboutCode\Miniconda3\envs\yolo\lib\site-packages\torch\include\ATen/ops/_foreach_log2_native.h
注意: 包含文件:             D:\APP\AboutCode\Miniconda3\envs\yolo\lib\site-packages\torch\include\ATen/ops/_foreach_maximum_native.h
注意: 包含文件:             D:\APP\AboutCode\Miniconda3\envs\yolo\lib\site-packages\torch\include\ATen/ops/_foreach_minimum_native.h
注意: 包含文件:             D:\APP\AboutCode\Miniconda3\envs\yolo\lib\site-packages\torch\include\ATen/ops/_foreach_mul_native.h
注意: 包含文件:             D:\APP\AboutCode\Miniconda3\envs\yolo\lib\site-packages\torch\include\ATen/ops/_foreach_neg_native.h
注意: 包含文件:             D:\APP\AboutCode\Miniconda3\envs\yolo\lib\site-packages\torch\include\ATen/ops/_foreach_norm_native.h
注意: 包含文件:             D:\APP\AboutCode\Miniconda3\envs\yolo\lib\site-packages\torch\include\ATen/ops/_foreach_pow_native.h
注意: 包含文件:             D:\APP\AboutCode\Miniconda3\envs\yolo\lib\site-packages\torch\include\ATen/ops/_foreach_reciprocal_native.h
注意: 包含文件:             D:\APP\AboutCode\Miniconda3\envs\yolo\lib\site-packages\torch\include\ATen/ops/_foreach_round_native.h
注意: 包含文件:             D:\APP\AboutCode\Miniconda3\envs\yolo\lib\site-packages\torch\include\ATen/ops/_foreach_sigmoid_native.h
注意: 包含文件:             D:\APP\AboutCode\Miniconda3\envs\yolo\lib\site-packages\torch\include\ATen/ops/_foreach_sign_native.h
注意: 包含文件:             D:\APP\AboutCode\Miniconda3\envs\yolo\lib\site-packages\torch\include\ATen/ops/_foreach_sin_native.h
注意: 包含文件:             D:\APP\AboutCode\Miniconda3\envs\yolo\lib\site-packages\torch\include\ATen/ops/_foreach_sinh_native.h
注意: 包含文件:             D:\APP\AboutCode\Miniconda3\envs\yolo\lib\site-packages\torch\include\ATen/ops/_foreach_sqrt_native.h
注意: 包含文件:             D:\APP\AboutCode\Miniconda3\envs\yolo\lib\site-packages\torch\include\ATen/ops/_foreach_sub_native.h
注意: 包含文件:             D:\APP\AboutCode\Miniconda3\envs\yolo\lib\site-packages\torch\include\ATen/ops/_foreach_tan_native.h
注意: 包含文件:             D:\APP\AboutCode\Miniconda3\envs\yolo\lib\site-packages\torch\include\ATen/ops/_foreach_tanh_native.h
注意: 包含文件:             D:\APP\AboutCode\Miniconda3\envs\yolo\lib\site-packages\torch\include\ATen/ops/_foreach_trunc_native.h
注意: 包含文件:             D:\APP\AboutCode\Miniconda3\envs\yolo\lib\site-packages\torch\include\ATen/ops/_foreach_zero_native.h
注意: 包含文件:             D:\APP\AboutCode\Miniconda3\envs\yolo\lib\site-packages\torch\include\ATen/ops/_functional_assert_async_native.h
注意: 包含文件:             D:\APP\AboutCode\Miniconda3\envs\yolo\lib\site-packages\torch\include\ATen/ops/_functional_sym_constrain_range_native.h
注意: 包含文件:             D:\APP\AboutCode\Miniconda3\envs\yolo\lib\site-packages\torch\include\ATen/ops/_functional_sym_constrain_range_for_size_native.h
注意: 包含文件:             D:\APP\AboutCode\Miniconda3\envs\yolo\lib\site-packages\torch\include\ATen/ops/_fused_adam_native.h
注意: 包含文件:             D:\APP\AboutCode\Miniconda3\envs\yolo\lib\site-packages\torch\include\ATen/ops/_fused_adamw_native.h
注意: 包含文件:             D:\APP\AboutCode\Miniconda3\envs\yolo\lib\site-packages\torch\include\ATen/ops/_fused_dropout_native.h
注意: 包含文件:             D:\APP\AboutCode\Miniconda3\envs\yolo\lib\site-packages\torch\include\ATen/ops/_fused_moving_avg_obs_fq_helper_native.h
注意: 包含文件:             D:\APP\AboutCode\Miniconda3\envs\yolo\lib\site-packages\torch\include\ATen/ops/_fused_sdp_choice_native.h
注意: 包含文件:             D:\APP\AboutCode\Miniconda3\envs\yolo\lib\site-packages\torch\include\ATen/ops/_fw_primal_native.h
注意: 包含文件:             D:\APP\AboutCode\Miniconda3\envs\yolo\lib\site-packages\torch\include\ATen/ops/_fw_primal_copy_native.h
注意: 包含文件:             D:\APP\AboutCode\Miniconda3\envs\yolo\lib\site-packages\torch\include\ATen/ops/_gather_sparse_backward_native.h
注意: 包含文件:             D:\APP\AboutCode\Miniconda3\envs\yolo\lib\site-packages\torch\include\ATen/ops/_grid_sampler_2d_cpu_fallback_native.h
注意: 包含文件:             D:\APP\AboutCode\Miniconda3\envs\yolo\lib\site-packages\torch\include\ATen/ops/_grid_sampler_2d_cpu_fallback_backward_native.h
注意: 包含文件:             D:\APP\AboutCode\Miniconda3\envs\yolo\lib\site-packages\torch\include\ATen/ops/_has_compatible_shallow_copy_type_native.h
注意: 包含文件:             D:\APP\AboutCode\Miniconda3\envs\yolo\lib\site-packages\torch\include\ATen/ops/_has_same_storage_numel_native.h
注意: 包含文件:             D:\APP\AboutCode\Miniconda3\envs\yolo\lib\site-packages\torch\include\ATen/ops/_histogramdd_bin_edges_native.h
注意: 包含文件:             D:\APP\AboutCode\Miniconda3\envs\yolo\lib\site-packages\torch\include\ATen/ops/_histogramdd_from_bin_cts_native.h
注意: 包含文件:             D:\APP\AboutCode\Miniconda3\envs\yolo\lib\site-packages\torch\include\ATen/ops/_histogramdd_from_bin_tensors_native.h
注意: 包含文件:             D:\APP\AboutCode\Miniconda3\envs\yolo\lib\site-packages\torch\include\ATen/ops/_index_put_impl_native.h
注意: 包含文件:             D:\APP\AboutCode\Miniconda3\envs\yolo\lib\site-packages\torch\include\ATen/ops/_indices_native.h
注意: 包含文件:             D:\APP\AboutCode\Miniconda3\envs\yolo\lib\site-packages\torch\include\ATen/ops/_indices_copy_native.h
注意: 包含文件:             D:\APP\AboutCode\Miniconda3\envs\yolo\lib\site-packages\torch\include\ATen/ops/_int_mm_native.h
注意: 包含文件:             D:\APP\AboutCode\Miniconda3\envs\yolo\lib\site-packages\torch\include\ATen/ops/_is_all_true_native.h
注意: 包含文件:             D:\APP\AboutCode\Miniconda3\envs\yolo\lib\site-packages\torch\include\ATen/ops/_is_any_true_native.h
注意: 包含文件:             D:\APP\AboutCode\Miniconda3\envs\yolo\lib\site-packages\torch\include\ATen/ops/_is_zerotensor_native.h
注意: 包含文件:             D:\APP\AboutCode\Miniconda3\envs\yolo\lib\site-packages\torch\include\ATen/ops/_linalg_check_errors_native.h
注意: 包含文件:             D:\APP\AboutCode\Miniconda3\envs\yolo\lib\site-packages\torch\include\ATen/ops/_linalg_det_native.h
注意: 包含文件:              D:\APP\AboutCode\Miniconda3\envs\yolo\lib\site-packages\torch\include\ATen/ops/_linalg_det_meta.h
注意: 包含文件:             D:\APP\AboutCode\Miniconda3\envs\yolo\lib\site-packages\torch\include\ATen/ops/_linalg_eigh_native.h
注意: 包含文件:              D:\APP\AboutCode\Miniconda3\envs\yolo\lib\site-packages\torch\include\ATen/ops/_linalg_eigh_meta.h
注意: 包含文件:             D:\APP\AboutCode\Miniconda3\envs\yolo\lib\site-packages\torch\include\ATen/ops/_linalg_slogdet_native.h
注意: 包含文件:              D:\APP\AboutCode\Miniconda3\envs\yolo\lib\site-packages\torch\include\ATen/ops/_linalg_slogdet_meta.h
注意: 包含文件:             D:\APP\AboutCode\Miniconda3\envs\yolo\lib\site-packages\torch\include\ATen/ops/_linalg_solve_ex_native.h
注意: 包含文件:              D:\APP\AboutCode\Miniconda3\envs\yolo\lib\site-packages\torch\include\ATen/ops/_linalg_solve_ex_meta.h
注意: 包含文件:             D:\APP\AboutCode\Miniconda3\envs\yolo\lib\site-packages\torch\include\ATen/ops/_linalg_svd_native.h
注意: 包含文件:              D:\APP\AboutCode\Miniconda3\envs\yolo\lib\site-packages\torch\include\ATen/ops/_linalg_svd_meta.h
注意: 包含文件:             D:\APP\AboutCode\Miniconda3\envs\yolo\lib\site-packages\torch\include\ATen/ops/_local_scalar_dense_native.h
注意: 包含文件:             D:\APP\AboutCode\Miniconda3\envs\yolo\lib\site-packages\torch\include\ATen/ops/_log_softmax_native.h
注意: 包含文件:              D:\APP\AboutCode\Miniconda3\envs\yolo\lib\site-packages\torch\include\ATen/ops/_log_softmax_meta.h
注意: 包含文件:             D:\APP\AboutCode\Miniconda3\envs\yolo\lib\site-packages\torch\include\ATen/ops/_log_softmax_backward_data_native.h
注意: 包含文件:              D:\APP\AboutCode\Miniconda3\envs\yolo\lib\site-packages\torch\include\ATen/ops/_log_softmax_backward_data_meta.h
注意: 包含文件:             D:\APP\AboutCode\Miniconda3\envs\yolo\lib\site-packages\torch\include\ATen/ops/_logcumsumexp_native.h
注意: 包含文件:             D:\APP\AboutCode\Miniconda3\envs\yolo\lib\site-packages\torch\include\ATen/ops/_lstm_mps_native.h
注意: 包含文件:             D:\APP\AboutCode\Miniconda3\envs\yolo\lib\site-packages\torch\include\ATen/ops/_lu_with_info_native.h
注意: 包含文件:             D:\APP\AboutCode\Miniconda3\envs\yolo\lib\site-packages\torch\include\ATen/ops/_make_dep_token_native.h
注意: 包含文件:             D:\APP\AboutCode\Miniconda3\envs\yolo\lib\site-packages\torch\include\ATen/ops/_make_dual_native.h
注意: 包含文件:             D:\APP\AboutCode\Miniconda3\envs\yolo\lib\site-packages\torch\include\ATen/ops/_make_dual_copy_native.h
注意: 包含文件:             D:\APP\AboutCode\Miniconda3\envs\yolo\lib\site-packages\torch\include\ATen/ops/_make_per_channel_quantized_tensor_native.h
注意: 包含文件:             D:\APP\AboutCode\Miniconda3\envs\yolo\lib\site-packages\torch\include\ATen/ops/_make_per_tensor_quantized_tensor_native.h
注意: 包含文件:             D:\APP\AboutCode\Miniconda3\envs\yolo\lib\site-packages\torch\include\ATen/ops/_masked_scale_native.h
注意: 包含文件:             D:\APP\AboutCode\Miniconda3\envs\yolo\lib\site-packages\torch\include\ATen/ops/_masked_softmax_native.h
注意: 包含文件:             D:\APP\AboutCode\Miniconda3\envs\yolo\lib\site-packages\torch\include\ATen/ops/_masked_softmax_backward_native.h
注意: 包含文件:             D:\APP\AboutCode\Miniconda3\envs\yolo\lib\site-packages\torch\include\ATen/ops/_mixed_dtypes_linear_native.h
注意: 包含文件:             D:\APP\AboutCode\Miniconda3\envs\yolo\lib\site-packages\torch\include\ATen/ops/_mkldnn_reshape_native.h
注意: 包含文件:             D:\APP\AboutCode\Miniconda3\envs\yolo\lib\site-packages\torch\include\ATen/ops/_mkldnn_transpose_native.h
注意: 包含文件:             D:\APP\AboutCode\Miniconda3\envs\yolo\lib\site-packages\torch\include\ATen/ops/_mps_convolution_native.h
注意: 包含文件:             D:\APP\AboutCode\Miniconda3\envs\yolo\lib\site-packages\torch\include\ATen/ops/_mps_convolution_transpose_native.h
注意: 包含文件:             D:\APP\AboutCode\Miniconda3\envs\yolo\lib\site-packages\torch\include\ATen/ops/_native_batch_norm_legit_native.h
注意: 包含文件:             D:\APP\AboutCode\Miniconda3\envs\yolo\lib\site-packages\torch\include\ATen/ops/_native_batch_norm_legit_no_training_native.h
注意: 包含文件:             D:\APP\AboutCode\Miniconda3\envs\yolo\lib\site-packages\torch\include\ATen/ops/_native_multi_head_attention_native.h
注意: 包含文件:             D:\APP\AboutCode\Miniconda3\envs\yolo\lib\site-packages\torch\include\ATen/ops/_neg_view_native.h
注意: 包含文件:             D:\APP\AboutCode\Miniconda3\envs\yolo\lib\site-packages\torch\include\ATen/ops/_neg_view_copy_native.h
注意: 包含文件:             D:\APP\AboutCode\Miniconda3\envs\yolo\lib\site-packages\torch\include\ATen/ops/_nested_from_padded_native.h
注意: 包含文件:             D:\APP\AboutCode\Miniconda3\envs\yolo\lib\site-packages\torch\include\ATen/ops/_nested_from_padded_and_nested_example_native.h
注意: 包含文件:             D:\APP\AboutCode\Miniconda3\envs\yolo\lib\site-packages\torch\include\ATen/ops/_nested_select_backward_native.h
注意: 包含文件:             D:\APP\AboutCode\Miniconda3\envs\yolo\lib\site-packages\torch\include\ATen/ops/_nested_sum_backward_native.h
注意: 包含文件:             D:\APP\AboutCode\Miniconda3\envs\yolo\lib\site-packages\torch\include\ATen/ops/_nested_tensor_from_mask_native.h
注意: 包含文件:             D:\APP\AboutCode\Miniconda3\envs\yolo\lib\site-packages\torch\include\ATen/ops/_nested_tensor_from_mask_left_aligned_native.h
注意: 包含文件:             D:\APP\AboutCode\Miniconda3\envs\yolo\lib\site-packages\torch\include\ATen/ops/_nested_tensor_from_tensor_list_native.h
注意: 包含文件:             D:\APP\AboutCode\Miniconda3\envs\yolo\lib\site-packages\torch\include\ATen/ops/_nested_tensor_size_native.h
注意: 包含文件:             D:\APP\AboutCode\Miniconda3\envs\yolo\lib\site-packages\torch\include\ATen/ops/_nested_tensor_softmax_with_shape_native.h
注意: 包含文件:             D:\APP\AboutCode\Miniconda3\envs\yolo\lib\site-packages\torch\include\ATen/ops/_nested_tensor_storage_offsets_native.h
注意: 包含文件:             D:\APP\AboutCode\Miniconda3\envs\yolo\lib\site-packages\torch\include\ATen/ops/_nested_tensor_strides_native.h
注意: 包含文件:             D:\APP\AboutCode\Miniconda3\envs\yolo\lib\site-packages\torch\include\ATen/ops/_nested_view_from_buffer_native.h
注意: 包含文件:             D:\APP\AboutCode\Miniconda3\envs\yolo\lib\site-packages\torch\include\ATen/ops/_nested_view_from_buffer_copy_native.h
注意: 包含文件:             D:\APP\AboutCode\Miniconda3\envs\yolo\lib\site-packages\torch\include\ATen/ops/_new_zeros_with_same_feature_meta_native.h
注意: 包含文件:             D:\APP\AboutCode\Miniconda3\envs\yolo\lib\site-packages\torch\include\ATen/ops/_nnpack_available_native.h
注意: 包含文件:             D:\APP\AboutCode\Miniconda3\envs\yolo\lib\site-packages\torch\include\ATen/ops/_nnpack_spatial_convolution_native.h
注意: 包含文件:             D:\APP\AboutCode\Miniconda3\envs\yolo\lib\site-packages\torch\include\ATen/ops/_nnz_native.h
注意: 包含文件:             D:\APP\AboutCode\Miniconda3\envs\yolo\lib\site-packages\torch\include\ATen/ops/_pack_padded_sequence_native.h
注意: 包含文件:             D:\APP\AboutCode\Miniconda3\envs\yolo\lib\site-packages\torch\include\ATen/ops/_pack_padded_sequence_backward_native.h
注意: 包含文件:             D:\APP\AboutCode\Miniconda3\envs\yolo\lib\site-packages\torch\include\ATen/ops/_pad_circular_native.h
注意: 包含文件:             D:\APP\AboutCode\Miniconda3\envs\yolo\lib\site-packages\torch\include\ATen/ops/_pad_enum_native.h
注意: 包含文件:             D:\APP\AboutCode\Miniconda3\envs\yolo\lib\site-packages\torch\include\ATen/ops/_pad_packed_sequence_native.h
注意: 包含文件:             D:\APP\AboutCode\Miniconda3\envs\yolo\lib\site-packages\torch\include\ATen/ops/_pdist_backward_native.h
注意: 包含文件:             D:\APP\AboutCode\Miniconda3\envs\yolo\lib\site-packages\torch\include\ATen/ops/_pdist_forward_native.h
注意: 包含文件:             D:\APP\AboutCode\Miniconda3\envs\yolo\lib\site-packages\torch\include\ATen/ops/_pin_memory_native.h
注意: 包含文件:             D:\APP\AboutCode\Miniconda3\envs\yolo\lib\site-packages\torch\include\ATen/ops/_prelu_kernel_native.h
注意: 包含文件:             D:\APP\AboutCode\Miniconda3\envs\yolo\lib\site-packages\torch\include\ATen/ops/_prelu_kernel_backward_native.h
注意: 包含文件:             D:\APP\AboutCode\Miniconda3\envs\yolo\lib\site-packages\torch\include\ATen/ops/_propagate_xla_data_native.h
注意: 包含文件:             D:\APP\AboutCode\Miniconda3\envs\yolo\lib\site-packages\torch\include\ATen/ops/_remove_batch_dim_native.h
注意: 包含文件:             D:\APP\AboutCode\Miniconda3\envs\yolo\lib\site-packages\torch\include\ATen/ops/_reshape_alias_native.h
注意: 包含文件:             D:\APP\AboutCode\Miniconda3\envs\yolo\lib\site-packages\torch\include\ATen/ops/_reshape_alias_copy_native.h
注意: 包含文件:             D:\APP\AboutCode\Miniconda3\envs\yolo\lib\site-packages\torch\include\ATen/ops/_reshape_copy_native.h
注意: 包含文件:             D:\APP\AboutCode\Miniconda3\envs\yolo\lib\site-packages\torch\include\ATen/ops/_reshape_from_tensor_native.h
注意: 包含文件:             D:\APP\AboutCode\Miniconda3\envs\yolo\lib\site-packages\torch\include\ATen/ops/_resize_output_native.h
注意: 包含文件:             D:\APP\AboutCode\Miniconda3\envs\yolo\lib\site-packages\torch\include\ATen/ops/_rowwise_prune_native.h
注意: 包含文件:             D:\APP\AboutCode\Miniconda3\envs\yolo\lib\site-packages\torch\include\ATen/ops/_sample_dirichlet_native.h
注意: 包含文件:             D:\APP\AboutCode\Miniconda3\envs\yolo\lib\site-packages\torch\include\ATen/ops/_saturate_weight_to_fp16_native.h
注意: 包含文件:             D:\APP\AboutCode\Miniconda3\envs\yolo\lib\site-packages\torch\include\ATen/ops/_scaled_dot_product_attention_math_native.h
注意: 包含文件:             D:\APP\AboutCode\Miniconda3\envs\yolo\lib\site-packages\torch\include\ATen/ops/_scaled_dot_product_efficient_attention_native.h
注意: 包含文件:             D:\APP\AboutCode\Miniconda3\envs\yolo\lib\site-packages\torch\include\ATen/ops/_scaled_dot_product_efficient_attention_backward_native.h
注意: 包含文件:             D:\APP\AboutCode\Miniconda3\envs\yolo\lib\site-packages\torch\include\ATen/ops/_scaled_dot_product_flash_attention_native.h
注意: 包含文件:             D:\APP\AboutCode\Miniconda3\envs\yolo\lib\site-packages\torch\include\ATen/ops/_scaled_dot_product_flash_attention_backward_native.h
注意: 包含文件:             D:\APP\AboutCode\Miniconda3\envs\yolo\lib\site-packages\torch\include\ATen/ops/_scaled_mm_native.h
注意: 包含文件:             D:\APP\AboutCode\Miniconda3\envs\yolo\lib\site-packages\torch\include\ATen/ops/_segment_reduce_backward_native.h
注意: 包含文件:             D:\APP\AboutCode\Miniconda3\envs\yolo\lib\site-packages\torch\include\ATen/ops/_shape_as_tensor_native.h
注意: 包含文件:             D:\APP\AboutCode\Miniconda3\envs\yolo\lib\site-packages\torch\include\ATen/ops/_slow_conv2d_backward_native.h
注意: 包含文件:             D:\APP\AboutCode\Miniconda3\envs\yolo\lib\site-packages\torch\include\ATen/ops/_slow_conv2d_forward_native.h
注意: 包含文件:             D:\APP\AboutCode\Miniconda3\envs\yolo\lib\site-packages\torch\include\ATen/ops/_sobol_engine_draw_native.h
注意: 包含文件:             D:\APP\AboutCode\Miniconda3\envs\yolo\lib\site-packages\torch\include\ATen/ops/_sobol_engine_ff_native.h
注意: 包含文件:             D:\APP\AboutCode\Miniconda3\envs\yolo\lib\site-packages\torch\include\ATen/ops/_sobol_engine_initialize_state_native.h
注意: 包含文件:             D:\APP\AboutCode\Miniconda3\envs\yolo\lib\site-packages\torch\include\ATen/ops/_sobol_engine_scramble_native.h
注意: 包含文件:             D:\APP\AboutCode\Miniconda3\envs\yolo\lib\site-packages\torch\include\ATen/ops/_softmax_native.h
注意: 包含文件:              D:\APP\AboutCode\Miniconda3\envs\yolo\lib\site-packages\torch\include\ATen/ops/_softmax_meta.h
注意: 包含文件:             D:\APP\AboutCode\Miniconda3\envs\yolo\lib\site-packages\torch\include\ATen/ops/_softmax_backward_data_native.h
注意: 包含文件:              D:\APP\AboutCode\Miniconda3\envs\yolo\lib\site-packages\torch\include\ATen/ops/_softmax_backward_data_meta.h
注意: 包含文件:             D:\APP\AboutCode\Miniconda3\envs\yolo\lib\site-packages\torch\include\ATen/ops/_sparse_addmm_native.h
注意: 包含文件:             D:\APP\AboutCode\Miniconda3\envs\yolo\lib\site-packages\torch\include\ATen/ops/_sparse_broadcast_to_native.h
注意: 包含文件:             D:\APP\AboutCode\Miniconda3\envs\yolo\lib\site-packages\torch\include\ATen/ops/_sparse_broadcast_to_copy_native.h
注意: 包含文件:             D:\APP\AboutCode\Miniconda3\envs\yolo\lib\site-packages\torch\include\ATen/ops/_sparse_bsc_tensor_unsafe_native.h
注意: 包含文件:             D:\APP\AboutCode\Miniconda3\envs\yolo\lib\site-packages\torch\include\ATen/ops/_sparse_bsr_tensor_unsafe_native.h
注意: 包含文件:             D:\APP\AboutCode\Miniconda3\envs\yolo\lib\site-packages\torch\include\ATen/ops/_sparse_compressed_tensor_unsafe_native.h
注意: 包含文件:             D:\APP\AboutCode\Miniconda3\envs\yolo\lib\site-packages\torch\include\ATen/ops/_sparse_coo_tensor_unsafe_native.h
注意: 包含文件:             D:\APP\AboutCode\Miniconda3\envs\yolo\lib\site-packages\torch\include\ATen/ops/_sparse_coo_tensor_with_dims_native.h
注意: 包含文件:             D:\APP\AboutCode\Miniconda3\envs\yolo\lib\site-packages\torch\include\ATen/ops/_sparse_coo_tensor_with_dims_and_tensors_native.h
注意: 包含文件:             D:\APP\AboutCode\Miniconda3\envs\yolo\lib\site-packages\torch\include\ATen/ops/_sparse_csc_tensor_unsafe_native.h
注意: 包含文件:             D:\APP\AboutCode\Miniconda3\envs\yolo\lib\site-packages\torch\include\ATen/ops/_sparse_csr_prod_native.h
注意: 包含文件:             D:\APP\AboutCode\Miniconda3\envs\yolo\lib\site-packages\torch\include\ATen/ops/_sparse_csr_sum_native.h
注意: 包含文件:             D:\APP\AboutCode\Miniconda3\envs\yolo\lib\site-packages\torch\include\ATen/ops/_sparse_csr_tensor_unsafe_native.h
注意: 包含文件:             D:\APP\AboutCode\Miniconda3\envs\yolo\lib\site-packages\torch\include\ATen/ops/_sparse_log_softmax_native.h
注意: 包含文件:             D:\APP\AboutCode\Miniconda3\envs\yolo\lib\site-packages\torch\include\ATen/ops/_sparse_log_softmax_backward_data_native.h
注意: 包含文件:             D:\APP\AboutCode\Miniconda3\envs\yolo\lib\site-packages\torch\include\ATen/ops/_sparse_mask_projection_native.h
注意: 包含文件:             D:\APP\AboutCode\Miniconda3\envs\yolo\lib\site-packages\torch\include\ATen/ops/_sparse_mm_native.h
注意: 包含文件:             D:\APP\AboutCode\Miniconda3\envs\yolo\lib\site-packages\torch\include\ATen/ops/_sparse_mm_reduce_impl_native.h
注意: 包含文件:             D:\APP\AboutCode\Miniconda3\envs\yolo\lib\site-packages\torch\include\ATen/ops/_sparse_mm_reduce_impl_backward_native.h
注意: 包含文件:             D:\APP\AboutCode\Miniconda3\envs\yolo\lib\site-packages\torch\include\ATen/ops/_sparse_semi_structured_linear_native.h
注意: 包含文件:             D:\APP\AboutCode\Miniconda3\envs\yolo\lib\site-packages\torch\include\ATen/ops/_sparse_softmax_native.h
注意: 包含文件:             D:\APP\AboutCode\Miniconda3\envs\yolo\lib\site-packages\torch\include\ATen/ops/_sparse_softmax_backward_data_native.h
注意: 包含文件:             D:\APP\AboutCode\Miniconda3\envs\yolo\lib\site-packages\torch\include\ATen/ops/_sparse_sparse_matmul_native.h
注意: 包含文件:             D:\APP\AboutCode\Miniconda3\envs\yolo\lib\site-packages\torch\include\ATen/ops/_sparse_sum_native.h
注意: 包含文件:             D:\APP\AboutCode\Miniconda3\envs\yolo\lib\site-packages\torch\include\ATen/ops/_sparse_sum_backward_native.h
注意: 包含文件:             D:\APP\AboutCode\Miniconda3\envs\yolo\lib\site-packages\torch\include\ATen/ops/_spdiags_native.h
注意: 包含文件:             D:\APP\AboutCode\Miniconda3\envs\yolo\lib\site-packages\torch\include\ATen/ops/_stack_native.h
注意: 包含文件:             D:\APP\AboutCode\Miniconda3\envs\yolo\lib\site-packages\torch\include\ATen/ops/_standard_gamma_native.h
注意: 包含文件:             D:\APP\AboutCode\Miniconda3\envs\yolo\lib\site-packages\torch\include\ATen/ops/_standard_gamma_grad_native.h
注意: 包含文件:             D:\APP\AboutCode\Miniconda3\envs\yolo\lib\site-packages\torch\include\ATen/ops/_test_ambiguous_defaults_native.h
注意: 包含文件:             D:\APP\AboutCode\Miniconda3\envs\yolo\lib\site-packages\torch\include\ATen/ops/_test_autograd_multiple_dispatch_native.h
注意: 包含文件:             D:\APP\AboutCode\Miniconda3\envs\yolo\lib\site-packages\torch\include\ATen/ops/_test_autograd_multiple_dispatch_view_native.h
注意: 包含文件:             D:\APP\AboutCode\Miniconda3\envs\yolo\lib\site-packages\torch\include\ATen/ops/_test_autograd_multiple_dispatch_view_copy_native.h
注意: 包含文件:             D:\APP\AboutCode\Miniconda3\envs\yolo\lib\site-packages\torch\include\ATen/ops/_test_check_tensor_native.h
注意: 包含文件:             D:\APP\AboutCode\Miniconda3\envs\yolo\lib\site-packages\torch\include\ATen/ops/_test_functorch_fallback_native.h
注意: 包含文件:             D:\APP\AboutCode\Miniconda3\envs\yolo\lib\site-packages\torch\include\ATen/ops/_test_optional_filled_intlist_native.h
注意: 包含文件:             D:\APP\AboutCode\Miniconda3\envs\yolo\lib\site-packages\torch\include\ATen/ops/_test_optional_floatlist_native.h
注意: 包含文件:             D:\APP\AboutCode\Miniconda3\envs\yolo\lib\site-packages\torch\include\ATen/ops/_test_optional_intlist_native.h
注意: 包含文件:             D:\APP\AboutCode\Miniconda3\envs\yolo\lib\site-packages\torch\include\ATen/ops/_test_serialization_subcmul_native.h
注意: 包含文件:             D:\APP\AboutCode\Miniconda3\envs\yolo\lib\site-packages\torch\include\ATen/ops/_test_string_default_native.h
注意: 包含文件:             D:\APP\AboutCode\Miniconda3\envs\yolo\lib\site-packages\torch\include\ATen/ops/_test_warn_in_autograd_native.h
注意: 包含文件:             D:\APP\AboutCode\Miniconda3\envs\yolo\lib\site-packages\torch\include\ATen/ops/_thnn_differentiable_gru_cell_backward_native.h
注意: 包含文件:             D:\APP\AboutCode\Miniconda3\envs\yolo\lib\site-packages\torch\include\ATen/ops/_thnn_differentiable_lstm_cell_backward_native.h
注意: 包含文件:             D:\APP\AboutCode\Miniconda3\envs\yolo\lib\site-packages\torch\include\ATen/ops/_thnn_fused_gru_cell_native.h
注意: 包含文件:             D:\APP\AboutCode\Miniconda3\envs\yolo\lib\site-packages\torch\include\ATen/ops/_thnn_fused_gru_cell_backward_native.h
注意: 包含文件:             D:\APP\AboutCode\Miniconda3\envs\yolo\lib\site-packages\torch\include\ATen/ops/_thnn_fused_lstm_cell_native.h
注意: 包含文件:             D:\APP\AboutCode\Miniconda3\envs\yolo\lib\site-packages\torch\include\ATen/ops/_thnn_fused_lstm_cell_backward_native.h
注意: 包含文件:             D:\APP\AboutCode\Miniconda3\envs\yolo\lib\site-packages\torch\include\ATen/ops/_thnn_fused_lstm_cell_backward_impl_native.h
注意: 包含文件:             D:\APP\AboutCode\Miniconda3\envs\yolo\lib\site-packages\torch\include\ATen/ops/_to_copy_native.h
注意: 包含文件:             D:\APP\AboutCode\Miniconda3\envs\yolo\lib\site-packages\torch\include\ATen/ops/_to_cpu_native.h
注意: 包含文件:             D:\APP\AboutCode\Miniconda3\envs\yolo\lib\site-packages\torch\include\ATen/ops/_to_dense_native.h
注意: 包含文件:             D:\APP\AboutCode\Miniconda3\envs\yolo\lib\site-packages\torch\include\ATen/ops/_to_sparse_native.h
注意: 包含文件:             D:\APP\AboutCode\Miniconda3\envs\yolo\lib\site-packages\torch\include\ATen/ops/_to_sparse_bsc_native.h
注意: 包含文件:             D:\APP\AboutCode\Miniconda3\envs\yolo\lib\site-packages\torch\include\ATen/ops/_to_sparse_bsr_native.h
注意: 包含文件:             D:\APP\AboutCode\Miniconda3\envs\yolo\lib\site-packages\torch\include\ATen/ops/_to_sparse_csc_native.h
注意: 包含文件:             D:\APP\AboutCode\Miniconda3\envs\yolo\lib\site-packages\torch\include\ATen/ops/_to_sparse_csr_native.h
注意: 包含文件:             D:\APP\AboutCode\Miniconda3\envs\yolo\lib\site-packages\torch\include\ATen/ops/_to_sparse_semi_structured_native.h
注意: 包含文件:             D:\APP\AboutCode\Miniconda3\envs\yolo\lib\site-packages\torch\include\ATen/ops/_transform_bias_rescale_qkv_native.h
注意: 包含文件:             D:\APP\AboutCode\Miniconda3\envs\yolo\lib\site-packages\torch\include\ATen/ops/_transformer_encoder_layer_fwd_native.h
注意: 包含文件:             D:\APP\AboutCode\Miniconda3\envs\yolo\lib\site-packages\torch\include\ATen/ops/_trilinear_native.h
注意: 包含文件:             D:\APP\AboutCode\Miniconda3\envs\yolo\lib\site-packages\torch\include\ATen/ops/_triton_multi_head_attention_native.h
注意: 包含文件:             D:\APP\AboutCode\Miniconda3\envs\yolo\lib\site-packages\torch\include\ATen/ops/_triton_scaled_dot_attention_native.h
注意: 包含文件:             D:\APP\AboutCode\Miniconda3\envs\yolo\lib\site-packages\torch\include\ATen/ops/_unique_native.h
注意: 包含文件:             D:\APP\AboutCode\Miniconda3\envs\yolo\lib\site-packages\torch\include\ATen/ops/_unique2_native.h
注意: 包含文件:             D:\APP\AboutCode\Miniconda3\envs\yolo\lib\site-packages\torch\include\ATen/ops/_unpack_dual_native.h
注意: 包含文件:             D:\APP\AboutCode\Miniconda3\envs\yolo\lib\site-packages\torch\include\ATen/ops/_unsafe_index_native.h
注意: 包含文件:             D:\APP\AboutCode\Miniconda3\envs\yolo\lib\site-packages\torch\include\ATen/ops/_unsafe_index_put_native.h
注意: 包含文件:             D:\APP\AboutCode\Miniconda3\envs\yolo\lib\site-packages\torch\include\ATen/ops/_unsafe_view_native.h
注意: 包含文件:             D:\APP\AboutCode\Miniconda3\envs\yolo\lib\site-packages\torch\include\ATen/ops/_upsample_bicubic2d_aa_native.h
注意: 包含文件:              D:\APP\AboutCode\Miniconda3\envs\yolo\lib\site-packages\torch\include\ATen/ops/_upsample_bicubic2d_aa_meta.h
注意: 包含文件:             D:\APP\AboutCode\Miniconda3\envs\yolo\lib\site-packages\torch\include\ATen/ops/_upsample_bicubic2d_aa_backward_native.h
注意: 包含文件:              D:\APP\AboutCode\Miniconda3\envs\yolo\lib\site-packages\torch\include\ATen/ops/_upsample_bicubic2d_aa_backward_meta.h
注意: 包含文件:             D:\APP\AboutCode\Miniconda3\envs\yolo\lib\site-packages\torch\include\ATen/ops/_upsample_bilinear2d_aa_native.h
注意: 包含文件:              D:\APP\AboutCode\Miniconda3\envs\yolo\lib\site-packages\torch\include\ATen/ops/_upsample_bilinear2d_aa_meta.h
注意: 包含文件:             D:\APP\AboutCode\Miniconda3\envs\yolo\lib\site-packages\torch\include\ATen/ops/_upsample_bilinear2d_aa_backward_native.h
注意: 包含文件:              D:\APP\AboutCode\Miniconda3\envs\yolo\lib\site-packages\torch\include\ATen/ops/_upsample_bilinear2d_aa_backward_meta.h
注意: 包含文件:             D:\APP\AboutCode\Miniconda3\envs\yolo\lib\site-packages\torch\include\ATen/ops/_upsample_nearest_exact1d_native.h
注意: 包含文件:              D:\APP\AboutCode\Miniconda3\envs\yolo\lib\site-packages\torch\include\ATen/ops/_upsample_nearest_exact1d_meta.h
注意: 包含文件:             D:\APP\AboutCode\Miniconda3\envs\yolo\lib\site-packages\torch\include\ATen/ops/_upsample_nearest_exact1d_backward_native.h
注意: 包含文件:              D:\APP\AboutCode\Miniconda3\envs\yolo\lib\site-packages\torch\include\ATen/ops/_upsample_nearest_exact1d_backward_meta.h
注意: 包含文件:             D:\APP\AboutCode\Miniconda3\envs\yolo\lib\site-packages\torch\include\ATen/ops/_upsample_nearest_exact2d_native.h
注意: 包含文件:              D:\APP\AboutCode\Miniconda3\envs\yolo\lib\site-packages\torch\include\ATen/ops/_upsample_nearest_exact2d_meta.h
注意: 包含文件:             D:\APP\AboutCode\Miniconda3\envs\yolo\lib\site-packages\torch\include\ATen/ops/_upsample_nearest_exact2d_backward_native.h
注意: 包含文件:              D:\APP\AboutCode\Miniconda3\envs\yolo\lib\site-packages\torch\include\ATen/ops/_upsample_nearest_exact2d_backward_meta.h
注意: 包含文件:             D:\APP\AboutCode\Miniconda3\envs\yolo\lib\site-packages\torch\include\ATen/ops/_upsample_nearest_exact3d_native.h
注意: 包含文件:              D:\APP\AboutCode\Miniconda3\envs\yolo\lib\site-packages\torch\include\ATen/ops/_upsample_nearest_exact3d_meta.h
注意: 包含文件:             D:\APP\AboutCode\Miniconda3\envs\yolo\lib\site-packages\torch\include\ATen/ops/_upsample_nearest_exact3d_backward_native.h
注意: 包含文件:              D:\APP\AboutCode\Miniconda3\envs\yolo\lib\site-packages\torch\include\ATen/ops/_upsample_nearest_exact3d_backward_meta.h
注意: 包含文件:             D:\APP\AboutCode\Miniconda3\envs\yolo\lib\site-packages\torch\include\ATen/ops/_use_cudnn_ctc_loss_native.h
注意: 包含文件:             D:\APP\AboutCode\Miniconda3\envs\yolo\lib\site-packages\torch\include\ATen/ops/_use_cudnn_rnn_flatten_weight_native.h
注意: 包含文件:             D:\APP\AboutCode\Miniconda3\envs\yolo\lib\site-packages\torch\include\ATen/ops/_validate_compressed_sparse_indices_native.h
注意: 包含文件:             D:\APP\AboutCode\Miniconda3\envs\yolo\lib\site-packages\torch\include\ATen/ops/_validate_sparse_bsc_tensor_args_native.h
注意: 包含文件:             D:\APP\AboutCode\Miniconda3\envs\yolo\lib\site-packages\torch\include\ATen/ops/_validate_sparse_bsr_tensor_args_native.h
注意: 包含文件:             D:\APP\AboutCode\Miniconda3\envs\yolo\lib\site-packages\torch\include\ATen/ops/_validate_sparse_compressed_tensor_args_native.h
注意: 包含文件:             D:\APP\AboutCode\Miniconda3\envs\yolo\lib\site-packages\torch\include\ATen/ops/_validate_sparse_coo_tensor_args_native.h
注意: 包含文件:             D:\APP\AboutCode\Miniconda3\envs\yolo\lib\site-packages\torch\include\ATen/ops/_validate_sparse_csc_tensor_args_native.h
注意: 包含文件:             D:\APP\AboutCode\Miniconda3\envs\yolo\lib\site-packages\torch\include\ATen/ops/_validate_sparse_csr_tensor_args_native.h
注意: 包含文件:             D:\APP\AboutCode\Miniconda3\envs\yolo\lib\site-packages\torch\include\ATen/ops/_values_native.h
注意: 包含文件:             D:\APP\AboutCode\Miniconda3\envs\yolo\lib\site-packages\torch\include\ATen/ops/_values_copy_native.h
注意: 包含文件:             D:\APP\AboutCode\Miniconda3\envs\yolo\lib\site-packages\torch\include\ATen/ops/_version_native.h
注意: 包含文件:             D:\APP\AboutCode\Miniconda3\envs\yolo\lib\site-packages\torch\include\ATen/ops/_weight_int4pack_mm_native.h
注意: 包含文件:             D:\APP\AboutCode\Miniconda3\envs\yolo\lib\site-packages\torch\include\ATen/ops/_weight_norm_native.h
注意: 包含文件:             D:\APP\AboutCode\Miniconda3\envs\yolo\lib\site-packages\torch\include\ATen/ops/_weight_norm_differentiable_backward_native.h
注意: 包含文件:             D:\APP\AboutCode\Miniconda3\envs\yolo\lib\site-packages\torch\include\ATen/ops/_weight_norm_interface_native.h
注意: 包含文件:             D:\APP\AboutCode\Miniconda3\envs\yolo\lib\site-packages\torch\include\ATen/ops/_weight_norm_interface_backward_native.h
注意: 包含文件:             D:\APP\AboutCode\Miniconda3\envs\yolo\lib\site-packages\torch\include\ATen/ops/abs_native.h
注意: 包含文件:             D:\APP\AboutCode\Miniconda3\envs\yolo\lib\site-packages\torch\include\ATen/ops/absolute_native.h
注意: 包含文件:             D:\APP\AboutCode\Miniconda3\envs\yolo\lib\site-packages\torch\include\ATen/ops/acos_native.h
注意: 包含文件:              D:\APP\AboutCode\Miniconda3\envs\yolo\lib\site-packages\torch\include\ATen/ops/acos_meta.h
注意: 包含文件:             D:\APP\AboutCode\Miniconda3\envs\yolo\lib\site-packages\torch\include\ATen/ops/acosh_native.h
注意: 包含文件:              D:\APP\AboutCode\Miniconda3\envs\yolo\lib\site-packages\torch\include\ATen/ops/acosh_meta.h
注意: 包含文件:             D:\APP\AboutCode\Miniconda3\envs\yolo\lib\site-packages\torch\include\ATen/ops/adaptive_avg_pool1d_native.h
注意: 包含文件:             D:\APP\AboutCode\Miniconda3\envs\yolo\lib\site-packages\torch\include\ATen/ops/adaptive_avg_pool2d_native.h
注意: 包含文件:             D:\APP\AboutCode\Miniconda3\envs\yolo\lib\site-packages\torch\include\ATen/ops/adaptive_avg_pool3d_native.h
注意: 包含文件:             D:\APP\AboutCode\Miniconda3\envs\yolo\lib\site-packages\torch\include\ATen/ops/adaptive_avg_pool3d_backward_native.h
注意: 包含文件:             D:\APP\AboutCode\Miniconda3\envs\yolo\lib\site-packages\torch\include\ATen/ops/adaptive_max_pool1d_native.h
注意: 包含文件:             D:\APP\AboutCode\Miniconda3\envs\yolo\lib\site-packages\torch\include\ATen/ops/adaptive_max_pool2d_native.h
注意: 包含文件:              D:\APP\AboutCode\Miniconda3\envs\yolo\lib\site-packages\torch\include\ATen/ops/adaptive_max_pool2d_meta.h
注意: 包含文件:             D:\APP\AboutCode\Miniconda3\envs\yolo\lib\site-packages\torch\include\ATen/ops/adaptive_max_pool2d_backward_native.h
注意: 包含文件:              D:\APP\AboutCode\Miniconda3\envs\yolo\lib\site-packages\torch\include\ATen/ops/adaptive_max_pool2d_backward_meta.h
注意: 包含文件:             D:\APP\AboutCode\Miniconda3\envs\yolo\lib\site-packages\torch\include\ATen/ops/adaptive_max_pool3d_native.h
注意: 包含文件:              D:\APP\AboutCode\Miniconda3\envs\yolo\lib\site-packages\torch\include\ATen/ops/adaptive_max_pool3d_meta.h
注意: 包含文件:             D:\APP\AboutCode\Miniconda3\envs\yolo\lib\site-packages\torch\include\ATen/ops/adaptive_max_pool3d_backward_native.h
注意: 包含文件:              D:\APP\AboutCode\Miniconda3\envs\yolo\lib\site-packages\torch\include\ATen/ops/adaptive_max_pool3d_backward_meta.h
注意: 包含文件:             D:\APP\AboutCode\Miniconda3\envs\yolo\lib\site-packages\torch\include\ATen/ops/add_native.h
注意: 包含文件:              D:\APP\AboutCode\Miniconda3\envs\yolo\lib\site-packages\torch\include\ATen/ops/add_meta.h
注意: 包含文件:             D:\APP\AboutCode\Miniconda3\envs\yolo\lib\site-packages\torch\include\ATen/ops/addbmm_native.h
注意: 包含文件:             D:\APP\AboutCode\Miniconda3\envs\yolo\lib\site-packages\torch\include\ATen/ops/addcdiv_native.h
注意: 包含文件:              D:\APP\AboutCode\Miniconda3\envs\yolo\lib\site-packages\torch\include\ATen/ops/addcdiv_meta.h
注意: 包含文件:             D:\APP\AboutCode\Miniconda3\envs\yolo\lib\site-packages\torch\include\ATen/ops/addcmul_native.h
注意: 包含文件:              D:\APP\AboutCode\Miniconda3\envs\yolo\lib\site-packages\torch\include\ATen/ops/addcmul_meta.h
注意: 包含文件:             D:\APP\AboutCode\Miniconda3\envs\yolo\lib\site-packages\torch\include\ATen/ops/addmm_native.h
注意: 包含文件:              D:\APP\AboutCode\Miniconda3\envs\yolo\lib\site-packages\torch\include\ATen/ops/addmm_meta.h
注意: 包含文件:             D:\APP\AboutCode\Miniconda3\envs\yolo\lib\site-packages\torch\include\ATen/ops/addmv_native.h
注意: 包含文件:              D:\APP\AboutCode\Miniconda3\envs\yolo\lib\site-packages\torch\include\ATen/ops/addmv_meta.h
注意: 包含文件:             D:\APP\AboutCode\Miniconda3\envs\yolo\lib\site-packages\torch\include\ATen/ops/addr_native.h
注意: 包含文件:             D:\APP\AboutCode\Miniconda3\envs\yolo\lib\site-packages\torch\include\ATen/ops/adjoint_native.h
注意: 包含文件:             D:\APP\AboutCode\Miniconda3\envs\yolo\lib\site-packages\torch\include\ATen/ops/affine_grid_generator_native.h
注意: 包含文件:             D:\APP\AboutCode\Miniconda3\envs\yolo\lib\site-packages\torch\include\ATen/ops/affine_grid_generator_backward_native.h
注意: 包含文件:             D:\APP\AboutCode\Miniconda3\envs\yolo\lib\site-packages\torch\include\ATen/ops/alias_native.h
注意: 包含文件:             D:\APP\AboutCode\Miniconda3\envs\yolo\lib\site-packages\torch\include\ATen/ops/alias_copy_native.h
注意: 包含文件:             D:\APP\AboutCode\Miniconda3\envs\yolo\lib\site-packages\torch\include\ATen/ops/align_as_native.h
注意: 包含文件:             D:\APP\AboutCode\Miniconda3\envs\yolo\lib\site-packages\torch\include\ATen/ops/align_tensors_native.h
注意: 包含文件:             D:\APP\AboutCode\Miniconda3\envs\yolo\lib\site-packages\torch\include\ATen/ops/align_to_native.h
注意: 包含文件:             D:\APP\AboutCode\Miniconda3\envs\yolo\lib\site-packages\torch\include\ATen/ops/all_native.h
注意: 包含文件:              D:\APP\AboutCode\Miniconda3\envs\yolo\lib\site-packages\torch\include\ATen/ops/all_meta.h
注意: 包含文件:             D:\APP\AboutCode\Miniconda3\envs\yolo\lib\site-packages\torch\include\ATen/ops/allclose_native.h
注意: 包含文件:             D:\APP\AboutCode\Miniconda3\envs\yolo\lib\site-packages\torch\include\ATen/ops/alpha_dropout_native.h
注意: 包含文件:             D:\APP\AboutCode\Miniconda3\envs\yolo\lib\site-packages\torch\include\ATen/ops/amax_native.h
注意: 包含文件:              D:\APP\AboutCode\Miniconda3\envs\yolo\lib\site-packages\torch\include\ATen/ops/amax_meta.h
注意: 包含文件:             D:\APP\AboutCode\Miniconda3\envs\yolo\lib\site-packages\torch\include\ATen/ops/amin_native.h
注意: 包含文件:              D:\APP\AboutCode\Miniconda3\envs\yolo\lib\site-packages\torch\include\ATen/ops/amin_meta.h
注意: 包含文件:             D:\APP\AboutCode\Miniconda3\envs\yolo\lib\site-packages\torch\include\ATen/ops/aminmax_native.h
注意: 包含文件:              D:\APP\AboutCode\Miniconda3\envs\yolo\lib\site-packages\torch\include\ATen/ops/aminmax_meta.h
注意: 包含文件:             D:\APP\AboutCode\Miniconda3\envs\yolo\lib\site-packages\torch\include\ATen/ops/and_native.h
注意: 包含文件:             D:\APP\AboutCode\Miniconda3\envs\yolo\lib\site-packages\torch\include\ATen/ops/angle_native.h
注意: 包含文件:             D:\APP\AboutCode\Miniconda3\envs\yolo\lib\site-packages\torch\include\ATen/ops/any_native.h
注意: 包含文件:              D:\APP\AboutCode\Miniconda3\envs\yolo\lib\site-packages\torch\include\ATen/ops/any_meta.h
注意: 包含文件:             D:\APP\AboutCode\Miniconda3\envs\yolo\lib\site-packages\torch\include\ATen/ops/arange_native.h
注意: 包含文件:             D:\APP\AboutCode\Miniconda3\envs\yolo\lib\site-packages\torch\include\ATen/ops/arccos_native.h
注意: 包含文件:             D:\APP\AboutCode\Miniconda3\envs\yolo\lib\site-packages\torch\include\ATen/ops/arccosh_native.h
注意: 包含文件:             D:\APP\AboutCode\Miniconda3\envs\yolo\lib\site-packages\torch\include\ATen/ops/arcsin_native.h
注意: 包含文件:             D:\APP\AboutCode\Miniconda3\envs\yolo\lib\site-packages\torch\include\ATen/ops/arcsinh_native.h
注意: 包含文件:             D:\APP\AboutCode\Miniconda3\envs\yolo\lib\site-packages\torch\include\ATen/ops/arctan_native.h
注意: 包含文件:             D:\APP\AboutCode\Miniconda3\envs\yolo\lib\site-packages\torch\include\ATen/ops/arctan2_native.h
注意: 包含文件:             D:\APP\AboutCode\Miniconda3\envs\yolo\lib\site-packages\torch\include\ATen/ops/arctanh_native.h
注意: 包含文件:             D:\APP\AboutCode\Miniconda3\envs\yolo\lib\site-packages\torch\include\ATen/ops/argmax_native.h
注意: 包含文件:              D:\APP\AboutCode\Miniconda3\envs\yolo\lib\site-packages\torch\include\ATen/ops/argmax_meta.h
注意: 包含文件:             D:\APP\AboutCode\Miniconda3\envs\yolo\lib\site-packages\torch\include\ATen/ops/argmin_native.h
注意: 包含文件:              D:\APP\AboutCode\Miniconda3\envs\yolo\lib\site-packages\torch\include\ATen/ops/argmin_meta.h
注意: 包含文件:             D:\APP\AboutCode\Miniconda3\envs\yolo\lib\site-packages\torch\include\ATen/ops/argsort_native.h
注意: 包含文件:             D:\APP\AboutCode\Miniconda3\envs\yolo\lib\site-packages\torch\include\ATen/ops/argwhere_native.h
注意: 包含文件:             D:\APP\AboutCode\Miniconda3\envs\yolo\lib\site-packages\torch\include\ATen/ops/as_strided_native.h
注意: 包含文件:             D:\APP\AboutCode\Miniconda3\envs\yolo\lib\site-packages\torch\include\ATen/ops/as_strided_copy_native.h
注意: 包含文件:             D:\APP\AboutCode\Miniconda3\envs\yolo\lib\site-packages\torch\include\ATen/ops/as_strided_scatter_native.h
注意: 包含文件:             D:\APP\AboutCode\Miniconda3\envs\yolo\lib\site-packages\torch\include\ATen/ops/asin_native.h
注意: 包含文件:              D:\APP\AboutCode\Miniconda3\envs\yolo\lib\site-packages\torch\include\ATen/ops/asin_meta.h
注意: 包含文件:             D:\APP\AboutCode\Miniconda3\envs\yolo\lib\site-packages\torch\include\ATen/ops/asinh_native.h
注意: 包含文件:              D:\APP\AboutCode\Miniconda3\envs\yolo\lib\site-packages\torch\include\ATen/ops/asinh_meta.h
注意: 包含文件:             D:\APP\AboutCode\Miniconda3\envs\yolo\lib\site-packages\torch\include\ATen/ops/atan_native.h
注意: 包含文件:              D:\APP\AboutCode\Miniconda3\envs\yolo\lib\site-packages\torch\include\ATen/ops/atan_meta.h
注意: 包含文件:             D:\APP\AboutCode\Miniconda3\envs\yolo\lib\site-packages\torch\include\ATen/ops/atan2_native.h
注意: 包含文件:              D:\APP\AboutCode\Miniconda3\envs\yolo\lib\site-packages\torch\include\ATen/ops/atan2_meta.h
注意: 包含文件:             D:\APP\AboutCode\Miniconda3\envs\yolo\lib\site-packages\torch\include\ATen/ops/atanh_native.h
注意: 包含文件:              D:\APP\AboutCode\Miniconda3\envs\yolo\lib\site-packages\torch\include\ATen/ops/atanh_meta.h
注意: 包含文件:             D:\APP\AboutCode\Miniconda3\envs\yolo\lib\site-packages\torch\include\ATen/ops/atleast_1d_native.h
注意: 包含文件:             D:\APP\AboutCode\Miniconda3\envs\yolo\lib\site-packages\torch\include\ATen/ops/atleast_2d_native.h
注意: 包含文件:             D:\APP\AboutCode\Miniconda3\envs\yolo\lib\site-packages\torch\include\ATen/ops/atleast_3d_native.h
注意: 包含文件:             D:\APP\AboutCode\Miniconda3\envs\yolo\lib\site-packages\torch\include\ATen/ops/avg_pool1d_native.h
注意: 包含文件:             D:\APP\AboutCode\Miniconda3\envs\yolo\lib\site-packages\torch\include\ATen/ops/avg_pool2d_native.h
注意: 包含文件:              D:\APP\AboutCode\Miniconda3\envs\yolo\lib\site-packages\torch\include\ATen/ops/avg_pool2d_meta.h
注意: 包含文件:             D:\APP\AboutCode\Miniconda3\envs\yolo\lib\site-packages\torch\include\ATen/ops/avg_pool2d_backward_native.h
注意: 包含文件:              D:\APP\AboutCode\Miniconda3\envs\yolo\lib\site-packages\torch\include\ATen/ops/avg_pool2d_backward_meta.h
注意: 包含文件:             D:\APP\AboutCode\Miniconda3\envs\yolo\lib\site-packages\torch\include\ATen/ops/avg_pool3d_native.h
注意: 包含文件:              D:\APP\AboutCode\Miniconda3\envs\yolo\lib\site-packages\torch\include\ATen/ops/avg_pool3d_meta.h
注意: 包含文件:             D:\APP\AboutCode\Miniconda3\envs\yolo\lib\site-packages\torch\include\ATen/ops/avg_pool3d_backward_native.h
注意: 包含文件:              D:\APP\AboutCode\Miniconda3\envs\yolo\lib\site-packages\torch\include\ATen/ops/avg_pool3d_backward_meta.h
注意: 包含文件:             D:\APP\AboutCode\Miniconda3\envs\yolo\lib\site-packages\torch\include\ATen/ops/baddbmm_native.h
注意: 包含文件:              D:\APP\AboutCode\Miniconda3\envs\yolo\lib\site-packages\torch\include\ATen/ops/baddbmm_meta.h
注意: 包含文件:             D:\APP\AboutCode\Miniconda3\envs\yolo\lib\site-packages\torch\include\ATen/ops/bartlett_window_native.h
注意: 包含文件:             D:\APP\AboutCode\Miniconda3\envs\yolo\lib\site-packages\torch\include\ATen/ops/batch_norm_native.h
注意: 包含文件:             D:\APP\AboutCode\Miniconda3\envs\yolo\lib\site-packages\torch\include\ATen/ops/batch_norm_backward_elemt_native.h
注意: 包含文件:             D:\APP\AboutCode\Miniconda3\envs\yolo\lib\site-packages\torch\include\ATen/ops/batch_norm_backward_reduce_native.h
注意: 包含文件:             D:\APP\AboutCode\Miniconda3\envs\yolo\lib\site-packages\torch\include\ATen/ops/batch_norm_elemt_native.h
注意: 包含文件:             D:\APP\AboutCode\Miniconda3\envs\yolo\lib\site-packages\torch\include\ATen/ops/batch_norm_gather_stats_native.h
注意: 包含文件:             D:\APP\AboutCode\Miniconda3\envs\yolo\lib\site-packages\torch\include\ATen/ops/batch_norm_gather_stats_with_counts_native.h
注意: 包含文件:             D:\APP\AboutCode\Miniconda3\envs\yolo\lib\site-packages\torch\include\ATen/ops/batch_norm_stats_native.h
注意: 包含文件:             D:\APP\AboutCode\Miniconda3\envs\yolo\lib\site-packages\torch\include\ATen/ops/batch_norm_update_stats_native.h
注意: 包含文件:             D:\APP\AboutCode\Miniconda3\envs\yolo\lib\site-packages\torch\include\ATen/ops/bernoulli_native.h
注意: 包含文件:             D:\APP\AboutCode\Miniconda3\envs\yolo\lib\site-packages\torch\include\ATen/ops/bilinear_native.h
注意: 包含文件:             D:\APP\AboutCode\Miniconda3\envs\yolo\lib\site-packages\torch\include\ATen/ops/binary_cross_entropy_native.h
注意: 包含文件:             D:\APP\AboutCode\Miniconda3\envs\yolo\lib\site-packages\torch\include\ATen/ops/binary_cross_entropy_backward_native.h
注意: 包含文件:             D:\APP\AboutCode\Miniconda3\envs\yolo\lib\site-packages\torch\include\ATen/ops/binary_cross_entropy_with_logits_native.h
注意: 包含文件:             D:\APP\AboutCode\Miniconda3\envs\yolo\lib\site-packages\torch\include\ATen/ops/bincount_native.h
注意: 包含文件:             D:\APP\AboutCode\Miniconda3\envs\yolo\lib\site-packages\torch\include\ATen/ops/binomial_native.h
注意: 包含文件:             D:\APP\AboutCode\Miniconda3\envs\yolo\lib\site-packages\torch\include\ATen/ops/bitwise_and_native.h
注意: 包含文件:              D:\APP\AboutCode\Miniconda3\envs\yolo\lib\site-packages\torch\include\ATen/ops/bitwise_and_meta.h
注意: 包含文件:             D:\APP\AboutCode\Miniconda3\envs\yolo\lib\site-packages\torch\include\ATen/ops/bitwise_left_shift_native.h
注意: 包含文件:              D:\APP\AboutCode\Miniconda3\envs\yolo\lib\site-packages\torch\include\ATen/ops/bitwise_left_shift_meta.h
注意: 包含文件:             D:\APP\AboutCode\Miniconda3\envs\yolo\lib\site-packages\torch\include\ATen/ops/bitwise_not_native.h
注意: 包含文件:              D:\APP\AboutCode\Miniconda3\envs\yolo\lib\site-packages\torch\include\ATen/ops/bitwise_not_meta.h
注意: 包含文件:             D:\APP\AboutCode\Miniconda3\envs\yolo\lib\site-packages\torch\include\ATen/ops/bitwise_or_native.h
注意: 包含文件:              D:\APP\AboutCode\Miniconda3\envs\yolo\lib\site-packages\torch\include\ATen/ops/bitwise_or_meta.h
注意: 包含文件:             D:\APP\AboutCode\Miniconda3\envs\yolo\lib\site-packages\torch\include\ATen/ops/bitwise_right_shift_native.h
注意: 包含文件:              D:\APP\AboutCode\Miniconda3\envs\yolo\lib\site-packages\torch\include\ATen/ops/bitwise_right_shift_meta.h
注意: 包含文件:             D:\APP\AboutCode\Miniconda3\envs\yolo\lib\site-packages\torch\include\ATen/ops/bitwise_xor_native.h
注意: 包含文件:              D:\APP\AboutCode\Miniconda3\envs\yolo\lib\site-packages\torch\include\ATen/ops/bitwise_xor_meta.h
注意: 包含文件:             D:\APP\AboutCode\Miniconda3\envs\yolo\lib\site-packages\torch\include\ATen/ops/blackman_window_native.h
注意: 包含文件:             D:\APP\AboutCode\Miniconda3\envs\yolo\lib\site-packages\torch\include\ATen/ops/block_diag_native.h
注意: 包含文件:             D:\APP\AboutCode\Miniconda3\envs\yolo\lib\site-packages\torch\include\ATen/ops/bmm_native.h
注意: 包含文件:              D:\APP\AboutCode\Miniconda3\envs\yolo\lib\site-packages\torch\include\ATen/ops/bmm_meta.h
注意: 包含文件:             D:\APP\AboutCode\Miniconda3\envs\yolo\lib\site-packages\torch\include\ATen/ops/broadcast_tensors_native.h
注意: 包含文件:             D:\APP\AboutCode\Miniconda3\envs\yolo\lib\site-packages\torch\include\ATen/ops/broadcast_to_native.h
注意: 包含文件:             D:\APP\AboutCode\Miniconda3\envs\yolo\lib\site-packages\torch\include\ATen/ops/bucketize_native.h
注意: 包含文件:             D:\APP\AboutCode\Miniconda3\envs\yolo\lib\site-packages\torch\include\ATen/ops/can_cast_native.h
注意: 包含文件:             D:\APP\AboutCode\Miniconda3\envs\yolo\lib\site-packages\torch\include\ATen/ops/cartesian_prod_native.h
注意: 包含文件:             D:\APP\AboutCode\Miniconda3\envs\yolo\lib\site-packages\torch\include\ATen/ops/cat_native.h
注意: 包含文件:              D:\APP\AboutCode\Miniconda3\envs\yolo\lib\site-packages\torch\include\ATen/ops/cat_meta.h
注意: 包含文件:             D:\APP\AboutCode\Miniconda3\envs\yolo\lib\site-packages\torch\include\ATen/ops/cauchy_native.h
注意: 包含文件:             D:\APP\AboutCode\Miniconda3\envs\yolo\lib\site-packages\torch\include\ATen/ops/ccol_indices_native.h
注意: 包含文件:             D:\APP\AboutCode\Miniconda3\envs\yolo\lib\site-packages\torch\include\ATen/ops/ccol_indices_copy_native.h
注意: 包含文件:             D:\APP\AboutCode\Miniconda3\envs\yolo\lib\site-packages\torch\include\ATen/ops/cdist_native.h
注意: 包含文件:             D:\APP\AboutCode\Miniconda3\envs\yolo\lib\site-packages\torch\include\ATen/ops/ceil_native.h
注意: 包含文件:              D:\APP\AboutCode\Miniconda3\envs\yolo\lib\site-packages\torch\include\ATen/ops/ceil_meta.h
注意: 包含文件:             D:\APP\AboutCode\Miniconda3\envs\yolo\lib\site-packages\torch\include\ATen/ops/celu_native.h
注意: 包含文件:             D:\APP\AboutCode\Miniconda3\envs\yolo\lib\site-packages\torch\include\ATen/ops/chain_matmul_native.h
注意: 包含文件:             D:\APP\AboutCode\Miniconda3\envs\yolo\lib\site-packages\torch\include\ATen/ops/chalf_native.h
注意: 包含文件:             D:\APP\AboutCode\Miniconda3\envs\yolo\lib\site-packages\torch\include\ATen/ops/channel_shuffle_native.h
注意: 包含文件:             D:\APP\AboutCode\Miniconda3\envs\yolo\lib\site-packages\torch\include\ATen/ops/cholesky_native.h
注意: 包含文件:             D:\APP\AboutCode\Miniconda3\envs\yolo\lib\site-packages\torch\include\ATen/ops/cholesky_inverse_native.h
注意: 包含文件:             D:\APP\AboutCode\Miniconda3\envs\yolo\lib\site-packages\torch\include\ATen/ops/cholesky_solve_native.h
注意: 包含文件:             D:\APP\AboutCode\Miniconda3\envs\yolo\lib\site-packages\torch\include\ATen/ops/choose_qparams_optimized_native.h
注意: 包含文件:             D:\APP\AboutCode\Miniconda3\envs\yolo\lib\site-packages\torch\include\ATen/ops/chunk_native.h
注意: 包含文件:             D:\APP\AboutCode\Miniconda3\envs\yolo\lib\site-packages\torch\include\ATen/ops/clamp_native.h
注意: 包含文件:              D:\APP\AboutCode\Miniconda3\envs\yolo\lib\site-packages\torch\include\ATen/ops/clamp_meta.h
注意: 包含文件:             D:\APP\AboutCode\Miniconda3\envs\yolo\lib\site-packages\torch\include\ATen/ops/clamp_max_native.h
注意: 包含文件:              D:\APP\AboutCode\Miniconda3\envs\yolo\lib\site-packages\torch\include\ATen/ops/clamp_max_meta.h
注意: 包含文件:             D:\APP\AboutCode\Miniconda3\envs\yolo\lib\site-packages\torch\include\ATen/ops/clamp_min_native.h
注意: 包含文件:              D:\APP\AboutCode\Miniconda3\envs\yolo\lib\site-packages\torch\include\ATen/ops/clamp_min_meta.h
注意: 包含文件:             D:\APP\AboutCode\Miniconda3\envs\yolo\lib\site-packages\torch\include\ATen/ops/clip_native.h
注意: 包含文件:             D:\APP\AboutCode\Miniconda3\envs\yolo\lib\site-packages\torch\include\ATen/ops/clone_native.h
注意: 包含文件:             D:\APP\AboutCode\Miniconda3\envs\yolo\lib\site-packages\torch\include\ATen/ops/coalesce_native.h
注意: 包含文件:             D:\APP\AboutCode\Miniconda3\envs\yolo\lib\site-packages\torch\include\ATen/ops/col2im_native.h
注意: 包含文件:             D:\APP\AboutCode\Miniconda3\envs\yolo\lib\site-packages\torch\include\ATen/ops/col_indices_native.h
注意: 包含文件:             D:\APP\AboutCode\Miniconda3\envs\yolo\lib\site-packages\torch\include\ATen/ops/col_indices_copy_native.h
注意: 包含文件:             D:\APP\AboutCode\Miniconda3\envs\yolo\lib\site-packages\torch\include\ATen/ops/column_stack_native.h
注意: 包含文件:             D:\APP\AboutCode\Miniconda3\envs\yolo\lib\site-packages\torch\include\ATen/ops/combinations_native.h
注意: 包含文件:             D:\APP\AboutCode\Miniconda3\envs\yolo\lib\site-packages\torch\include\ATen/ops/complex_native.h
注意: 包含文件:             D:\APP\AboutCode\Miniconda3\envs\yolo\lib\site-packages\torch\include\ATen/ops/concat_native.h
注意: 包含文件:             D:\APP\AboutCode\Miniconda3\envs\yolo\lib\site-packages\torch\include\ATen/ops/concatenate_native.h
注意: 包含文件:             D:\APP\AboutCode\Miniconda3\envs\yolo\lib\site-packages\torch\include\ATen/ops/conj_native.h
注意: 包含文件:             D:\APP\AboutCode\Miniconda3\envs\yolo\lib\site-packages\torch\include\ATen/ops/conj_physical_native.h
注意: 包含文件:             D:\APP\AboutCode\Miniconda3\envs\yolo\lib\site-packages\torch\include\ATen/ops/constant_pad_nd_native.h
注意: 包含文件:             D:\APP\AboutCode\Miniconda3\envs\yolo\lib\site-packages\torch\include\ATen/ops/contiguous_native.h
注意: 包含文件:             D:\APP\AboutCode\Miniconda3\envs\yolo\lib\site-packages\torch\include\ATen/ops/conv1d_native.h
注意: 包含文件:             D:\APP\AboutCode\Miniconda3\envs\yolo\lib\site-packages\torch\include\ATen/ops/conv2d_native.h
注意: 包含文件:             D:\APP\AboutCode\Miniconda3\envs\yolo\lib\site-packages\torch\include\ATen/ops/conv3d_native.h
注意: 包含文件:             D:\APP\AboutCode\Miniconda3\envs\yolo\lib\site-packages\torch\include\ATen/ops/conv_depthwise3d_native.h
注意: 包含文件:             D:\APP\AboutCode\Miniconda3\envs\yolo\lib\site-packages\torch\include\ATen/ops/conv_tbc_native.h
注意: 包含文件:             D:\APP\AboutCode\Miniconda3\envs\yolo\lib\site-packages\torch\include\ATen/ops/conv_tbc_backward_native.h
注意: 包含文件:             D:\APP\AboutCode\Miniconda3\envs\yolo\lib\site-packages\torch\include\ATen/ops/conv_transpose1d_native.h
注意: 包含文件:             D:\APP\AboutCode\Miniconda3\envs\yolo\lib\site-packages\torch\include\ATen/ops/conv_transpose2d_native.h
注意: 包含文件:             D:\APP\AboutCode\Miniconda3\envs\yolo\lib\site-packages\torch\include\ATen/ops/conv_transpose3d_native.h
注意: 包含文件:             D:\APP\AboutCode\Miniconda3\envs\yolo\lib\site-packages\torch\include\ATen/ops/convolution_native.h
注意: 包含文件:             D:\APP\AboutCode\Miniconda3\envs\yolo\lib\site-packages\torch\include\ATen/ops/convolution_backward_native.h
注意: 包含文件:             D:\APP\AboutCode\Miniconda3\envs\yolo\lib\site-packages\torch\include\ATen/ops/convolution_backward_overrideable_native.h
注意: 包含文件:             D:\APP\AboutCode\Miniconda3\envs\yolo\lib\site-packages\torch\include\ATen/ops/convolution_overrideable_native.h
注意: 包含文件:             D:\APP\AboutCode\Miniconda3\envs\yolo\lib\site-packages\torch\include\ATen/ops/copy_native.h
注意: 包含文件:             D:\APP\AboutCode\Miniconda3\envs\yolo\lib\site-packages\torch\include\ATen/ops/copy_sparse_to_sparse_native.h
注意: 包含文件:             D:\APP\AboutCode\Miniconda3\envs\yolo\lib\site-packages\torch\include\ATen/ops/copysign_native.h
注意: 包含文件:              D:\APP\AboutCode\Miniconda3\envs\yolo\lib\site-packages\torch\include\ATen/ops/copysign_meta.h
注意: 包含文件:             D:\APP\AboutCode\Miniconda3\envs\yolo\lib\site-packages\torch\include\ATen/ops/corrcoef_native.h
注意: 包含文件:             D:\APP\AboutCode\Miniconda3\envs\yolo\lib\site-packages\torch\include\ATen/ops/cos_native.h
注意: 包含文件:              D:\APP\AboutCode\Miniconda3\envs\yolo\lib\site-packages\torch\include\ATen/ops/cos_meta.h
注意: 包含文件:             D:\APP\AboutCode\Miniconda3\envs\yolo\lib\site-packages\torch\include\ATen/ops/cosh_native.h
注意: 包含文件:              D:\APP\AboutCode\Miniconda3\envs\yolo\lib\site-packages\torch\include\ATen/ops/cosh_meta.h
注意: 包含文件:             D:\APP\AboutCode\Miniconda3\envs\yolo\lib\site-packages\torch\include\ATen/ops/cosine_embedding_loss_native.h
注意: 包含文件:             D:\APP\AboutCode\Miniconda3\envs\yolo\lib\site-packages\torch\include\ATen/ops/cosine_similarity_native.h
注意: 包含文件:             D:\APP\AboutCode\Miniconda3\envs\yolo\lib\site-packages\torch\include\ATen/ops/count_nonzero_native.h
注意: 包含文件:             D:\APP\AboutCode\Miniconda3\envs\yolo\lib\site-packages\torch\include\ATen/ops/cov_native.h
注意: 包含文件:             D:\APP\AboutCode\Miniconda3\envs\yolo\lib\site-packages\torch\include\ATen/ops/cross_native.h
注意: 包含文件:             D:\APP\AboutCode\Miniconda3\envs\yolo\lib\site-packages\torch\include\ATen/ops/cross_entropy_loss_native.h
注意: 包含文件:             D:\APP\AboutCode\Miniconda3\envs\yolo\lib\site-packages\torch\include\ATen/ops/crow_indices_native.h
注意: 包含文件:             D:\APP\AboutCode\Miniconda3\envs\yolo\lib\site-packages\torch\include\ATen/ops/crow_indices_copy_native.h
注意: 包含文件:             D:\APP\AboutCode\Miniconda3\envs\yolo\lib\site-packages\torch\include\ATen/ops/ctc_loss_native.h
注意: 包含文件:             D:\APP\AboutCode\Miniconda3\envs\yolo\lib\site-packages\torch\include\ATen/ops/cudnn_affine_grid_generator_native.h
注意: 包含文件:             D:\APP\AboutCode\Miniconda3\envs\yolo\lib\site-packages\torch\include\ATen/ops/cudnn_affine_grid_generator_backward_native.h
注意: 包含文件:             D:\APP\AboutCode\Miniconda3\envs\yolo\lib\site-packages\torch\include\ATen/ops/cudnn_batch_norm_native.h
注意: 包含文件:             D:\APP\AboutCode\Miniconda3\envs\yolo\lib\site-packages\torch\include\ATen/ops/cudnn_batch_norm_backward_native.h
注意: 包含文件:             D:\APP\AboutCode\Miniconda3\envs\yolo\lib\site-packages\torch\include\ATen/ops/cudnn_convolution_native.h
注意: 包含文件:             D:\APP\AboutCode\Miniconda3\envs\yolo\lib\site-packages\torch\include\ATen/ops/cudnn_convolution_add_relu_native.h
注意: 包含文件:             D:\APP\AboutCode\Miniconda3\envs\yolo\lib\site-packages\torch\include\ATen/ops/cudnn_convolution_relu_native.h
注意: 包含文件:             D:\APP\AboutCode\Miniconda3\envs\yolo\lib\site-packages\torch\include\ATen/ops/cudnn_convolution_transpose_native.h
注意: 包含文件:             D:\APP\AboutCode\Miniconda3\envs\yolo\lib\site-packages\torch\include\ATen/ops/cudnn_grid_sampler_native.h
注意: 包含文件:             D:\APP\AboutCode\Miniconda3\envs\yolo\lib\site-packages\torch\include\ATen/ops/cudnn_grid_sampler_backward_native.h
注意: 包含文件:             D:\APP\AboutCode\Miniconda3\envs\yolo\lib\site-packages\torch\include\ATen/ops/cudnn_is_acceptable_native.h
注意: 包含文件:             D:\APP\AboutCode\Miniconda3\envs\yolo\lib\site-packages\torch\include\ATen/ops/cummax_native.h
注意: 包含文件:             D:\APP\AboutCode\Miniconda3\envs\yolo\lib\site-packages\torch\include\ATen/ops/cummaxmin_backward_native.h
注意: 包含文件:             D:\APP\AboutCode\Miniconda3\envs\yolo\lib\site-packages\torch\include\ATen/ops/cummin_native.h
注意: 包含文件:             D:\APP\AboutCode\Miniconda3\envs\yolo\lib\site-packages\torch\include\ATen/ops/cumprod_native.h
注意: 包含文件:              D:\APP\AboutCode\Miniconda3\envs\yolo\lib\site-packages\torch\include\ATen/ops/cumprod_meta.h
注意: 包含文件:             D:\APP\AboutCode\Miniconda3\envs\yolo\lib\site-packages\torch\include\ATen/ops/cumprod_backward_native.h
注意: 包含文件:             D:\APP\AboutCode\Miniconda3\envs\yolo\lib\site-packages\torch\include\ATen/ops/cumsum_native.h
注意: 包含文件:              D:\APP\AboutCode\Miniconda3\envs\yolo\lib\site-packages\torch\include\ATen/ops/cumsum_meta.h
注意: 包含文件:             D:\APP\AboutCode\Miniconda3\envs\yolo\lib\site-packages\torch\include\ATen/ops/cumulative_trapezoid_native.h
注意: 包含文件:             D:\APP\AboutCode\Miniconda3\envs\yolo\lib\site-packages\torch\include\ATen/ops/data_native.h
注意: 包含文件:             D:\APP\AboutCode\Miniconda3\envs\yolo\lib\site-packages\torch\include\ATen/ops/deg2rad_native.h
注意: 包含文件:             D:\APP\AboutCode\Miniconda3\envs\yolo\lib\site-packages\torch\include\ATen/ops/dense_dim_native.h
注意: 包含文件:             D:\APP\AboutCode\Miniconda3\envs\yolo\lib\site-packages\torch\include\ATen/ops/dequantize_native.h
注意: 包含文件:             D:\APP\AboutCode\Miniconda3\envs\yolo\lib\site-packages\torch\include\ATen/ops/det_native.h
注意: 包含文件:             D:\APP\AboutCode\Miniconda3\envs\yolo\lib\site-packages\torch\include\ATen/ops/detach_native.h
注意: 包含文件:             D:\APP\AboutCode\Miniconda3\envs\yolo\lib\site-packages\torch\include\ATen/ops/detach_copy_native.h
注意: 包含文件:             D:\APP\AboutCode\Miniconda3\envs\yolo\lib\site-packages\torch\include\ATen/ops/diag_native.h
注意: 包含文件:             D:\APP\AboutCode\Miniconda3\envs\yolo\lib\site-packages\torch\include\ATen/ops/diag_embed_native.h
注意: 包含文件:             D:\APP\AboutCode\Miniconda3\envs\yolo\lib\site-packages\torch\include\ATen/ops/diagflat_native.h
注意: 包含文件:             D:\APP\AboutCode\Miniconda3\envs\yolo\lib\site-packages\torch\include\ATen/ops/diagonal_native.h
注意: 包含文件:             D:\APP\AboutCode\Miniconda3\envs\yolo\lib\site-packages\torch\include\ATen/ops/diagonal_backward_native.h
注意: 包含文件:             D:\APP\AboutCode\Miniconda3\envs\yolo\lib\site-packages\torch\include\ATen/ops/diagonal_copy_native.h
注意: 包含文件:             D:\APP\AboutCode\Miniconda3\envs\yolo\lib\site-packages\torch\include\ATen/ops/diagonal_scatter_native.h
注意: 包含文件:             D:\APP\AboutCode\Miniconda3\envs\yolo\lib\site-packages\torch\include\ATen/ops/diff_native.h
注意: 包含文件:             D:\APP\AboutCode\Miniconda3\envs\yolo\lib\site-packages\torch\include\ATen/ops/digamma_native.h
注意: 包含文件:              D:\APP\AboutCode\Miniconda3\envs\yolo\lib\site-packages\torch\include\ATen/ops/digamma_meta.h
注意: 包含文件:             D:\APP\AboutCode\Miniconda3\envs\yolo\lib\site-packages\torch\include\ATen/ops/dist_native.h
注意: 包含文件:             D:\APP\AboutCode\Miniconda3\envs\yolo\lib\site-packages\torch\include\ATen/ops/div_native.h
注意: 包含文件:              D:\APP\AboutCode\Miniconda3\envs\yolo\lib\site-packages\torch\include\ATen/ops/div_meta.h
注意: 包含文件:             D:\APP\AboutCode\Miniconda3\envs\yolo\lib\site-packages\torch\include\ATen/ops/divide_native.h
注意: 包含文件:             D:\APP\AboutCode\Miniconda3\envs\yolo\lib\site-packages\torch\include\ATen/ops/dot_native.h
注意: 包含文件:             D:\APP\AboutCode\Miniconda3\envs\yolo\lib\site-packages\torch\include\ATen/ops/dropout_native.h
注意: 包含文件:             D:\APP\AboutCode\Miniconda3\envs\yolo\lib\site-packages\torch\include\ATen/ops/dsplit_native.h
注意: 包含文件:             D:\APP\AboutCode\Miniconda3\envs\yolo\lib\site-packages\torch\include\ATen/ops/dstack_native.h
注意: 包含文件:             D:\APP\AboutCode\Miniconda3\envs\yolo\lib\site-packages\torch\include\ATen/ops/einsum_native.h
注意: 包含文件:             D:\APP\AboutCode\Miniconda3\envs\yolo\lib\site-packages\torch\include\ATen/ops/elu_native.h
注意: 包含文件:              D:\APP\AboutCode\Miniconda3\envs\yolo\lib\site-packages\torch\include\ATen/ops/elu_meta.h
注意: 包含文件:             D:\APP\AboutCode\Miniconda3\envs\yolo\lib\site-packages\torch\include\ATen/ops/elu_backward_native.h
注意: 包含文件:              D:\APP\AboutCode\Miniconda3\envs\yolo\lib\site-packages\torch\include\ATen/ops/elu_backward_meta.h
注意: 包含文件:             D:\APP\AboutCode\Miniconda3\envs\yolo\lib\site-packages\torch\include\ATen/ops/embedding_native.h
注意: 包含文件:             D:\APP\AboutCode\Miniconda3\envs\yolo\lib\site-packages\torch\include\ATen/ops/embedding_backward_native.h
注意: 包含文件:             D:\APP\AboutCode\Miniconda3\envs\yolo\lib\site-packages\torch\include\ATen/ops/embedding_bag_native.h
注意: 包含文件:             D:\APP\AboutCode\Miniconda3\envs\yolo\lib\site-packages\torch\include\ATen/ops/embedding_dense_backward_native.h
注意: 包含文件:             D:\APP\AboutCode\Miniconda3\envs\yolo\lib\site-packages\torch\include\ATen/ops/embedding_renorm_native.h
注意: 包含文件:             D:\APP\AboutCode\Miniconda3\envs\yolo\lib\site-packages\torch\include\ATen/ops/embedding_sparse_backward_native.h
注意: 包含文件:             D:\APP\AboutCode\Miniconda3\envs\yolo\lib\site-packages\torch\include\ATen/ops/empty_native.h
注意: 包含文件:             D:\APP\AboutCode\Miniconda3\envs\yolo\lib\site-packages\torch\include\ATen/ops/empty_like_native.h
注意: 包含文件:             D:\APP\AboutCode\Miniconda3\envs\yolo\lib\site-packages\torch\include\ATen/ops/empty_permuted_native.h
注意: 包含文件:             D:\APP\AboutCode\Miniconda3\envs\yolo\lib\site-packages\torch\include\ATen/ops/empty_quantized_native.h
注意: 包含文件:             D:\APP\AboutCode\Miniconda3\envs\yolo\lib\site-packages\torch\include\ATen/ops/empty_strided_native.h
注意: 包含文件:             D:\APP\AboutCode\Miniconda3\envs\yolo\lib\site-packages\torch\include\ATen/ops/eq_native.h
注意: 包含文件:              D:\APP\AboutCode\Miniconda3\envs\yolo\lib\site-packages\torch\include\ATen/ops/eq_meta.h
注意: 包含文件:             D:\APP\AboutCode\Miniconda3\envs\yolo\lib\site-packages\torch\include\ATen/ops/equal_native.h
注意: 包含文件:             D:\APP\AboutCode\Miniconda3\envs\yolo\lib\site-packages\torch\include\ATen/ops/erf_native.h
注意: 包含文件:              D:\APP\AboutCode\Miniconda3\envs\yolo\lib\site-packages\torch\include\ATen/ops/erf_meta.h
注意: 包含文件:             D:\APP\AboutCode\Miniconda3\envs\yolo\lib\site-packages\torch\include\ATen/ops/erfc_native.h
注意: 包含文件:              D:\APP\AboutCode\Miniconda3\envs\yolo\lib\site-packages\torch\include\ATen/ops/erfc_meta.h
注意: 包含文件:             D:\APP\AboutCode\Miniconda3\envs\yolo\lib\site-packages\torch\include\ATen/ops/erfinv_native.h
注意: 包含文件:              D:\APP\AboutCode\Miniconda3\envs\yolo\lib\site-packages\torch\include\ATen/ops/erfinv_meta.h
注意: 包含文件:             D:\APP\AboutCode\Miniconda3\envs\yolo\lib\site-packages\torch\include\ATen/ops/exp_native.h
注意: 包含文件:              D:\APP\AboutCode\Miniconda3\envs\yolo\lib\site-packages\torch\include\ATen/ops/exp_meta.h
注意: 包含文件:             D:\APP\AboutCode\Miniconda3\envs\yolo\lib\site-packages\torch\include\ATen/ops/exp2_native.h
注意: 包含文件:              D:\APP\AboutCode\Miniconda3\envs\yolo\lib\site-packages\torch\include\ATen/ops/exp2_meta.h
注意: 包含文件:             D:\APP\AboutCode\Miniconda3\envs\yolo\lib\site-packages\torch\include\ATen/ops/expand_native.h
注意: 包含文件:             D:\APP\AboutCode\Miniconda3\envs\yolo\lib\site-packages\torch\include\ATen/ops/expand_as_native.h
注意: 包含文件:             D:\APP\AboutCode\Miniconda3\envs\yolo\lib\site-packages\torch\include\ATen/ops/expand_copy_native.h
注意: 包含文件:             D:\APP\AboutCode\Miniconda3\envs\yolo\lib\site-packages\torch\include\ATen/ops/expm1_native.h
注意: 包含文件:              D:\APP\AboutCode\Miniconda3\envs\yolo\lib\site-packages\torch\include\ATen/ops/expm1_meta.h
注意: 包含文件:             D:\APP\AboutCode\Miniconda3\envs\yolo\lib\site-packages\torch\include\ATen/ops/exponential_native.h
注意: 包含文件:             D:\APP\AboutCode\Miniconda3\envs\yolo\lib\site-packages\torch\include\ATen/ops/eye_native.h
注意: 包含文件:             D:\APP\AboutCode\Miniconda3\envs\yolo\lib\site-packages\torch\include\ATen/ops/fake_quantize_per_channel_affine_native.h
注意: 包含文件:             D:\APP\AboutCode\Miniconda3\envs\yolo\lib\site-packages\torch\include\ATen/ops/fake_quantize_per_channel_affine_cachemask_native.h
注意: 包含文件:             D:\APP\AboutCode\Miniconda3\envs\yolo\lib\site-packages\torch\include\ATen/ops/fake_quantize_per_channel_affine_cachemask_backward_native.h
注意: 包含文件:             D:\APP\AboutCode\Miniconda3\envs\yolo\lib\site-packages\torch\include\ATen/ops/fake_quantize_per_tensor_affine_native.h
注意: 包含文件:             D:\APP\AboutCode\Miniconda3\envs\yolo\lib\site-packages\torch\include\ATen/ops/fake_quantize_per_tensor_affine_cachemask_native.h
注意: 包含文件:             D:\APP\AboutCode\Miniconda3\envs\yolo\lib\site-packages\torch\include\ATen/ops/fake_quantize_per_tensor_affine_cachemask_backward_native.h
注意: 包含文件:             D:\APP\AboutCode\Miniconda3\envs\yolo\lib\site-packages\torch\include\ATen/ops/fbgemm_linear_fp16_weight_native.h
注意: 包含文件:             D:\APP\AboutCode\Miniconda3\envs\yolo\lib\site-packages\torch\include\ATen/ops/fbgemm_linear_fp16_weight_fp32_activation_native.h
注意: 包含文件:             D:\APP\AboutCode\Miniconda3\envs\yolo\lib\site-packages\torch\include\ATen/ops/fbgemm_linear_int8_weight_native.h
注意: 包含文件:             D:\APP\AboutCode\Miniconda3\envs\yolo\lib\site-packages\torch\include\ATen/ops/fbgemm_linear_int8_weight_fp32_activation_native.h
注意: 包含文件:             D:\APP\AboutCode\Miniconda3\envs\yolo\lib\site-packages\torch\include\ATen/ops/fbgemm_linear_quantize_weight_native.h
注意: 包含文件:             D:\APP\AboutCode\Miniconda3\envs\yolo\lib\site-packages\torch\include\ATen/ops/fbgemm_pack_gemm_matrix_fp16_native.h
注意: 包含文件:             D:\APP\AboutCode\Miniconda3\envs\yolo\lib\site-packages\torch\include\ATen/ops/fbgemm_pack_quantized_matrix_native.h
注意: 包含文件:             D:\APP\AboutCode\Miniconda3\envs\yolo\lib\site-packages\torch\include\ATen/ops/feature_alpha_dropout_native.h
注意: 包含文件:             D:\APP\AboutCode\Miniconda3\envs\yolo\lib\site-packages\torch\include\ATen/ops/feature_dropout_native.h
注意: 包含文件:             D:\APP\AboutCode\Miniconda3\envs\yolo\lib\site-packages\torch\include\ATen/ops/fft_fft_native.h
注意: 包含文件:             D:\APP\AboutCode\Miniconda3\envs\yolo\lib\site-packages\torch\include\ATen/ops/fft_fft2_native.h
注意: 包含文件:             D:\APP\AboutCode\Miniconda3\envs\yolo\lib\site-packages\torch\include\ATen/ops/fft_fftfreq_native.h
注意: 包含文件:             D:\APP\AboutCode\Miniconda3\envs\yolo\lib\site-packages\torch\include\ATen/ops/fft_fftn_native.h
注意: 包含文件:             D:\APP\AboutCode\Miniconda3\envs\yolo\lib\site-packages\torch\include\ATen/ops/fft_fftshift_native.h
注意: 包含文件:             D:\APP\AboutCode\Miniconda3\envs\yolo\lib\site-packages\torch\include\ATen/ops/fft_hfft_native.h
注意: 包含文件:             D:\APP\AboutCode\Miniconda3\envs\yolo\lib\site-packages\torch\include\ATen/ops/fft_hfft2_native.h
注意: 包含文件:             D:\APP\AboutCode\Miniconda3\envs\yolo\lib\site-packages\torch\include\ATen/ops/fft_hfftn_native.h
注意: 包含文件:             D:\APP\AboutCode\Miniconda3\envs\yolo\lib\site-packages\torch\include\ATen/ops/fft_ifft_native.h
注意: 包含文件:             D:\APP\AboutCode\Miniconda3\envs\yolo\lib\site-packages\torch\include\ATen/ops/fft_ifft2_native.h
注意: 包含文件:             D:\APP\AboutCode\Miniconda3\envs\yolo\lib\site-packages\torch\include\ATen/ops/fft_ifftn_native.h
注意: 包含文件:             D:\APP\AboutCode\Miniconda3\envs\yolo\lib\site-packages\torch\include\ATen/ops/fft_ifftshift_native.h
注意: 包含文件:             D:\APP\AboutCode\Miniconda3\envs\yolo\lib\site-packages\torch\include\ATen/ops/fft_ihfft_native.h
注意: 包含文件:             D:\APP\AboutCode\Miniconda3\envs\yolo\lib\site-packages\torch\include\ATen/ops/fft_ihfft2_native.h
注意: 包含文件:             D:\APP\AboutCode\Miniconda3\envs\yolo\lib\site-packages\torch\include\ATen/ops/fft_ihfftn_native.h
注意: 包含文件:             D:\APP\AboutCode\Miniconda3\envs\yolo\lib\site-packages\torch\include\ATen/ops/fft_irfft_native.h
注意: 包含文件:             D:\APP\AboutCode\Miniconda3\envs\yolo\lib\site-packages\torch\include\ATen/ops/fft_irfft2_native.h
注意: 包含文件:             D:\APP\AboutCode\Miniconda3\envs\yolo\lib\site-packages\torch\include\ATen/ops/fft_irfftn_native.h
注意: 包含文件:             D:\APP\AboutCode\Miniconda3\envs\yolo\lib\site-packages\torch\include\ATen/ops/fft_rfft_native.h
注意: 包含文件:             D:\APP\AboutCode\Miniconda3\envs\yolo\lib\site-packages\torch\include\ATen/ops/fft_rfft2_native.h
注意: 包含文件:             D:\APP\AboutCode\Miniconda3\envs\yolo\lib\site-packages\torch\include\ATen/ops/fft_rfftfreq_native.h
注意: 包含文件:             D:\APP\AboutCode\Miniconda3\envs\yolo\lib\site-packages\torch\include\ATen/ops/fft_rfftn_native.h
注意: 包含文件:             D:\APP\AboutCode\Miniconda3\envs\yolo\lib\site-packages\torch\include\ATen/ops/fill_native.h
注意: 包含文件:             D:\APP\AboutCode\Miniconda3\envs\yolo\lib\site-packages\torch\include\ATen/ops/fill_diagonal_native.h
注意: 包含文件:             D:\APP\AboutCode\Miniconda3\envs\yolo\lib\site-packages\torch\include\ATen/ops/fix_native.h
注意: 包含文件:             D:\APP\AboutCode\Miniconda3\envs\yolo\lib\site-packages\torch\include\ATen/ops/flatten_native.h
注意: 包含文件:             D:\APP\AboutCode\Miniconda3\envs\yolo\lib\site-packages\torch\include\ATen/ops/flatten_dense_tensors_native.h
注意: 包含文件:             D:\APP\AboutCode\Miniconda3\envs\yolo\lib\site-packages\torch\include\ATen/ops/flip_native.h
注意: 包含文件:             D:\APP\AboutCode\Miniconda3\envs\yolo\lib\site-packages\torch\include\ATen/ops/fliplr_native.h
注意: 包含文件:             D:\APP\AboutCode\Miniconda3\envs\yolo\lib\site-packages\torch\include\ATen/ops/flipud_native.h
注意: 包含文件:             D:\APP\AboutCode\Miniconda3\envs\yolo\lib\site-packages\torch\include\ATen/ops/float_power_native.h
注意: 包含文件:             D:\APP\AboutCode\Miniconda3\envs\yolo\lib\site-packages\torch\include\ATen/ops/floor_native.h
注意: 包含文件:              D:\APP\AboutCode\Miniconda3\envs\yolo\lib\site-packages\torch\include\ATen/ops/floor_meta.h
注意: 包含文件:             D:\APP\AboutCode\Miniconda3\envs\yolo\lib\site-packages\torch\include\ATen/ops/floor_divide_native.h
注意: 包含文件:             D:\APP\AboutCode\Miniconda3\envs\yolo\lib\site-packages\torch\include\ATen/ops/fmax_native.h
注意: 包含文件:              D:\APP\AboutCode\Miniconda3\envs\yolo\lib\site-packages\torch\include\ATen/ops/fmax_meta.h
注意: 包含文件:             D:\APP\AboutCode\Miniconda3\envs\yolo\lib\site-packages\torch\include\ATen/ops/fmin_native.h
注意: 包含文件:              D:\APP\AboutCode\Miniconda3\envs\yolo\lib\site-packages\torch\include\ATen/ops/fmin_meta.h
注意: 包含文件:             D:\APP\AboutCode\Miniconda3\envs\yolo\lib\site-packages\torch\include\ATen/ops/fmod_native.h
注意: 包含文件:              D:\APP\AboutCode\Miniconda3\envs\yolo\lib\site-packages\torch\include\ATen/ops/fmod_meta.h
注意: 包含文件:             D:\APP\AboutCode\Miniconda3\envs\yolo\lib\site-packages\torch\include\ATen/ops/frac_native.h
注意: 包含文件:              D:\APP\AboutCode\Miniconda3\envs\yolo\lib\site-packages\torch\include\ATen/ops/frac_meta.h
注意: 包含文件:             D:\APP\AboutCode\Miniconda3\envs\yolo\lib\site-packages\torch\include\ATen/ops/fractional_max_pool2d_native.h
注意: 包含文件:              D:\APP\AboutCode\Miniconda3\envs\yolo\lib\site-packages\torch\include\ATen/ops/fractional_max_pool2d_meta.h
注意: 包含文件:             D:\APP\AboutCode\Miniconda3\envs\yolo\lib\site-packages\torch\include\ATen/ops/fractional_max_pool2d_backward_native.h
注意: 包含文件:              D:\APP\AboutCode\Miniconda3\envs\yolo\lib\site-packages\torch\include\ATen/ops/fractional_max_pool2d_backward_meta.h
注意: 包含文件:             D:\APP\AboutCode\Miniconda3\envs\yolo\lib\site-packages\torch\include\ATen/ops/fractional_max_pool3d_native.h
注意: 包含文件:              D:\APP\AboutCode\Miniconda3\envs\yolo\lib\site-packages\torch\include\ATen/ops/fractional_max_pool3d_meta.h
注意: 包含文件:             D:\APP\AboutCode\Miniconda3\envs\yolo\lib\site-packages\torch\include\ATen/ops/fractional_max_pool3d_backward_native.h
注意: 包含文件:             D:\APP\AboutCode\Miniconda3\envs\yolo\lib\site-packages\torch\include\ATen/ops/frexp_native.h
注意: 包含文件:             D:\APP\AboutCode\Miniconda3\envs\yolo\lib\site-packages\torch\include\ATen/ops/frobenius_norm_native.h
注意: 包含文件:             D:\APP\AboutCode\Miniconda3\envs\yolo\lib\site-packages\torch\include\ATen/ops/from_file_native.h
注意: 包含文件:             D:\APP\AboutCode\Miniconda3\envs\yolo\lib\site-packages\torch\include\ATen/ops/full_native.h
注意: 包含文件:             D:\APP\AboutCode\Miniconda3\envs\yolo\lib\site-packages\torch\include\ATen/ops/full_like_native.h
注意: 包含文件:             D:\APP\AboutCode\Miniconda3\envs\yolo\lib\site-packages\torch\include\ATen/ops/fused_moving_avg_obs_fake_quant_native.h
注意: 包含文件:             D:\APP\AboutCode\Miniconda3\envs\yolo\lib\site-packages\torch\include\ATen/ops/gather_native.h
注意: 包含文件:              D:\APP\AboutCode\Miniconda3\envs\yolo\lib\site-packages\torch\include\ATen/ops/gather_meta.h
注意: 包含文件:             D:\APP\AboutCode\Miniconda3\envs\yolo\lib\site-packages\torch\include\ATen/ops/gather_backward_native.h
注意: 包含文件:             D:\APP\AboutCode\Miniconda3\envs\yolo\lib\site-packages\torch\include\ATen/ops/gcd_native.h
注意: 包含文件:              D:\APP\AboutCode\Miniconda3\envs\yolo\lib\site-packages\torch\include\ATen/ops/gcd_meta.h
注意: 包含文件:             D:\APP\AboutCode\Miniconda3\envs\yolo\lib\site-packages\torch\include\ATen/ops/ge_native.h
注意: 包含文件:              D:\APP\AboutCode\Miniconda3\envs\yolo\lib\site-packages\torch\include\ATen/ops/ge_meta.h
注意: 包含文件:             D:\APP\AboutCode\Miniconda3\envs\yolo\lib\site-packages\torch\include\ATen/ops/gelu_native.h
注意: 包含文件:              D:\APP\AboutCode\Miniconda3\envs\yolo\lib\site-packages\torch\include\ATen/ops/gelu_meta.h
注意: 包含文件:             D:\APP\AboutCode\Miniconda3\envs\yolo\lib\site-packages\torch\include\ATen/ops/gelu_backward_native.h
注意: 包含文件:              D:\APP\AboutCode\Miniconda3\envs\yolo\lib\site-packages\torch\include\ATen/ops/gelu_backward_meta.h
注意: 包含文件:             D:\APP\AboutCode\Miniconda3\envs\yolo\lib\site-packages\torch\include\ATen/ops/geometric_native.h
注意: 包含文件:             D:\APP\AboutCode\Miniconda3\envs\yolo\lib\site-packages\torch\include\ATen/ops/geqrf_native.h
注意: 包含文件:             D:\APP\AboutCode\Miniconda3\envs\yolo\lib\site-packages\torch\include\ATen/ops/ger_native.h
注意: 包含文件:             D:\APP\AboutCode\Miniconda3\envs\yolo\lib\site-packages\torch\include\ATen/ops/glu_native.h
注意: 包含文件:              D:\APP\AboutCode\Miniconda3\envs\yolo\lib\site-packages\torch\include\ATen/ops/glu_meta.h
注意: 包含文件:             D:\APP\AboutCode\Miniconda3\envs\yolo\lib\site-packages\torch\include\ATen/ops/glu_backward_native.h
注意: 包含文件:             D:\APP\AboutCode\Miniconda3\envs\yolo\lib\site-packages\torch\include\ATen/ops/glu_backward_jvp_native.h
注意: 包含文件:             D:\APP\AboutCode\Miniconda3\envs\yolo\lib\site-packages\torch\include\ATen/ops/glu_jvp_native.h
注意: 包含文件:             D:\APP\AboutCode\Miniconda3\envs\yolo\lib\site-packages\torch\include\ATen/ops/gradient_native.h
注意: 包含文件:             D:\APP\AboutCode\Miniconda3\envs\yolo\lib\site-packages\torch\include\ATen/ops/greater_native.h
注意: 包含文件:             D:\APP\AboutCode\Miniconda3\envs\yolo\lib\site-packages\torch\include\ATen/ops/greater_equal_native.h
注意: 包含文件:             D:\APP\AboutCode\Miniconda3\envs\yolo\lib\site-packages\torch\include\ATen/ops/grid_sampler_native.h
注意: 包含文件:             D:\APP\AboutCode\Miniconda3\envs\yolo\lib\site-packages\torch\include\ATen/ops/grid_sampler_2d_native.h
注意: 包含文件:             D:\APP\AboutCode\Miniconda3\envs\yolo\lib\site-packages\torch\include\ATen/ops/grid_sampler_2d_backward_native.h
注意: 包含文件:             D:\APP\AboutCode\Miniconda3\envs\yolo\lib\site-packages\torch\include\ATen/ops/grid_sampler_3d_native.h
注意: 包含文件:             D:\APP\AboutCode\Miniconda3\envs\yolo\lib\site-packages\torch\include\ATen/ops/grid_sampler_3d_backward_native.h
注意: 包含文件:             D:\APP\AboutCode\Miniconda3\envs\yolo\lib\site-packages\torch\include\ATen/ops/group_norm_native.h
注意: 包含文件:             D:\APP\AboutCode\Miniconda3\envs\yolo\lib\site-packages\torch\include\ATen/ops/gru_native.h
注意: 包含文件:             D:\APP\AboutCode\Miniconda3\envs\yolo\lib\site-packages\torch\include\ATen/ops/gru_cell_native.h
注意: 包含文件:             D:\APP\AboutCode\Miniconda3\envs\yolo\lib\site-packages\torch\include\ATen/ops/gt_native.h
注意: 包含文件:              D:\APP\AboutCode\Miniconda3\envs\yolo\lib\site-packages\torch\include\ATen/ops/gt_meta.h
注意: 包含文件:             D:\APP\AboutCode\Miniconda3\envs\yolo\lib\site-packages\torch\include\ATen/ops/hamming_window_native.h
注意: 包含文件:             D:\APP\AboutCode\Miniconda3\envs\yolo\lib\site-packages\torch\include\ATen/ops/hann_window_native.h
注意: 包含文件:             D:\APP\AboutCode\Miniconda3\envs\yolo\lib\site-packages\torch\include\ATen/ops/hardshrink_native.h
注意: 包含文件:              D:\APP\AboutCode\Miniconda3\envs\yolo\lib\site-packages\torch\include\ATen/ops/hardshrink_meta.h
注意: 包含文件:             D:\APP\AboutCode\Miniconda3\envs\yolo\lib\site-packages\torch\include\ATen/ops/hardshrink_backward_native.h
注意: 包含文件:              D:\APP\AboutCode\Miniconda3\envs\yolo\lib\site-packages\torch\include\ATen/ops/hardshrink_backward_meta.h
注意: 包含文件:             D:\APP\AboutCode\Miniconda3\envs\yolo\lib\site-packages\torch\include\ATen/ops/hardsigmoid_native.h
注意: 包含文件:              D:\APP\AboutCode\Miniconda3\envs\yolo\lib\site-packages\torch\include\ATen/ops/hardsigmoid_meta.h
注意: 包含文件:             D:\APP\AboutCode\Miniconda3\envs\yolo\lib\site-packages\torch\include\ATen/ops/hardsigmoid_backward_native.h
注意: 包含文件:              D:\APP\AboutCode\Miniconda3\envs\yolo\lib\site-packages\torch\include\ATen/ops/hardsigmoid_backward_meta.h
注意: 包含文件:             D:\APP\AboutCode\Miniconda3\envs\yolo\lib\site-packages\torch\include\ATen/ops/hardswish_native.h
注意: 包含文件:             D:\APP\AboutCode\Miniconda3\envs\yolo\lib\site-packages\torch\include\ATen/ops/hardswish_backward_native.h
注意: 包含文件:             D:\APP\AboutCode\Miniconda3\envs\yolo\lib\site-packages\torch\include\ATen/ops/hardtanh_native.h
注意: 包含文件:             D:\APP\AboutCode\Miniconda3\envs\yolo\lib\site-packages\torch\include\ATen/ops/hardtanh_backward_native.h
注意: 包含文件:             D:\APP\AboutCode\Miniconda3\envs\yolo\lib\site-packages\torch\include\ATen/ops/heaviside_native.h
注意: 包含文件:              D:\APP\AboutCode\Miniconda3\envs\yolo\lib\site-packages\torch\include\ATen/ops/heaviside_meta.h
注意: 包含文件:             D:\APP\AboutCode\Miniconda3\envs\yolo\lib\site-packages\torch\include\ATen/ops/hinge_embedding_loss_native.h
注意: 包含文件:             D:\APP\AboutCode\Miniconda3\envs\yolo\lib\site-packages\torch\include\ATen/ops/histc_native.h
注意: 包含文件:             D:\APP\AboutCode\Miniconda3\envs\yolo\lib\site-packages\torch\include\ATen/ops/histogram_native.h
注意: 包含文件:             D:\APP\AboutCode\Miniconda3\envs\yolo\lib\site-packages\torch\include\ATen/ops/histogramdd_native.h
注意: 包含文件:             D:\APP\AboutCode\Miniconda3\envs\yolo\lib\site-packages\torch\include\ATen/ops/hsplit_native.h
注意: 包含文件:             D:\APP\AboutCode\Miniconda3\envs\yolo\lib\site-packages\torch\include\ATen/ops/hspmm_native.h
注意: 包含文件:             D:\APP\AboutCode\Miniconda3\envs\yolo\lib\site-packages\torch\include\ATen/ops/hstack_native.h
注意: 包含文件:             D:\APP\AboutCode\Miniconda3\envs\yolo\lib\site-packages\torch\include\ATen/ops/huber_loss_native.h
注意: 包含文件:             D:\APP\AboutCode\Miniconda3\envs\yolo\lib\site-packages\torch\include\ATen/ops/huber_loss_backward_native.h
注意: 包含文件:             D:\APP\AboutCode\Miniconda3\envs\yolo\lib\site-packages\torch\include\ATen/ops/hypot_native.h
注意: 包含文件:              D:\APP\AboutCode\Miniconda3\envs\yolo\lib\site-packages\torch\include\ATen/ops/hypot_meta.h
注意: 包含文件:             D:\APP\AboutCode\Miniconda3\envs\yolo\lib\site-packages\torch\include\ATen/ops/i0_native.h
注意: 包含文件:              D:\APP\AboutCode\Miniconda3\envs\yolo\lib\site-packages\torch\include\ATen/ops/i0_meta.h
注意: 包含文件:             D:\APP\AboutCode\Miniconda3\envs\yolo\lib\site-packages\torch\include\ATen/ops/igamma_native.h
注意: 包含文件:              D:\APP\AboutCode\Miniconda3\envs\yolo\lib\site-packages\torch\include\ATen/ops/igamma_meta.h
注意: 包含文件:             D:\APP\AboutCode\Miniconda3\envs\yolo\lib\site-packages\torch\include\ATen/ops/igammac_native.h
注意: 包含文件:              D:\APP\AboutCode\Miniconda3\envs\yolo\lib\site-packages\torch\include\ATen/ops/igammac_meta.h
注意: 包含文件:             D:\APP\AboutCode\Miniconda3\envs\yolo\lib\site-packages\torch\include\ATen/ops/im2col_native.h
注意: 包含文件:             D:\APP\AboutCode\Miniconda3\envs\yolo\lib\site-packages\torch\include\ATen/ops/imag_native.h
注意: 包含文件:             D:\APP\AboutCode\Miniconda3\envs\yolo\lib\site-packages\torch\include\ATen/ops/index_native.h
注意: 包含文件:              D:\APP\AboutCode\Miniconda3\envs\yolo\lib\site-packages\torch\include\ATen/ops/index_meta.h
注意: 包含文件:             D:\APP\AboutCode\Miniconda3\envs\yolo\lib\site-packages\torch\include\ATen/ops/index_add_native.h
注意: 包含文件:              D:\APP\AboutCode\Miniconda3\envs\yolo\lib\site-packages\torch\include\ATen/ops/index_add_meta.h
注意: 包含文件:             D:\APP\AboutCode\Miniconda3\envs\yolo\lib\site-packages\torch\include\ATen/ops/index_copy_native.h
注意: 包含文件:              D:\APP\AboutCode\Miniconda3\envs\yolo\lib\site-packages\torch\include\ATen/ops/index_copy_meta.h
注意: 包含文件:             D:\APP\AboutCode\Miniconda3\envs\yolo\lib\site-packages\torch\include\ATen/ops/index_fill_native.h
注意: 包含文件:             D:\APP\AboutCode\Miniconda3\envs\yolo\lib\site-packages\torch\include\ATen/ops/index_put_native.h
注意: 包含文件:             D:\APP\AboutCode\Miniconda3\envs\yolo\lib\site-packages\torch\include\ATen/ops/index_reduce_native.h
注意: 包含文件:              D:\APP\AboutCode\Miniconda3\envs\yolo\lib\site-packages\torch\include\ATen/ops/index_reduce_meta.h
注意: 包含文件:             D:\APP\AboutCode\Miniconda3\envs\yolo\lib\site-packages\torch\include\ATen/ops/index_select_native.h
注意: 包含文件:             D:\APP\AboutCode\Miniconda3\envs\yolo\lib\site-packages\torch\include\ATen/ops/index_select_backward_native.h
注意: 包含文件:             D:\APP\AboutCode\Miniconda3\envs\yolo\lib\site-packages\torch\include\ATen/ops/indices_native.h
注意: 包含文件:             D:\APP\AboutCode\Miniconda3\envs\yolo\lib\site-packages\torch\include\ATen/ops/indices_copy_native.h
注意: 包含文件:             D:\APP\AboutCode\Miniconda3\envs\yolo\lib\site-packages\torch\include\ATen/ops/infinitely_differentiable_gelu_backward_native.h
注意: 包含文件:             D:\APP\AboutCode\Miniconda3\envs\yolo\lib\site-packages\torch\include\ATen/ops/inner_native.h
注意: 包含文件:             D:\APP\AboutCode\Miniconda3\envs\yolo\lib\site-packages\torch\include\ATen/ops/instance_norm_native.h
注意: 包含文件:             D:\APP\AboutCode\Miniconda3\envs\yolo\lib\site-packages\torch\include\ATen/ops/int_repr_native.h
注意: 包含文件:             D:\APP\AboutCode\Miniconda3\envs\yolo\lib\site-packages\torch\include\ATen/ops/inverse_native.h
注意: 包含文件:             D:\APP\AboutCode\Miniconda3\envs\yolo\lib\site-packages\torch\include\ATen/ops/is_coalesced_native.h
注意: 包含文件:             D:\APP\AboutCode\Miniconda3\envs\yolo\lib\site-packages\torch\include\ATen/ops/is_complex_native.h
注意: 包含文件:             D:\APP\AboutCode\Miniconda3\envs\yolo\lib\site-packages\torch\include\ATen/ops/is_conj_native.h
注意: 包含文件:             D:\APP\AboutCode\Miniconda3\envs\yolo\lib\site-packages\torch\include\ATen/ops/is_distributed_native.h
注意: 包含文件:             D:\APP\AboutCode\Miniconda3\envs\yolo\lib\site-packages\torch\include\ATen/ops/is_floating_point_native.h
注意: 包含文件:             D:\APP\AboutCode\Miniconda3\envs\yolo\lib\site-packages\torch\include\ATen/ops/is_inference_native.h
注意: 包含文件:             D:\APP\AboutCode\Miniconda3\envs\yolo\lib\site-packages\torch\include\ATen/ops/is_leaf_native.h
注意: 包含文件:             D:\APP\AboutCode\Miniconda3\envs\yolo\lib\site-packages\torch\include\ATen/ops/is_neg_native.h
注意: 包含文件:             D:\APP\AboutCode\Miniconda3\envs\yolo\lib\site-packages\torch\include\ATen/ops/is_nonzero_native.h
注意: 包含文件:             D:\APP\AboutCode\Miniconda3\envs\yolo\lib\site-packages\torch\include\ATen/ops/is_pinned_native.h
注意: 包含文件:             D:\APP\AboutCode\Miniconda3\envs\yolo\lib\site-packages\torch\include\ATen/ops/is_same_size_native.h
注意: 包含文件:             D:\APP\AboutCode\Miniconda3\envs\yolo\lib\site-packages\torch\include\ATen/ops/is_set_to_native.h
注意: 包含文件:             D:\APP\AboutCode\Miniconda3\envs\yolo\lib\site-packages\torch\include\ATen/ops/is_signed_native.h
注意: 包含文件:             D:\APP\AboutCode\Miniconda3\envs\yolo\lib\site-packages\torch\include\ATen/ops/is_vulkan_available_native.h
注意: 包含文件:             D:\APP\AboutCode\Miniconda3\envs\yolo\lib\site-packages\torch\include\ATen/ops/isclose_native.h
注意: 包含文件:             D:\APP\AboutCode\Miniconda3\envs\yolo\lib\site-packages\torch\include\ATen/ops/isfinite_native.h
注意: 包含文件:             D:\APP\AboutCode\Miniconda3\envs\yolo\lib\site-packages\torch\include\ATen/ops/isin_native.h
注意: 包含文件:              D:\APP\AboutCode\Miniconda3\envs\yolo\lib\site-packages\torch\include\ATen/ops/isin_meta.h
注意: 包含文件:             D:\APP\AboutCode\Miniconda3\envs\yolo\lib\site-packages\torch\include\ATen/ops/isinf_native.h
注意: 包含文件:             D:\APP\AboutCode\Miniconda3\envs\yolo\lib\site-packages\torch\include\ATen/ops/isnan_native.h
注意: 包含文件:             D:\APP\AboutCode\Miniconda3\envs\yolo\lib\site-packages\torch\include\ATen/ops/isneginf_native.h
注意: 包含文件:              D:\APP\AboutCode\Miniconda3\envs\yolo\lib\site-packages\torch\include\ATen/ops/isneginf_meta.h
注意: 包含文件:             D:\APP\AboutCode\Miniconda3\envs\yolo\lib\site-packages\torch\include\ATen/ops/isposinf_native.h
注意: 包含文件:              D:\APP\AboutCode\Miniconda3\envs\yolo\lib\site-packages\torch\include\ATen/ops/isposinf_meta.h
注意: 包含文件:             D:\APP\AboutCode\Miniconda3\envs\yolo\lib\site-packages\torch\include\ATen/ops/isreal_native.h
注意: 包含文件:             D:\APP\AboutCode\Miniconda3\envs\yolo\lib\site-packages\torch\include\ATen/ops/istft_native.h
注意: 包含文件:             D:\APP\AboutCode\Miniconda3\envs\yolo\lib\site-packages\torch\include\ATen/ops/item_native.h
注意: 包含文件:             D:\APP\AboutCode\Miniconda3\envs\yolo\lib\site-packages\torch\include\ATen/ops/kaiser_window_native.h
注意: 包含文件:             D:\APP\AboutCode\Miniconda3\envs\yolo\lib\site-packages\torch\include\ATen/ops/kl_div_native.h
注意: 包含文件:             D:\APP\AboutCode\Miniconda3\envs\yolo\lib\site-packages\torch\include\ATen/ops/kron_native.h
注意: 包含文件:             D:\APP\AboutCode\Miniconda3\envs\yolo\lib\site-packages\torch\include\ATen/ops/kthvalue_native.h
注意: 包含文件:             D:\APP\AboutCode\Miniconda3\envs\yolo\lib\site-packages\torch\include\ATen/ops/l1_loss_native.h
注意: 包含文件:             D:\APP\AboutCode\Miniconda3\envs\yolo\lib\site-packages\torch\include\ATen/ops/layer_norm_native.h
注意: 包含文件:             D:\APP\AboutCode\Miniconda3\envs\yolo\lib\site-packages\torch\include\ATen/ops/lcm_native.h
注意: 包含文件:              D:\APP\AboutCode\Miniconda3\envs\yolo\lib\site-packages\torch\include\ATen/ops/lcm_meta.h
注意: 包含文件:             D:\APP\AboutCode\Miniconda3\envs\yolo\lib\site-packages\torch\include\ATen/ops/ldexp_native.h
注意: 包含文件:             D:\APP\AboutCode\Miniconda3\envs\yolo\lib\site-packages\torch\include\ATen/ops/le_native.h
注意: 包含文件:              D:\APP\AboutCode\Miniconda3\envs\yolo\lib\site-packages\torch\include\ATen/ops/le_meta.h
注意: 包含文件:             D:\APP\AboutCode\Miniconda3\envs\yolo\lib\site-packages\torch\include\ATen/ops/leaky_relu_native.h
注意: 包含文件:              D:\APP\AboutCode\Miniconda3\envs\yolo\lib\site-packages\torch\include\ATen/ops/leaky_relu_meta.h
注意: 包含文件:             D:\APP\AboutCode\Miniconda3\envs\yolo\lib\site-packages\torch\include\ATen/ops/leaky_relu_backward_native.h
注意: 包含文件:              D:\APP\AboutCode\Miniconda3\envs\yolo\lib\site-packages\torch\include\ATen/ops/leaky_relu_backward_meta.h
注意: 包含文件:             D:\APP\AboutCode\Miniconda3\envs\yolo\lib\site-packages\torch\include\ATen/ops/lerp_native.h
注意: 包含文件:              D:\APP\AboutCode\Miniconda3\envs\yolo\lib\site-packages\torch\include\ATen/ops/lerp_meta.h
注意: 包含文件:             D:\APP\AboutCode\Miniconda3\envs\yolo\lib\site-packages\torch\include\ATen/ops/less_native.h
注意: 包含文件:             D:\APP\AboutCode\Miniconda3\envs\yolo\lib\site-packages\torch\include\ATen/ops/less_equal_native.h
注意: 包含文件:             D:\APP\AboutCode\Miniconda3\envs\yolo\lib\site-packages\torch\include\ATen/ops/lgamma_native.h
注意: 包含文件:              D:\APP\AboutCode\Miniconda3\envs\yolo\lib\site-packages\torch\include\ATen/ops/lgamma_meta.h
注意: 包含文件:             D:\APP\AboutCode\Miniconda3\envs\yolo\lib\site-packages\torch\include\ATen/ops/lift_native.h
注意: 包含文件:             D:\APP\AboutCode\Miniconda3\envs\yolo\lib\site-packages\torch\include\ATen/ops/lift_fresh_native.h
注意: 包含文件:             D:\APP\AboutCode\Miniconda3\envs\yolo\lib\site-packages\torch\include\ATen/ops/lift_fresh_copy_native.h
注意: 包含文件:             D:\APP\AboutCode\Miniconda3\envs\yolo\lib\site-packages\torch\include\ATen/ops/linalg_cholesky_native.h
注意: 包含文件:             D:\APP\AboutCode\Miniconda3\envs\yolo\lib\site-packages\torch\include\ATen/ops/linalg_cholesky_ex_native.h
注意: 包含文件:              D:\APP\AboutCode\Miniconda3\envs\yolo\lib\site-packages\torch\include\ATen/ops/linalg_cholesky_ex_meta.h
注意: 包含文件:             D:\APP\AboutCode\Miniconda3\envs\yolo\lib\site-packages\torch\include\ATen/ops/linalg_cond_native.h
注意: 包含文件:             D:\APP\AboutCode\Miniconda3\envs\yolo\lib\site-packages\torch\include\ATen/ops/linalg_cross_native.h
注意: 包含文件:              D:\APP\AboutCode\Miniconda3\envs\yolo\lib\site-packages\torch\include\ATen/ops/linalg_cross_meta.h
注意: 包含文件:             D:\APP\AboutCode\Miniconda3\envs\yolo\lib\site-packages\torch\include\ATen/ops/linalg_det_native.h
注意: 包含文件:             D:\APP\AboutCode\Miniconda3\envs\yolo\lib\site-packages\torch\include\ATen/ops/linalg_diagonal_native.h
注意: 包含文件:             D:\APP\AboutCode\Miniconda3\envs\yolo\lib\site-packages\torch\include\ATen/ops/linalg_eig_native.h
注意: 包含文件:             D:\APP\AboutCode\Miniconda3\envs\yolo\lib\site-packages\torch\include\ATen/ops/linalg_eigh_native.h
注意: 包含文件:             D:\APP\AboutCode\Miniconda3\envs\yolo\lib\site-packages\torch\include\ATen/ops/linalg_eigvals_native.h
注意: 包含文件:             D:\APP\AboutCode\Miniconda3\envs\yolo\lib\site-packages\torch\include\ATen/ops/linalg_eigvalsh_native.h
注意: 包含文件:             D:\APP\AboutCode\Miniconda3\envs\yolo\lib\site-packages\torch\include\ATen/ops/linalg_householder_product_native.h
注意: 包含文件:             D:\APP\AboutCode\Miniconda3\envs\yolo\lib\site-packages\torch\include\ATen/ops/linalg_inv_native.h
注意: 包含文件:             D:\APP\AboutCode\Miniconda3\envs\yolo\lib\site-packages\torch\include\ATen/ops/linalg_inv_ex_native.h
注意: 包含文件:              D:\APP\AboutCode\Miniconda3\envs\yolo\lib\site-packages\torch\include\ATen/ops/linalg_inv_ex_meta.h
注意: 包含文件:             D:\APP\AboutCode\Miniconda3\envs\yolo\lib\site-packages\torch\include\ATen/ops/linalg_ldl_factor_native.h
注意: 包含文件:             D:\APP\AboutCode\Miniconda3\envs\yolo\lib\site-packages\torch\include\ATen/ops/linalg_ldl_factor_ex_native.h
注意: 包含文件:              D:\APP\AboutCode\Miniconda3\envs\yolo\lib\site-packages\torch\include\ATen/ops/linalg_ldl_factor_ex_meta.h
注意: 包含文件:             D:\APP\AboutCode\Miniconda3\envs\yolo\lib\site-packages\torch\include\ATen/ops/linalg_ldl_solve_native.h
注意: 包含文件:              D:\APP\AboutCode\Miniconda3\envs\yolo\lib\site-packages\torch\include\ATen/ops/linalg_ldl_solve_meta.h
注意: 包含文件:             D:\APP\AboutCode\Miniconda3\envs\yolo\lib\site-packages\torch\include\ATen/ops/linalg_lstsq_native.h
注意: 包含文件:             D:\APP\AboutCode\Miniconda3\envs\yolo\lib\site-packages\torch\include\ATen/ops/linalg_lu_native.h
注意: 包含文件:              D:\APP\AboutCode\Miniconda3\envs\yolo\lib\site-packages\torch\include\ATen/ops/linalg_lu_meta.h
注意: 包含文件:             D:\APP\AboutCode\Miniconda3\envs\yolo\lib\site-packages\torch\include\ATen/ops/linalg_lu_factor_native.h
注意: 包含文件:             D:\APP\AboutCode\Miniconda3\envs\yolo\lib\site-packages\torch\include\ATen/ops/linalg_lu_factor_ex_native.h
注意: 包含文件:              D:\APP\AboutCode\Miniconda3\envs\yolo\lib\site-packages\torch\include\ATen/ops/linalg_lu_factor_ex_meta.h
注意: 包含文件:             D:\APP\AboutCode\Miniconda3\envs\yolo\lib\site-packages\torch\include\ATen/ops/linalg_lu_solve_native.h
注意: 包含文件:              D:\APP\AboutCode\Miniconda3\envs\yolo\lib\site-packages\torch\include\ATen/ops/linalg_lu_solve_meta.h
注意: 包含文件:             D:\APP\AboutCode\Miniconda3\envs\yolo\lib\site-packages\torch\include\ATen/ops/linalg_matmul_native.h
注意: 包含文件:             D:\APP\AboutCode\Miniconda3\envs\yolo\lib\site-packages\torch\include\ATen/ops/linalg_matrix_exp_native.h
注意: 包含文件:             D:\APP\AboutCode\Miniconda3\envs\yolo\lib\site-packages\torch\include\ATen/ops/linalg_matrix_norm_native.h
注意: 包含文件:             D:\APP\AboutCode\Miniconda3\envs\yolo\lib\site-packages\torch\include\ATen/ops/linalg_matrix_power_native.h
注意: 包含文件:             D:\APP\AboutCode\Miniconda3\envs\yolo\lib\site-packages\torch\include\ATen/ops/linalg_matrix_rank_native.h
注意: 包含文件:             D:\APP\AboutCode\Miniconda3\envs\yolo\lib\site-packages\torch\include\ATen/ops/linalg_multi_dot_native.h
注意: 包含文件:             D:\APP\AboutCode\Miniconda3\envs\yolo\lib\site-packages\torch\include\ATen/ops/linalg_norm_native.h
注意: 包含文件:             D:\APP\AboutCode\Miniconda3\envs\yolo\lib\site-packages\torch\include\ATen/ops/linalg_pinv_native.h
注意: 包含文件:             D:\APP\AboutCode\Miniconda3\envs\yolo\lib\site-packages\torch\include\ATen/ops/linalg_qr_native.h
注意: 包含文件:              D:\APP\AboutCode\Miniconda3\envs\yolo\lib\site-packages\torch\include\ATen/ops/linalg_qr_meta.h
注意: 包含文件:             D:\APP\AboutCode\Miniconda3\envs\yolo\lib\site-packages\torch\include\ATen/ops/linalg_slogdet_native.h
注意: 包含文件:             D:\APP\AboutCode\Miniconda3\envs\yolo\lib\site-packages\torch\include\ATen/ops/linalg_solve_native.h
注意: 包含文件:             D:\APP\AboutCode\Miniconda3\envs\yolo\lib\site-packages\torch\include\ATen/ops/linalg_solve_ex_native.h
注意: 包含文件:             D:\APP\AboutCode\Miniconda3\envs\yolo\lib\site-packages\torch\include\ATen/ops/linalg_solve_triangular_native.h
注意: 包含文件:             D:\APP\AboutCode\Miniconda3\envs\yolo\lib\site-packages\torch\include\ATen/ops/linalg_svd_native.h
注意: 包含文件:             D:\APP\AboutCode\Miniconda3\envs\yolo\lib\site-packages\torch\include\ATen/ops/linalg_svdvals_native.h
注意: 包含文件:             D:\APP\AboutCode\Miniconda3\envs\yolo\lib\site-packages\torch\include\ATen/ops/linalg_tensorinv_native.h
注意: 包含文件:             D:\APP\AboutCode\Miniconda3\envs\yolo\lib\site-packages\torch\include\ATen/ops/linalg_tensorsolve_native.h
注意: 包含文件:             D:\APP\AboutCode\Miniconda3\envs\yolo\lib\site-packages\torch\include\ATen/ops/linalg_vander_native.h
注意: 包含文件:             D:\APP\AboutCode\Miniconda3\envs\yolo\lib\site-packages\torch\include\ATen/ops/linalg_vecdot_native.h
注意: 包含文件:             D:\APP\AboutCode\Miniconda3\envs\yolo\lib\site-packages\torch\include\ATen/ops/linalg_vector_norm_native.h
注意: 包含文件:              D:\APP\AboutCode\Miniconda3\envs\yolo\lib\site-packages\torch\include\ATen/ops/linalg_vector_norm_meta.h
注意: 包含文件:             D:\APP\AboutCode\Miniconda3\envs\yolo\lib\site-packages\torch\include\ATen/ops/linear_native.h
注意: 包含文件:             D:\APP\AboutCode\Miniconda3\envs\yolo\lib\site-packages\torch\include\ATen/ops/linear_backward_native.h
注意: 包含文件:             D:\APP\AboutCode\Miniconda3\envs\yolo\lib\site-packages\torch\include\ATen/ops/linspace_native.h
注意: 包含文件:             D:\APP\AboutCode\Miniconda3\envs\yolo\lib\site-packages\torch\include\ATen/ops/log_native.h
注意: 包含文件:              D:\APP\AboutCode\Miniconda3\envs\yolo\lib\site-packages\torch\include\ATen/ops/log_meta.h
注意: 包含文件:             D:\APP\AboutCode\Miniconda3\envs\yolo\lib\site-packages\torch\include\ATen/ops/log10_native.h
注意: 包含文件:              D:\APP\AboutCode\Miniconda3\envs\yolo\lib\site-packages\torch\include\ATen/ops/log10_meta.h
注意: 包含文件:             D:\APP\AboutCode\Miniconda3\envs\yolo\lib\site-packages\torch\include\ATen/ops/log1p_native.h
注意: 包含文件:              D:\APP\AboutCode\Miniconda3\envs\yolo\lib\site-packages\torch\include\ATen/ops/log1p_meta.h
注意: 包含文件:             D:\APP\AboutCode\Miniconda3\envs\yolo\lib\site-packages\torch\include\ATen/ops/log2_native.h
注意: 包含文件:              D:\APP\AboutCode\Miniconda3\envs\yolo\lib\site-packages\torch\include\ATen/ops/log2_meta.h
注意: 包含文件:             D:\APP\AboutCode\Miniconda3\envs\yolo\lib\site-packages\torch\include\ATen/ops/log_normal_native.h
注意: 包含文件:             D:\APP\AboutCode\Miniconda3\envs\yolo\lib\site-packages\torch\include\ATen/ops/log_sigmoid_native.h
注意: 包含文件:             D:\APP\AboutCode\Miniconda3\envs\yolo\lib\site-packages\torch\include\ATen/ops/log_sigmoid_backward_native.h
注意: 包含文件:             D:\APP\AboutCode\Miniconda3\envs\yolo\lib\site-packages\torch\include\ATen/ops/log_sigmoid_forward_native.h
注意: 包含文件:             D:\APP\AboutCode\Miniconda3\envs\yolo\lib\site-packages\torch\include\ATen/ops/log_softmax_native.h
注意: 包含文件:             D:\APP\AboutCode\Miniconda3\envs\yolo\lib\site-packages\torch\include\ATen/ops/logaddexp_native.h
注意: 包含文件:              D:\APP\AboutCode\Miniconda3\envs\yolo\lib\site-packages\torch\include\ATen/ops/logaddexp_meta.h
注意: 包含文件:             D:\APP\AboutCode\Miniconda3\envs\yolo\lib\site-packages\torch\include\ATen/ops/logaddexp2_native.h
注意: 包含文件:              D:\APP\AboutCode\Miniconda3\envs\yolo\lib\site-packages\torch\include\ATen/ops/logaddexp2_meta.h
注意: 包含文件:             D:\APP\AboutCode\Miniconda3\envs\yolo\lib\site-packages\torch\include\ATen/ops/logcumsumexp_native.h
注意: 包含文件:             D:\APP\AboutCode\Miniconda3\envs\yolo\lib\site-packages\torch\include\ATen/ops/logdet_native.h
注意: 包含文件:             D:\APP\AboutCode\Miniconda3\envs\yolo\lib\site-packages\torch\include\ATen/ops/logical_and_native.h
注意: 包含文件:             D:\APP\AboutCode\Miniconda3\envs\yolo\lib\site-packages\torch\include\ATen/ops/logical_not_native.h
注意: 包含文件:             D:\APP\AboutCode\Miniconda3\envs\yolo\lib\site-packages\torch\include\ATen/ops/logical_or_native.h
注意: 包含文件:             D:\APP\AboutCode\Miniconda3\envs\yolo\lib\site-packages\torch\include\ATen/ops/logical_xor_native.h
注意: 包含文件:             D:\APP\AboutCode\Miniconda3\envs\yolo\lib\site-packages\torch\include\ATen/ops/logit_native.h
注意: 包含文件:             D:\APP\AboutCode\Miniconda3\envs\yolo\lib\site-packages\torch\include\ATen/ops/logit_backward_native.h
注意: 包含文件:              D:\APP\AboutCode\Miniconda3\envs\yolo\lib\site-packages\torch\include\ATen/ops/logit_backward_meta.h
注意: 包含文件:             D:\APP\AboutCode\Miniconda3\envs\yolo\lib\site-packages\torch\include\ATen/ops/logspace_native.h
注意: 包含文件:             D:\APP\AboutCode\Miniconda3\envs\yolo\lib\site-packages\torch\include\ATen/ops/logsumexp_native.h
注意: 包含文件:             D:\APP\AboutCode\Miniconda3\envs\yolo\lib\site-packages\torch\include\ATen/ops/lshift_native.h
注意: 包含文件:             D:\APP\AboutCode\Miniconda3\envs\yolo\lib\site-packages\torch\include\ATen/ops/lstm_native.h
注意: 包含文件:             D:\APP\AboutCode\Miniconda3\envs\yolo\lib\site-packages\torch\include\ATen/ops/lstm_cell_native.h
注意: 包含文件:             D:\APP\AboutCode\Miniconda3\envs\yolo\lib\site-packages\torch\include\ATen/ops/lstm_mps_backward_native.h
注意: 包含文件:             D:\APP\AboutCode\Miniconda3\envs\yolo\lib\site-packages\torch\include\ATen/ops/lt_native.h
注意: 包含文件:              D:\APP\AboutCode\Miniconda3\envs\yolo\lib\site-packages\torch\include\ATen/ops/lt_meta.h
注意: 包含文件:             D:\APP\AboutCode\Miniconda3\envs\yolo\lib\site-packages\torch\include\ATen/ops/lu_solve_native.h
注意: 包含文件:             D:\APP\AboutCode\Miniconda3\envs\yolo\lib\site-packages\torch\include\ATen/ops/lu_unpack_native.h
注意: 包含文件:              D:\APP\AboutCode\Miniconda3\envs\yolo\lib\site-packages\torch\include\ATen/ops/lu_unpack_meta.h
注意: 包含文件:             D:\APP\AboutCode\Miniconda3\envs\yolo\lib\site-packages\torch\include\ATen/ops/mH_native.h
注意: 包含文件:             D:\APP\AboutCode\Miniconda3\envs\yolo\lib\site-packages\torch\include\ATen/ops/mT_native.h
注意: 包含文件:             D:\APP\AboutCode\Miniconda3\envs\yolo\lib\site-packages\torch\include\ATen/ops/margin_ranking_loss_native.h
注意: 包含文件:             D:\APP\AboutCode\Miniconda3\envs\yolo\lib\site-packages\torch\include\ATen/ops/masked_fill_native.h
注意: 包含文件:             D:\APP\AboutCode\Miniconda3\envs\yolo\lib\site-packages\torch\include\ATen/ops/masked_scatter_native.h
注意: 包含文件:             D:\APP\AboutCode\Miniconda3\envs\yolo\lib\site-packages\torch\include\ATen/ops/masked_scatter_backward_native.h
注意: 包含文件:             D:\APP\AboutCode\Miniconda3\envs\yolo\lib\site-packages\torch\include\ATen/ops/masked_select_native.h
注意: 包含文件:             D:\APP\AboutCode\Miniconda3\envs\yolo\lib\site-packages\torch\include\ATen/ops/masked_select_backward_native.h
注意: 包含文件:             D:\APP\AboutCode\Miniconda3\envs\yolo\lib\site-packages\torch\include\ATen/ops/matmul_native.h
注意: 包含文件:             D:\APP\AboutCode\Miniconda3\envs\yolo\lib\site-packages\torch\include\ATen/ops/matmul_backward_native.h
注意: 包含文件:             D:\APP\AboutCode\Miniconda3\envs\yolo\lib\site-packages\torch\include\ATen/ops/matrix_H_native.h
注意: 包含文件:             D:\APP\AboutCode\Miniconda3\envs\yolo\lib\site-packages\torch\include\ATen/ops/matrix_exp_native.h
注意: 包含文件:             D:\APP\AboutCode\Miniconda3\envs\yolo\lib\site-packages\torch\include\ATen/ops/matrix_exp_backward_native.h
注意: 包含文件:             D:\APP\AboutCode\Miniconda3\envs\yolo\lib\site-packages\torch\include\ATen/ops/matrix_power_native.h
注意: 包含文件:             D:\APP\AboutCode\Miniconda3\envs\yolo\lib\site-packages\torch\include\ATen/ops/max_native.h
注意: 包含文件:              D:\APP\AboutCode\Miniconda3\envs\yolo\lib\site-packages\torch\include\ATen/ops/max_meta.h
注意: 包含文件:             D:\APP\AboutCode\Miniconda3\envs\yolo\lib\site-packages\torch\include\ATen/ops/max_pool1d_native.h
注意: 包含文件:             D:\APP\AboutCode\Miniconda3\envs\yolo\lib\site-packages\torch\include\ATen/ops/max_pool1d_with_indices_native.h
注意: 包含文件:             D:\APP\AboutCode\Miniconda3\envs\yolo\lib\site-packages\torch\include\ATen/ops/max_pool2d_native.h
注意: 包含文件:             D:\APP\AboutCode\Miniconda3\envs\yolo\lib\site-packages\torch\include\ATen/ops/max_pool2d_backward_native.h
注意: 包含文件:             D:\APP\AboutCode\Miniconda3\envs\yolo\lib\site-packages\torch\include\ATen/ops/max_pool2d_with_indices_native.h
注意: 包含文件:              D:\APP\AboutCode\Miniconda3\envs\yolo\lib\site-packages\torch\include\ATen/ops/max_pool2d_with_indices_meta.h
注意: 包含文件:             D:\APP\AboutCode\Miniconda3\envs\yolo\lib\site-packages\torch\include\ATen/ops/max_pool2d_with_indices_backward_native.h
注意: 包含文件:              D:\APP\AboutCode\Miniconda3\envs\yolo\lib\site-packages\torch\include\ATen/ops/max_pool2d_with_indices_backward_meta.h
注意: 包含文件:             D:\APP\AboutCode\Miniconda3\envs\yolo\lib\site-packages\torch\include\ATen/ops/max_pool3d_native.h
注意: 包含文件:             D:\APP\AboutCode\Miniconda3\envs\yolo\lib\site-packages\torch\include\ATen/ops/max_pool3d_with_indices_native.h
注意: 包含文件:             D:\APP\AboutCode\Miniconda3\envs\yolo\lib\site-packages\torch\include\ATen/ops/max_pool3d_with_indices_backward_native.h
注意: 包含文件:             D:\APP\AboutCode\Miniconda3\envs\yolo\lib\site-packages\torch\include\ATen/ops/max_unpool2d_native.h
注意: 包含文件:             D:\APP\AboutCode\Miniconda3\envs\yolo\lib\site-packages\torch\include\ATen/ops/max_unpool3d_native.h
注意: 包含文件:             D:\APP\AboutCode\Miniconda3\envs\yolo\lib\site-packages\torch\include\ATen/ops/maximum_native.h
注意: 包含文件:              D:\APP\AboutCode\Miniconda3\envs\yolo\lib\site-packages\torch\include\ATen/ops/maximum_meta.h
注意: 包含文件:             D:\APP\AboutCode\Miniconda3\envs\yolo\lib\site-packages\torch\include\ATen/ops/mean_native.h
注意: 包含文件:              D:\APP\AboutCode\Miniconda3\envs\yolo\lib\site-packages\torch\include\ATen/ops/mean_meta.h
注意: 包含文件:             D:\APP\AboutCode\Miniconda3\envs\yolo\lib\site-packages\torch\include\ATen/ops/median_native.h
注意: 包含文件:             D:\APP\AboutCode\Miniconda3\envs\yolo\lib\site-packages\torch\include\ATen/ops/meshgrid_native.h
注意: 包含文件:             D:\APP\AboutCode\Miniconda3\envs\yolo\lib\site-packages\torch\include\ATen/ops/min_native.h
注意: 包含文件:              D:\APP\AboutCode\Miniconda3\envs\yolo\lib\site-packages\torch\include\ATen/ops/min_meta.h
注意: 包含文件:             D:\APP\AboutCode\Miniconda3\envs\yolo\lib\site-packages\torch\include\ATen/ops/minimum_native.h
注意: 包含文件:              D:\APP\AboutCode\Miniconda3\envs\yolo\lib\site-packages\torch\include\ATen/ops/minimum_meta.h
注意: 包含文件:             D:\APP\AboutCode\Miniconda3\envs\yolo\lib\site-packages\torch\include\ATen/ops/miopen_batch_norm_native.h
注意: 包含文件:             D:\APP\AboutCode\Miniconda3\envs\yolo\lib\site-packages\torch\include\ATen/ops/miopen_batch_norm_backward_native.h
注意: 包含文件:             D:\APP\AboutCode\Miniconda3\envs\yolo\lib\site-packages\torch\include\ATen/ops/miopen_convolution_native.h
注意: 包含文件:             D:\APP\AboutCode\Miniconda3\envs\yolo\lib\site-packages\torch\include\ATen/ops/miopen_convolution_add_relu_native.h
注意: 包含文件:             D:\APP\AboutCode\Miniconda3\envs\yolo\lib\site-packages\torch\include\ATen/ops/miopen_convolution_relu_native.h
注意: 包含文件:             D:\APP\AboutCode\Miniconda3\envs\yolo\lib\site-packages\torch\include\ATen/ops/miopen_convolution_transpose_native.h
注意: 包含文件:             D:\APP\AboutCode\Miniconda3\envs\yolo\lib\site-packages\torch\include\ATen/ops/miopen_depthwise_convolution_native.h
注意: 包含文件:             D:\APP\AboutCode\Miniconda3\envs\yolo\lib\site-packages\torch\include\ATen/ops/miopen_rnn_native.h
注意: 包含文件:             D:\APP\AboutCode\Miniconda3\envs\yolo\lib\site-packages\torch\include\ATen/ops/miopen_rnn_backward_native.h
注意: 包含文件:             D:\APP\AboutCode\Miniconda3\envs\yolo\lib\site-packages\torch\include\ATen/ops/mish_native.h
注意: 包含文件:              D:\APP\AboutCode\Miniconda3\envs\yolo\lib\site-packages\torch\include\ATen/ops/mish_meta.h
注意: 包含文件:             D:\APP\AboutCode\Miniconda3\envs\yolo\lib\site-packages\torch\include\ATen/ops/mish_backward_native.h
注意: 包含文件:             D:\APP\AboutCode\Miniconda3\envs\yolo\lib\site-packages\torch\include\ATen/ops/mkldnn_adaptive_avg_pool2d_native.h
注意: 包含文件:             D:\APP\AboutCode\Miniconda3\envs\yolo\lib\site-packages\torch\include\ATen/ops/mkldnn_adaptive_avg_pool2d_backward_native.h
注意: 包含文件:             D:\APP\AboutCode\Miniconda3\envs\yolo\lib\site-packages\torch\include\ATen/ops/mkldnn_convolution_native.h
注意: 包含文件:             D:\APP\AboutCode\Miniconda3\envs\yolo\lib\site-packages\torch\include\ATen/ops/mkldnn_linear_native.h
注意: 包含文件:             D:\APP\AboutCode\Miniconda3\envs\yolo\lib\site-packages\torch\include\ATen/ops/mkldnn_linear_backward_native.h
注意: 包含文件:             D:\APP\AboutCode\Miniconda3\envs\yolo\lib\site-packages\torch\include\ATen/ops/mkldnn_linear_backward_input_native.h
注意: 包含文件:             D:\APP\AboutCode\Miniconda3\envs\yolo\lib\site-packages\torch\include\ATen/ops/mkldnn_linear_backward_weights_native.h
注意: 包含文件:             D:\APP\AboutCode\Miniconda3\envs\yolo\lib\site-packages\torch\include\ATen/ops/mkldnn_max_pool2d_native.h
注意: 包含文件:             D:\APP\AboutCode\Miniconda3\envs\yolo\lib\site-packages\torch\include\ATen/ops/mkldnn_max_pool2d_backward_native.h
注意: 包含文件:             D:\APP\AboutCode\Miniconda3\envs\yolo\lib\site-packages\torch\include\ATen/ops/mkldnn_max_pool3d_native.h
注意: 包含文件:             D:\APP\AboutCode\Miniconda3\envs\yolo\lib\site-packages\torch\include\ATen/ops/mkldnn_max_pool3d_backward_native.h
注意: 包含文件:             D:\APP\AboutCode\Miniconda3\envs\yolo\lib\site-packages\torch\include\ATen/ops/mkldnn_reorder_conv2d_weight_native.h
注意: 包含文件:             D:\APP\AboutCode\Miniconda3\envs\yolo\lib\site-packages\torch\include\ATen/ops/mkldnn_reorder_conv3d_weight_native.h
注意: 包含文件:             D:\APP\AboutCode\Miniconda3\envs\yolo\lib\site-packages\torch\include\ATen/ops/mkldnn_rnn_layer_native.h
注意: 包含文件:             D:\APP\AboutCode\Miniconda3\envs\yolo\lib\site-packages\torch\include\ATen/ops/mkldnn_rnn_layer_backward_native.h
注意: 包含文件:             D:\APP\AboutCode\Miniconda3\envs\yolo\lib\site-packages\torch\include\ATen/ops/mm_native.h
注意: 包含文件:              D:\APP\AboutCode\Miniconda3\envs\yolo\lib\site-packages\torch\include\ATen/ops/mm_meta.h
注意: 包含文件:             D:\APP\AboutCode\Miniconda3\envs\yolo\lib\site-packages\torch\include\ATen/ops/mode_native.h
注意: 包含文件:             D:\APP\AboutCode\Miniconda3\envs\yolo\lib\site-packages\torch\include\ATen/ops/moveaxis_native.h
注意: 包含文件:             D:\APP\AboutCode\Miniconda3\envs\yolo\lib\site-packages\torch\include\ATen/ops/movedim_native.h
注意: 包含文件:             D:\APP\AboutCode\Miniconda3\envs\yolo\lib\site-packages\torch\include\ATen/ops/mps_convolution_backward_native.h
注意: 包含文件:             D:\APP\AboutCode\Miniconda3\envs\yolo\lib\site-packages\torch\include\ATen/ops/mps_convolution_transpose_backward_native.h
注意: 包含文件:             D:\APP\AboutCode\Miniconda3\envs\yolo\lib\site-packages\torch\include\ATen/ops/mse_loss_native.h
注意: 包含文件:              D:\APP\AboutCode\Miniconda3\envs\yolo\lib\site-packages\torch\include\ATen/ops/mse_loss_meta.h
注意: 包含文件:             D:\APP\AboutCode\Miniconda3\envs\yolo\lib\site-packages\torch\include\ATen/ops/mse_loss_backward_native.h
注意: 包含文件:             D:\APP\AboutCode\Miniconda3\envs\yolo\lib\site-packages\torch\include\ATen/ops/msort_native.h
注意: 包含文件:             D:\APP\AboutCode\Miniconda3\envs\yolo\lib\site-packages\torch\include\ATen/ops/mul_native.h
注意: 包含文件:              D:\APP\AboutCode\Miniconda3\envs\yolo\lib\site-packages\torch\include\ATen/ops/mul_meta.h
注意: 包含文件:             D:\APP\AboutCode\Miniconda3\envs\yolo\lib\site-packages\torch\include\ATen/ops/multi_margin_loss_native.h
注意: 包含文件:             D:\APP\AboutCode\Miniconda3\envs\yolo\lib\site-packages\torch\include\ATen/ops/multi_margin_loss_backward_native.h
注意: 包含文件:             D:\APP\AboutCode\Miniconda3\envs\yolo\lib\site-packages\torch\include\ATen/ops/multilabel_margin_loss_native.h
注意: 包含文件:             D:\APP\AboutCode\Miniconda3\envs\yolo\lib\site-packages\torch\include\ATen/ops/multilabel_margin_loss_backward_native.h
注意: 包含文件:             D:\APP\AboutCode\Miniconda3\envs\yolo\lib\site-packages\torch\include\ATen/ops/multilabel_margin_loss_forward_native.h
注意: 包含文件:             D:\APP\AboutCode\Miniconda3\envs\yolo\lib\site-packages\torch\include\ATen/ops/multinomial_native.h
注意: 包含文件:             D:\APP\AboutCode\Miniconda3\envs\yolo\lib\site-packages\torch\include\ATen/ops/multiply_native.h
注意: 包含文件:             D:\APP\AboutCode\Miniconda3\envs\yolo\lib\site-packages\torch\include\ATen/ops/mv_native.h
注意: 包含文件:             D:\APP\AboutCode\Miniconda3\envs\yolo\lib\site-packages\torch\include\ATen/ops/mvlgamma_native.h
注意: 包含文件:             D:\APP\AboutCode\Miniconda3\envs\yolo\lib\site-packages\torch\include\ATen/ops/nan_to_num_native.h
注意: 包含文件:             D:\APP\AboutCode\Miniconda3\envs\yolo\lib\site-packages\torch\include\ATen/ops/nanmean_native.h
注意: 包含文件:             D:\APP\AboutCode\Miniconda3\envs\yolo\lib\site-packages\torch\include\ATen/ops/nanmedian_native.h
注意: 包含文件:             D:\APP\AboutCode\Miniconda3\envs\yolo\lib\site-packages\torch\include\ATen/ops/nanquantile_native.h
注意: 包含文件:             D:\APP\AboutCode\Miniconda3\envs\yolo\lib\site-packages\torch\include\ATen/ops/nansum_native.h
注意: 包含文件:             D:\APP\AboutCode\Miniconda3\envs\yolo\lib\site-packages\torch\include\ATen/ops/narrow_native.h
注意: 包含文件:             D:\APP\AboutCode\Miniconda3\envs\yolo\lib\site-packages\torch\include\ATen/ops/narrow_copy_native.h
注意: 包含文件:             D:\APP\AboutCode\Miniconda3\envs\yolo\lib\site-packages\torch\include\ATen/ops/native_batch_norm_native.h
注意: 包含文件:             D:\APP\AboutCode\Miniconda3\envs\yolo\lib\site-packages\torch\include\ATen/ops/native_batch_norm_backward_native.h
注意: 包含文件:             D:\APP\AboutCode\Miniconda3\envs\yolo\lib\site-packages\torch\include\ATen/ops/native_channel_shuffle_native.h
注意: 包含文件:             D:\APP\AboutCode\Miniconda3\envs\yolo\lib\site-packages\torch\include\ATen/ops/native_dropout_native.h
注意: 包含文件:             D:\APP\AboutCode\Miniconda3\envs\yolo\lib\site-packages\torch\include\ATen/ops/native_dropout_backward_native.h
注意: 包含文件:             D:\APP\AboutCode\Miniconda3\envs\yolo\lib\site-packages\torch\include\ATen/ops/native_group_norm_native.h
注意: 包含文件:             D:\APP\AboutCode\Miniconda3\envs\yolo\lib\site-packages\torch\include\ATen/ops/native_group_norm_backward_native.h
注意: 包含文件:             D:\APP\AboutCode\Miniconda3\envs\yolo\lib\site-packages\torch\include\ATen/ops/native_layer_norm_native.h
注意: 包含文件:             D:\APP\AboutCode\Miniconda3\envs\yolo\lib\site-packages\torch\include\ATen/ops/native_layer_norm_backward_native.h
注意: 包含文件:             D:\APP\AboutCode\Miniconda3\envs\yolo\lib\site-packages\torch\include\ATen/ops/native_norm_native.h
注意: 包含文件:             D:\APP\AboutCode\Miniconda3\envs\yolo\lib\site-packages\torch\include\ATen/ops/ne_native.h
注意: 包含文件:              D:\APP\AboutCode\Miniconda3\envs\yolo\lib\site-packages\torch\include\ATen/ops/ne_meta.h
注意: 包含文件:             D:\APP\AboutCode\Miniconda3\envs\yolo\lib\site-packages\torch\include\ATen/ops/neg_native.h
注意: 包含文件:              D:\APP\AboutCode\Miniconda3\envs\yolo\lib\site-packages\torch\include\ATen/ops/neg_meta.h
注意: 包含文件:             D:\APP\AboutCode\Miniconda3\envs\yolo\lib\site-packages\torch\include\ATen/ops/negative_native.h
注意: 包含文件:             D:\APP\AboutCode\Miniconda3\envs\yolo\lib\site-packages\torch\include\ATen/ops/nested_to_padded_tensor_native.h
注意: 包含文件:             D:\APP\AboutCode\Miniconda3\envs\yolo\lib\site-packages\torch\include\ATen/ops/new_empty_native.h
注意: 包含文件:             D:\APP\AboutCode\Miniconda3\envs\yolo\lib\site-packages\torch\include\ATen/ops/new_empty_strided_native.h
注意: 包含文件:             D:\APP\AboutCode\Miniconda3\envs\yolo\lib\site-packages\torch\include\ATen/ops/new_full_native.h
注意: 包含文件:             D:\APP\AboutCode\Miniconda3\envs\yolo\lib\site-packages\torch\include\ATen/ops/new_ones_native.h
注意: 包含文件:             D:\APP\AboutCode\Miniconda3\envs\yolo\lib\site-packages\torch\include\ATen/ops/new_zeros_native.h
注意: 包含文件:             D:\APP\AboutCode\Miniconda3\envs\yolo\lib\site-packages\torch\include\ATen/ops/nextafter_native.h
注意: 包含文件:              D:\APP\AboutCode\Miniconda3\envs\yolo\lib\site-packages\torch\include\ATen/ops/nextafter_meta.h
注意: 包含文件:             D:\APP\AboutCode\Miniconda3\envs\yolo\lib\site-packages\torch\include\ATen/ops/nll_loss_native.h
注意: 包含文件:             D:\APP\AboutCode\Miniconda3\envs\yolo\lib\site-packages\torch\include\ATen/ops/nll_loss2d_native.h
注意: 包含文件:             D:\APP\AboutCode\Miniconda3\envs\yolo\lib\site-packages\torch\include\ATen/ops/nll_loss2d_backward_native.h
注意: 包含文件:             D:\APP\AboutCode\Miniconda3\envs\yolo\lib\site-packages\torch\include\ATen/ops/nll_loss2d_forward_native.h
注意: 包含文件:             D:\APP\AboutCode\Miniconda3\envs\yolo\lib\site-packages\torch\include\ATen/ops/nll_loss_backward_native.h
注意: 包含文件:              D:\APP\AboutCode\Miniconda3\envs\yolo\lib\site-packages\torch\include\ATen/ops/nll_loss_backward_meta.h
注意: 包含文件:             D:\APP\AboutCode\Miniconda3\envs\yolo\lib\site-packages\torch\include\ATen/ops/nll_loss_forward_native.h
注意: 包含文件:              D:\APP\AboutCode\Miniconda3\envs\yolo\lib\site-packages\torch\include\ATen/ops/nll_loss_forward_meta.h
注意: 包含文件:             D:\APP\AboutCode\Miniconda3\envs\yolo\lib\site-packages\torch\include\ATen/ops/nll_loss_nd_native.h
注意: 包含文件:             D:\APP\AboutCode\Miniconda3\envs\yolo\lib\site-packages\torch\include\ATen/ops/nonzero_native.h
注意: 包含文件:             D:\APP\AboutCode\Miniconda3\envs\yolo\lib\site-packages\torch\include\ATen/ops/nonzero_numpy_native.h
注意: 包含文件:             D:\APP\AboutCode\Miniconda3\envs\yolo\lib\site-packages\torch\include\ATen/ops/nonzero_static_native.h
注意: 包含文件:             D:\APP\AboutCode\Miniconda3\envs\yolo\lib\site-packages\torch\include\ATen/ops/norm_native.h
注意: 包含文件:              D:\APP\AboutCode\Miniconda3\envs\yolo\lib\site-packages\torch\include\ATen/ops/norm_meta.h
注意: 包含文件:             D:\APP\AboutCode\Miniconda3\envs\yolo\lib\site-packages\torch\include\ATen/ops/norm_except_dim_native.h
注意: 包含文件:             D:\APP\AboutCode\Miniconda3\envs\yolo\lib\site-packages\torch\include\ATen/ops/normal_native.h
注意: 包含文件:             D:\APP\AboutCode\Miniconda3\envs\yolo\lib\site-packages\torch\include\ATen/ops/not_equal_native.h
注意: 包含文件:             D:\APP\AboutCode\Miniconda3\envs\yolo\lib\site-packages\torch\include\ATen/ops/nuclear_norm_native.h
注意: 包含文件:             D:\APP\AboutCode\Miniconda3\envs\yolo\lib\site-packages\torch\include\ATen/ops/numpy_T_native.h
注意: 包含文件:             D:\APP\AboutCode\Miniconda3\envs\yolo\lib\site-packages\torch\include\ATen/ops/one_hot_native.h
注意: 包含文件:             D:\APP\AboutCode\Miniconda3\envs\yolo\lib\site-packages\torch\include\ATen/ops/ones_native.h
注意: 包含文件:             D:\APP\AboutCode\Miniconda3\envs\yolo\lib\site-packages\torch\include\ATen/ops/ones_like_native.h
注意: 包含文件:             D:\APP\AboutCode\Miniconda3\envs\yolo\lib\site-packages\torch\include\ATen/ops/or_native.h
注意: 包含文件:             D:\APP\AboutCode\Miniconda3\envs\yolo\lib\site-packages\torch\include\ATen/ops/orgqr_native.h
注意: 包含文件:             D:\APP\AboutCode\Miniconda3\envs\yolo\lib\site-packages\torch\include\ATen/ops/ormqr_native.h
注意: 包含文件:             D:\APP\AboutCode\Miniconda3\envs\yolo\lib\site-packages\torch\include\ATen/ops/outer_native.h
注意: 包含文件:             D:\APP\AboutCode\Miniconda3\envs\yolo\lib\site-packages\torch\include\ATen/ops/output_nr_native.h
注意: 包含文件:             D:\APP\AboutCode\Miniconda3\envs\yolo\lib\site-packages\torch\include\ATen/ops/pad_native.h
注意: 包含文件:             D:\APP\AboutCode\Miniconda3\envs\yolo\lib\site-packages\torch\include\ATen/ops/pad_sequence_native.h
注意: 包含文件:             D:\APP\AboutCode\Miniconda3\envs\yolo\lib\site-packages\torch\include\ATen/ops/pairwise_distance_native.h
注意: 包含文件:             D:\APP\AboutCode\Miniconda3\envs\yolo\lib\site-packages\torch\include\ATen/ops/pdist_native.h
注意: 包含文件:             D:\APP\AboutCode\Miniconda3\envs\yolo\lib\site-packages\torch\include\ATen/ops/permute_native.h
注意: 包含文件:             D:\APP\AboutCode\Miniconda3\envs\yolo\lib\site-packages\torch\include\ATen/ops/permute_copy_native.h
注意: 包含文件:             D:\APP\AboutCode\Miniconda3\envs\yolo\lib\site-packages\torch\include\ATen/ops/pin_memory_native.h
注意: 包含文件:             D:\APP\AboutCode\Miniconda3\envs\yolo\lib\site-packages\torch\include\ATen/ops/pinverse_native.h
注意: 包含文件:             D:\APP\AboutCode\Miniconda3\envs\yolo\lib\site-packages\torch\include\ATen/ops/pixel_shuffle_native.h
注意: 包含文件:             D:\APP\AboutCode\Miniconda3\envs\yolo\lib\site-packages\torch\include\ATen/ops/pixel_unshuffle_native.h
注意: 包含文件:             D:\APP\AboutCode\Miniconda3\envs\yolo\lib\site-packages\torch\include\ATen/ops/poisson_native.h
注意: 包含文件:             D:\APP\AboutCode\Miniconda3\envs\yolo\lib\site-packages\torch\include\ATen/ops/poisson_nll_loss_native.h
注意: 包含文件:             D:\APP\AboutCode\Miniconda3\envs\yolo\lib\site-packages\torch\include\ATen/ops/polar_native.h
注意: 包含文件:             D:\APP\AboutCode\Miniconda3\envs\yolo\lib\site-packages\torch\include\ATen/ops/polygamma_native.h
注意: 包含文件:              D:\APP\AboutCode\Miniconda3\envs\yolo\lib\site-packages\torch\include\ATen/ops/polygamma_meta.h
注意: 包含文件:             D:\APP\AboutCode\Miniconda3\envs\yolo\lib\site-packages\torch\include\ATen/ops/positive_native.h
注意: 包含文件:             D:\APP\AboutCode\Miniconda3\envs\yolo\lib\site-packages\torch\include\ATen/ops/pow_native.h
注意: 包含文件:              D:\APP\AboutCode\Miniconda3\envs\yolo\lib\site-packages\torch\include\ATen/ops/pow_meta.h
注意: 包含文件:             D:\APP\AboutCode\Miniconda3\envs\yolo\lib\site-packages\torch\include\ATen/ops/prelu_native.h
注意: 包含文件:             D:\APP\AboutCode\Miniconda3\envs\yolo\lib\site-packages\torch\include\ATen/ops/prod_native.h
注意: 包含文件:              D:\APP\AboutCode\Miniconda3\envs\yolo\lib\site-packages\torch\include\ATen/ops/prod_meta.h
注意: 包含文件:             D:\APP\AboutCode\Miniconda3\envs\yolo\lib\site-packages\torch\include\ATen/ops/promote_types_native.h
注意: 包含文件:             D:\APP\AboutCode\Miniconda3\envs\yolo\lib\site-packages\torch\include\ATen/ops/put_native.h
注意: 包含文件:             D:\APP\AboutCode\Miniconda3\envs\yolo\lib\site-packages\torch\include\ATen/ops/q_per_channel_axis_native.h
注意: 包含文件:             D:\APP\AboutCode\Miniconda3\envs\yolo\lib\site-packages\torch\include\ATen/ops/q_per_channel_scales_native.h
注意: 包含文件:             D:\APP\AboutCode\Miniconda3\envs\yolo\lib\site-packages\torch\include\ATen/ops/q_per_channel_zero_points_native.h
注意: 包含文件:             D:\APP\AboutCode\Miniconda3\envs\yolo\lib\site-packages\torch\include\ATen/ops/q_scale_native.h
注意: 包含文件:             D:\APP\AboutCode\Miniconda3\envs\yolo\lib\site-packages\torch\include\ATen/ops/q_zero_point_native.h
注意: 包含文件:             D:\APP\AboutCode\Miniconda3\envs\yolo\lib\site-packages\torch\include\ATen/ops/qr_native.h
注意: 包含文件:             D:\APP\AboutCode\Miniconda3\envs\yolo\lib\site-packages\torch\include\ATen/ops/qscheme_native.h
注意: 包含文件:             D:\APP\AboutCode\Miniconda3\envs\yolo\lib\site-packages\torch\include\ATen/ops/quantile_native.h
注意: 包含文件:             D:\APP\AboutCode\Miniconda3\envs\yolo\lib\site-packages\torch\include\ATen/ops/quantize_per_channel_native.h
注意: 包含文件:             D:\APP\AboutCode\Miniconda3\envs\yolo\lib\site-packages\torch\include\ATen/ops/quantize_per_tensor_native.h
注意: 包含文件:             D:\APP\AboutCode\Miniconda3\envs\yolo\lib\site-packages\torch\include\ATen/ops/quantize_per_tensor_dynamic_native.h
注意: 包含文件:             D:\APP\AboutCode\Miniconda3\envs\yolo\lib\site-packages\torch\include\ATen/ops/quantized_batch_norm_native.h
注意: 包含文件:             D:\APP\AboutCode\Miniconda3\envs\yolo\lib\site-packages\torch\include\ATen/ops/quantized_gru_cell_native.h
注意: 包含文件:             D:\APP\AboutCode\Miniconda3\envs\yolo\lib\site-packages\torch\include\ATen/ops/quantized_lstm_cell_native.h
注意: 包含文件:             D:\APP\AboutCode\Miniconda3\envs\yolo\lib\site-packages\torch\include\ATen/ops/quantized_max_pool1d_native.h
注意: 包含文件:             D:\APP\AboutCode\Miniconda3\envs\yolo\lib\site-packages\torch\include\ATen/ops/quantized_max_pool2d_native.h
注意: 包含文件:             D:\APP\AboutCode\Miniconda3\envs\yolo\lib\site-packages\torch\include\ATen/ops/quantized_max_pool3d_native.h
注意: 包含文件:             D:\APP\AboutCode\Miniconda3\envs\yolo\lib\site-packages\torch\include\ATen/ops/quantized_rnn_relu_cell_native.h
注意: 包含文件:             D:\APP\AboutCode\Miniconda3\envs\yolo\lib\site-packages\torch\include\ATen/ops/quantized_rnn_tanh_cell_native.h
注意: 包含文件:             D:\APP\AboutCode\Miniconda3\envs\yolo\lib\site-packages\torch\include\ATen/ops/rad2deg_native.h
注意: 包含文件:             D:\APP\AboutCode\Miniconda3\envs\yolo\lib\site-packages\torch\include\ATen/ops/rand_native.h
注意: 包含文件:             D:\APP\AboutCode\Miniconda3\envs\yolo\lib\site-packages\torch\include\ATen/ops/rand_like_native.h
注意: 包含文件:             D:\APP\AboutCode\Miniconda3\envs\yolo\lib\site-packages\torch\include\ATen/ops/randint_native.h
注意: 包含文件:             D:\APP\AboutCode\Miniconda3\envs\yolo\lib\site-packages\torch\include\ATen/ops/randint_like_native.h
注意: 包含文件:             D:\APP\AboutCode\Miniconda3\envs\yolo\lib\site-packages\torch\include\ATen/ops/randn_native.h
注意: 包含文件:             D:\APP\AboutCode\Miniconda3\envs\yolo\lib\site-packages\torch\include\ATen/ops/randn_like_native.h
注意: 包含文件:             D:\APP\AboutCode\Miniconda3\envs\yolo\lib\site-packages\torch\include\ATen/ops/random_native.h
注意: 包含文件:             D:\APP\AboutCode\Miniconda3\envs\yolo\lib\site-packages\torch\include\ATen/ops/randperm_native.h
注意: 包含文件:             D:\APP\AboutCode\Miniconda3\envs\yolo\lib\site-packages\torch\include\ATen/ops/range_native.h
注意: 包含文件:             D:\APP\AboutCode\Miniconda3\envs\yolo\lib\site-packages\torch\include\ATen/ops/ravel_native.h
注意: 包含文件:             D:\APP\AboutCode\Miniconda3\envs\yolo\lib\site-packages\torch\include\ATen/ops/real_native.h
注意: 包含文件:             D:\APP\AboutCode\Miniconda3\envs\yolo\lib\site-packages\torch\include\ATen/ops/reciprocal_native.h
注意: 包含文件:              D:\APP\AboutCode\Miniconda3\envs\yolo\lib\site-packages\torch\include\ATen/ops/reciprocal_meta.h
注意: 包含文件:             D:\APP\AboutCode\Miniconda3\envs\yolo\lib\site-packages\torch\include\ATen/ops/record_stream_native.h
注意: 包含文件:             D:\APP\AboutCode\Miniconda3\envs\yolo\lib\site-packages\torch\include\ATen/ops/refine_names_native.h
注意: 包含文件:             D:\APP\AboutCode\Miniconda3\envs\yolo\lib\site-packages\torch\include\ATen/ops/reflection_pad1d_native.h
注意: 包含文件:              D:\APP\AboutCode\Miniconda3\envs\yolo\lib\site-packages\torch\include\ATen/ops/reflection_pad1d_meta.h
注意: 包含文件:             D:\APP\AboutCode\Miniconda3\envs\yolo\lib\site-packages\torch\include\ATen/ops/reflection_pad1d_backward_native.h
注意: 包含文件:              D:\APP\AboutCode\Miniconda3\envs\yolo\lib\site-packages\torch\include\ATen/ops/reflection_pad1d_backward_meta.h
注意: 包含文件:             D:\APP\AboutCode\Miniconda3\envs\yolo\lib\site-packages\torch\include\ATen/ops/reflection_pad2d_native.h
注意: 包含文件:             D:\APP\AboutCode\Miniconda3\envs\yolo\lib\site-packages\torch\include\ATen/ops/reflection_pad2d_backward_native.h
注意: 包含文件:             D:\APP\AboutCode\Miniconda3\envs\yolo\lib\site-packages\torch\include\ATen/ops/reflection_pad3d_native.h
注意: 包含文件:              D:\APP\AboutCode\Miniconda3\envs\yolo\lib\site-packages\torch\include\ATen/ops/reflection_pad3d_meta.h
注意: 包含文件:             D:\APP\AboutCode\Miniconda3\envs\yolo\lib\site-packages\torch\include\ATen/ops/reflection_pad3d_backward_native.h
注意: 包含文件:              D:\APP\AboutCode\Miniconda3\envs\yolo\lib\site-packages\torch\include\ATen/ops/reflection_pad3d_backward_meta.h
注意: 包含文件:             D:\APP\AboutCode\Miniconda3\envs\yolo\lib\site-packages\torch\include\ATen/ops/relu_native.h
注意: 包含文件:             D:\APP\AboutCode\Miniconda3\envs\yolo\lib\site-packages\torch\include\ATen/ops/relu6_native.h
注意: 包含文件:             D:\APP\AboutCode\Miniconda3\envs\yolo\lib\site-packages\torch\include\ATen/ops/remainder_native.h
注意: 包含文件:              D:\APP\AboutCode\Miniconda3\envs\yolo\lib\site-packages\torch\include\ATen/ops/remainder_meta.h
注意: 包含文件:             D:\APP\AboutCode\Miniconda3\envs\yolo\lib\site-packages\torch\include\ATen/ops/rename_native.h
注意: 包含文件:             D:\APP\AboutCode\Miniconda3\envs\yolo\lib\site-packages\torch\include\ATen/ops/renorm_native.h
注意: 包含文件:              D:\APP\AboutCode\Miniconda3\envs\yolo\lib\site-packages\torch\include\ATen/ops/renorm_meta.h
注意: 包含文件:             D:\APP\AboutCode\Miniconda3\envs\yolo\lib\site-packages\torch\include\ATen/ops/repeat_native.h
注意: 包含文件:             D:\APP\AboutCode\Miniconda3\envs\yolo\lib\site-packages\torch\include\ATen/ops/repeat_interleave_native.h
注意: 包含文件:             D:\APP\AboutCode\Miniconda3\envs\yolo\lib\site-packages\torch\include\ATen/ops/replication_pad1d_native.h
注意: 包含文件:              D:\APP\AboutCode\Miniconda3\envs\yolo\lib\site-packages\torch\include\ATen/ops/replication_pad1d_meta.h
注意: 包含文件:             D:\APP\AboutCode\Miniconda3\envs\yolo\lib\site-packages\torch\include\ATen/ops/replication_pad1d_backward_native.h
注意: 包含文件:              D:\APP\AboutCode\Miniconda3\envs\yolo\lib\site-packages\torch\include\ATen/ops/replication_pad1d_backward_meta.h
注意: 包含文件:             D:\APP\AboutCode\Miniconda3\envs\yolo\lib\site-packages\torch\include\ATen/ops/replication_pad2d_native.h
注意: 包含文件:              D:\APP\AboutCode\Miniconda3\envs\yolo\lib\site-packages\torch\include\ATen/ops/replication_pad2d_meta.h
注意: 包含文件:             D:\APP\AboutCode\Miniconda3\envs\yolo\lib\site-packages\torch\include\ATen/ops/replication_pad2d_backward_native.h
注意: 包含文件:             D:\APP\AboutCode\Miniconda3\envs\yolo\lib\site-packages\torch\include\ATen/ops/replication_pad3d_native.h
注意: 包含文件:              D:\APP\AboutCode\Miniconda3\envs\yolo\lib\site-packages\torch\include\ATen/ops/replication_pad3d_meta.h
注意: 包含文件:             D:\APP\AboutCode\Miniconda3\envs\yolo\lib\site-packages\torch\include\ATen/ops/replication_pad3d_backward_native.h
注意: 包含文件:             D:\APP\AboutCode\Miniconda3\envs\yolo\lib\site-packages\torch\include\ATen/ops/requires_grad_native.h
注意: 包含文件:             D:\APP\AboutCode\Miniconda3\envs\yolo\lib\site-packages\torch\include\ATen/ops/reshape_native.h
注意: 包含文件:             D:\APP\AboutCode\Miniconda3\envs\yolo\lib\site-packages\torch\include\ATen/ops/reshape_as_native.h
注意: 包含文件:             D:\APP\AboutCode\Miniconda3\envs\yolo\lib\site-packages\torch\include\ATen/ops/resize_native.h
注意: 包含文件:             D:\APP\AboutCode\Miniconda3\envs\yolo\lib\site-packages\torch\include\ATen/ops/resize_as_native.h
注意: 包含文件:             D:\APP\AboutCode\Miniconda3\envs\yolo\lib\site-packages\torch\include\ATen/ops/resize_as_sparse_native.h
注意: 包含文件:             D:\APP\AboutCode\Miniconda3\envs\yolo\lib\site-packages\torch\include\ATen/ops/resolve_conj_native.h
注意: 包含文件:             D:\APP\AboutCode\Miniconda3\envs\yolo\lib\site-packages\torch\include\ATen/ops/resolve_neg_native.h
注意: 包含文件:             D:\APP\AboutCode\Miniconda3\envs\yolo\lib\site-packages\torch\include\ATen/ops/result_type_native.h
注意: 包含文件:             D:\APP\AboutCode\Miniconda3\envs\yolo\lib\site-packages\torch\include\ATen/ops/retain_grad_native.h
注意: 包含文件:             D:\APP\AboutCode\Miniconda3\envs\yolo\lib\site-packages\torch\include\ATen/ops/retains_grad_native.h
注意: 包含文件:             D:\APP\AboutCode\Miniconda3\envs\yolo\lib\site-packages\torch\include\ATen/ops/rnn_relu_native.h
注意: 包含文件:             D:\APP\AboutCode\Miniconda3\envs\yolo\lib\site-packages\torch\include\ATen/ops/rnn_relu_cell_native.h
注意: 包含文件:             D:\APP\AboutCode\Miniconda3\envs\yolo\lib\site-packages\torch\include\ATen/ops/rnn_tanh_native.h
注意: 包含文件:             D:\APP\AboutCode\Miniconda3\envs\yolo\lib\site-packages\torch\include\ATen/ops/rnn_tanh_cell_native.h
注意: 包含文件:             D:\APP\AboutCode\Miniconda3\envs\yolo\lib\site-packages\torch\include\ATen/ops/roll_native.h
注意: 包含文件:             D:\APP\AboutCode\Miniconda3\envs\yolo\lib\site-packages\torch\include\ATen/ops/rot90_native.h
注意: 包含文件:             D:\APP\AboutCode\Miniconda3\envs\yolo\lib\site-packages\torch\include\ATen/ops/round_native.h
注意: 包含文件:              D:\APP\AboutCode\Miniconda3\envs\yolo\lib\site-packages\torch\include\ATen/ops/round_meta.h
注意: 包含文件:             D:\APP\AboutCode\Miniconda3\envs\yolo\lib\site-packages\torch\include\ATen/ops/row_indices_native.h
注意: 包含文件:             D:\APP\AboutCode\Miniconda3\envs\yolo\lib\site-packages\torch\include\ATen/ops/row_indices_copy_native.h
注意: 包含文件:             D:\APP\AboutCode\Miniconda3\envs\yolo\lib\site-packages\torch\include\ATen/ops/row_stack_native.h
注意: 包含文件:             D:\APP\AboutCode\Miniconda3\envs\yolo\lib\site-packages\torch\include\ATen/ops/rrelu_native.h
注意: 包含文件:             D:\APP\AboutCode\Miniconda3\envs\yolo\lib\site-packages\torch\include\ATen/ops/rrelu_with_noise_native.h
注意: 包含文件:             D:\APP\AboutCode\Miniconda3\envs\yolo\lib\site-packages\torch\include\ATen/ops/rrelu_with_noise_backward_native.h
注意: 包含文件:             D:\APP\AboutCode\Miniconda3\envs\yolo\lib\site-packages\torch\include\ATen/ops/rshift_native.h
注意: 包含文件:             D:\APP\AboutCode\Miniconda3\envs\yolo\lib\site-packages\torch\include\ATen/ops/rsqrt_native.h
注意: 包含文件:              D:\APP\AboutCode\Miniconda3\envs\yolo\lib\site-packages\torch\include\ATen/ops/rsqrt_meta.h
注意: 包含文件:             D:\APP\AboutCode\Miniconda3\envs\yolo\lib\site-packages\torch\include\ATen/ops/rsub_native.h
注意: 包含文件:             D:\APP\AboutCode\Miniconda3\envs\yolo\lib\site-packages\torch\include\ATen/ops/scalar_tensor_native.h
注意: 包含文件:             D:\APP\AboutCode\Miniconda3\envs\yolo\lib\site-packages\torch\include\ATen/ops/scaled_dot_product_attention_native.h
注意: 包含文件:             D:\APP\AboutCode\Miniconda3\envs\yolo\lib\site-packages\torch\include\ATen/ops/scatter_native.h
注意: 包含文件:              D:\APP\AboutCode\Miniconda3\envs\yolo\lib\site-packages\torch\include\ATen/ops/scatter_meta.h
注意: 包含文件:             D:\APP\AboutCode\Miniconda3\envs\yolo\lib\site-packages\torch\include\ATen/ops/scatter_add_native.h
注意: 包含文件:              D:\APP\AboutCode\Miniconda3\envs\yolo\lib\site-packages\torch\include\ATen/ops/scatter_add_meta.h
注意: 包含文件:             D:\APP\AboutCode\Miniconda3\envs\yolo\lib\site-packages\torch\include\ATen/ops/scatter_reduce_native.h
注意: 包含文件:              D:\APP\AboutCode\Miniconda3\envs\yolo\lib\site-packages\torch\include\ATen/ops/scatter_reduce_meta.h
注意: 包含文件:             D:\APP\AboutCode\Miniconda3\envs\yolo\lib\site-packages\torch\include\ATen/ops/searchsorted_native.h
注意: 包含文件:             D:\APP\AboutCode\Miniconda3\envs\yolo\lib\site-packages\torch\include\ATen/ops/segment_reduce_native.h
注意: 包含文件:             D:\APP\AboutCode\Miniconda3\envs\yolo\lib\site-packages\torch\include\ATen/ops/select_native.h
注意: 包含文件:             D:\APP\AboutCode\Miniconda3\envs\yolo\lib\site-packages\torch\include\ATen/ops/select_backward_native.h
注意: 包含文件:             D:\APP\AboutCode\Miniconda3\envs\yolo\lib\site-packages\torch\include\ATen/ops/select_copy_native.h
注意: 包含文件:             D:\APP\AboutCode\Miniconda3\envs\yolo\lib\site-packages\torch\include\ATen/ops/select_scatter_native.h
注意: 包含文件:             D:\APP\AboutCode\Miniconda3\envs\yolo\lib\site-packages\torch\include\ATen/ops/selu_native.h
注意: 包含文件:             D:\APP\AboutCode\Miniconda3\envs\yolo\lib\site-packages\torch\include\ATen/ops/set_native.h
注意: 包含文件:             D:\APP\AboutCode\Miniconda3\envs\yolo\lib\site-packages\torch\include\ATen/ops/set_data_native.h
注意: 包含文件:             D:\APP\AboutCode\Miniconda3\envs\yolo\lib\site-packages\torch\include\ATen/ops/sgn_native.h
注意: 包含文件:              D:\APP\AboutCode\Miniconda3\envs\yolo\lib\site-packages\torch\include\ATen/ops/sgn_meta.h
注意: 包含文件:             D:\APP\AboutCode\Miniconda3\envs\yolo\lib\site-packages\torch\include\ATen/ops/sigmoid_native.h
注意: 包含文件:              D:\APP\AboutCode\Miniconda3\envs\yolo\lib\site-packages\torch\include\ATen/ops/sigmoid_meta.h
注意: 包含文件:             D:\APP\AboutCode\Miniconda3\envs\yolo\lib\site-packages\torch\include\ATen/ops/sigmoid_backward_native.h
注意: 包含文件:              D:\APP\AboutCode\Miniconda3\envs\yolo\lib\site-packages\torch\include\ATen/ops/sigmoid_backward_meta.h
注意: 包含文件:             D:\APP\AboutCode\Miniconda3\envs\yolo\lib\site-packages\torch\include\ATen/ops/sign_native.h
注意: 包含文件:              D:\APP\AboutCode\Miniconda3\envs\yolo\lib\site-packages\torch\include\ATen/ops/sign_meta.h
注意: 包含文件:             D:\APP\AboutCode\Miniconda3\envs\yolo\lib\site-packages\torch\include\ATen/ops/signbit_native.h
注意: 包含文件:              D:\APP\AboutCode\Miniconda3\envs\yolo\lib\site-packages\torch\include\ATen/ops/signbit_meta.h
注意: 包含文件:             D:\APP\AboutCode\Miniconda3\envs\yolo\lib\site-packages\torch\include\ATen/ops/silu_native.h
注意: 包含文件:              D:\APP\AboutCode\Miniconda3\envs\yolo\lib\site-packages\torch\include\ATen/ops/silu_meta.h
注意: 包含文件:             D:\APP\AboutCode\Miniconda3\envs\yolo\lib\site-packages\torch\include\ATen/ops/silu_backward_native.h
注意: 包含文件:              D:\APP\AboutCode\Miniconda3\envs\yolo\lib\site-packages\torch\include\ATen/ops/silu_backward_meta.h
注意: 包含文件:             D:\APP\AboutCode\Miniconda3\envs\yolo\lib\site-packages\torch\include\ATen/ops/sin_native.h
注意: 包含文件:              D:\APP\AboutCode\Miniconda3\envs\yolo\lib\site-packages\torch\include\ATen/ops/sin_meta.h
注意: 包含文件:             D:\APP\AboutCode\Miniconda3\envs\yolo\lib\site-packages\torch\include\ATen/ops/sinc_native.h
注意: 包含文件:              D:\APP\AboutCode\Miniconda3\envs\yolo\lib\site-packages\torch\include\ATen/ops/sinc_meta.h
注意: 包含文件:             D:\APP\AboutCode\Miniconda3\envs\yolo\lib\site-packages\torch\include\ATen/ops/sinh_native.h
注意: 包含文件:              D:\APP\AboutCode\Miniconda3\envs\yolo\lib\site-packages\torch\include\ATen/ops/sinh_meta.h
注意: 包含文件:             D:\APP\AboutCode\Miniconda3\envs\yolo\lib\site-packages\torch\include\ATen/ops/size_native.h
注意: 包含文件:             D:\APP\AboutCode\Miniconda3\envs\yolo\lib\site-packages\torch\include\ATen/ops/slice_native.h
注意: 包含文件:             D:\APP\AboutCode\Miniconda3\envs\yolo\lib\site-packages\torch\include\ATen/ops/slice_backward_native.h
注意: 包含文件:             D:\APP\AboutCode\Miniconda3\envs\yolo\lib\site-packages\torch\include\ATen/ops/slice_copy_native.h
注意: 包含文件:             D:\APP\AboutCode\Miniconda3\envs\yolo\lib\site-packages\torch\include\ATen/ops/slice_scatter_native.h
注意: 包含文件:             D:\APP\AboutCode\Miniconda3\envs\yolo\lib\site-packages\torch\include\ATen/ops/slogdet_native.h
注意: 包含文件:             D:\APP\AboutCode\Miniconda3\envs\yolo\lib\site-packages\torch\include\ATen/ops/slow_conv3d_native.h
注意: 包含文件:             D:\APP\AboutCode\Miniconda3\envs\yolo\lib\site-packages\torch\include\ATen/ops/slow_conv3d_forward_native.h
注意: 包含文件:             D:\APP\AboutCode\Miniconda3\envs\yolo\lib\site-packages\torch\include\ATen/ops/slow_conv_dilated2d_native.h
注意: 包含文件:             D:\APP\AboutCode\Miniconda3\envs\yolo\lib\site-packages\torch\include\ATen/ops/slow_conv_dilated3d_native.h
注意: 包含文件:             D:\APP\AboutCode\Miniconda3\envs\yolo\lib\site-packages\torch\include\ATen/ops/slow_conv_transpose2d_native.h
注意: 包含文件:              D:\APP\AboutCode\Miniconda3\envs\yolo\lib\site-packages\torch\include\ATen/ops/slow_conv_transpose2d_meta.h
注意: 包含文件:             D:\APP\AboutCode\Miniconda3\envs\yolo\lib\site-packages\torch\include\ATen/ops/slow_conv_transpose3d_native.h
注意: 包含文件:             D:\APP\AboutCode\Miniconda3\envs\yolo\lib\site-packages\torch\include\ATen/ops/smm_native.h
注意: 包含文件:             D:\APP\AboutCode\Miniconda3\envs\yolo\lib\site-packages\torch\include\ATen/ops/smooth_l1_loss_native.h
注意: 包含文件:              D:\APP\AboutCode\Miniconda3\envs\yolo\lib\site-packages\torch\include\ATen/ops/smooth_l1_loss_meta.h
注意: 包含文件:             D:\APP\AboutCode\Miniconda3\envs\yolo\lib\site-packages\torch\include\ATen/ops/smooth_l1_loss_backward_native.h
注意: 包含文件:             D:\APP\AboutCode\Miniconda3\envs\yolo\lib\site-packages\torch\include\ATen/ops/soft_margin_loss_native.h
注意: 包含文件:             D:\APP\AboutCode\Miniconda3\envs\yolo\lib\site-packages\torch\include\ATen/ops/soft_margin_loss_backward_native.h
注意: 包含文件:             D:\APP\AboutCode\Miniconda3\envs\yolo\lib\site-packages\torch\include\ATen/ops/softmax_native.h
注意: 包含文件:             D:\APP\AboutCode\Miniconda3\envs\yolo\lib\site-packages\torch\include\ATen/ops/softplus_native.h
注意: 包含文件:              D:\APP\AboutCode\Miniconda3\envs\yolo\lib\site-packages\torch\include\ATen/ops/softplus_meta.h
注意: 包含文件:             D:\APP\AboutCode\Miniconda3\envs\yolo\lib\site-packages\torch\include\ATen/ops/softplus_backward_native.h
注意: 包含文件:              D:\APP\AboutCode\Miniconda3\envs\yolo\lib\site-packages\torch\include\ATen/ops/softplus_backward_meta.h
注意: 包含文件:             D:\APP\AboutCode\Miniconda3\envs\yolo\lib\site-packages\torch\include\ATen/ops/softshrink_native.h
注意: 包含文件:              D:\APP\AboutCode\Miniconda3\envs\yolo\lib\site-packages\torch\include\ATen/ops/softshrink_meta.h
注意: 包含文件:             D:\APP\AboutCode\Miniconda3\envs\yolo\lib\site-packages\torch\include\ATen/ops/softshrink_backward_native.h
注意: 包含文件:              D:\APP\AboutCode\Miniconda3\envs\yolo\lib\site-packages\torch\include\ATen/ops/softshrink_backward_meta.h
注意: 包含文件:             D:\APP\AboutCode\Miniconda3\envs\yolo\lib\site-packages\torch\include\ATen/ops/sort_native.h
注意: 包含文件:              D:\APP\AboutCode\Miniconda3\envs\yolo\lib\site-packages\torch\include\ATen/ops/sort_meta.h
注意: 包含文件:             D:\APP\AboutCode\Miniconda3\envs\yolo\lib\site-packages\torch\include\ATen/ops/sparse_bsc_tensor_native.h
注意: 包含文件:             D:\APP\AboutCode\Miniconda3\envs\yolo\lib\site-packages\torch\include\ATen/ops/sparse_bsr_tensor_native.h
注意: 包含文件:             D:\APP\AboutCode\Miniconda3\envs\yolo\lib\site-packages\torch\include\ATen/ops/sparse_compressed_tensor_native.h
注意: 包含文件:             D:\APP\AboutCode\Miniconda3\envs\yolo\lib\site-packages\torch\include\ATen/ops/sparse_coo_tensor_native.h
注意: 包含文件:             D:\APP\AboutCode\Miniconda3\envs\yolo\lib\site-packages\torch\include\ATen/ops/sparse_csc_tensor_native.h
注意: 包含文件:             D:\APP\AboutCode\Miniconda3\envs\yolo\lib\site-packages\torch\include\ATen/ops/sparse_csr_tensor_native.h
注意: 包含文件:             D:\APP\AboutCode\Miniconda3\envs\yolo\lib\site-packages\torch\include\ATen/ops/sparse_dim_native.h
注意: 包含文件:             D:\APP\AboutCode\Miniconda3\envs\yolo\lib\site-packages\torch\include\ATen/ops/sparse_mask_native.h
注意: 包含文件:             D:\APP\AboutCode\Miniconda3\envs\yolo\lib\site-packages\torch\include\ATen/ops/sparse_resize_native.h
注意: 包含文件:             D:\APP\AboutCode\Miniconda3\envs\yolo\lib\site-packages\torch\include\ATen/ops/sparse_resize_and_clear_native.h
注意: 包含文件:             D:\APP\AboutCode\Miniconda3\envs\yolo\lib\site-packages\torch\include\ATen/ops/sparse_sampled_addmm_native.h
注意: 包含文件:             D:\APP\AboutCode\Miniconda3\envs\yolo\lib\site-packages\torch\include\ATen/ops/special_airy_ai_native.h
注意: 包含文件:              D:\APP\AboutCode\Miniconda3\envs\yolo\lib\site-packages\torch\include\ATen/ops/special_airy_ai_meta.h
注意: 包含文件:             D:\APP\AboutCode\Miniconda3\envs\yolo\lib\site-packages\torch\include\ATen/ops/special_bessel_j0_native.h
注意: 包含文件:              D:\APP\AboutCode\Miniconda3\envs\yolo\lib\site-packages\torch\include\ATen/ops/special_bessel_j0_meta.h
注意: 包含文件:             D:\APP\AboutCode\Miniconda3\envs\yolo\lib\site-packages\torch\include\ATen/ops/special_bessel_j1_native.h
注意: 包含文件:              D:\APP\AboutCode\Miniconda3\envs\yolo\lib\site-packages\torch\include\ATen/ops/special_bessel_j1_meta.h
注意: 包含文件:             D:\APP\AboutCode\Miniconda3\envs\yolo\lib\site-packages\torch\include\ATen/ops/special_bessel_y0_native.h
注意: 包含文件:              D:\APP\AboutCode\Miniconda3\envs\yolo\lib\site-packages\torch\include\ATen/ops/special_bessel_y0_meta.h
注意: 包含文件:             D:\APP\AboutCode\Miniconda3\envs\yolo\lib\site-packages\torch\include\ATen/ops/special_bessel_y1_native.h
注意: 包含文件:              D:\APP\AboutCode\Miniconda3\envs\yolo\lib\site-packages\torch\include\ATen/ops/special_bessel_y1_meta.h
注意: 包含文件:             D:\APP\AboutCode\Miniconda3\envs\yolo\lib\site-packages\torch\include\ATen/ops/special_chebyshev_polynomial_t_native.h
注意: 包含文件:              D:\APP\AboutCode\Miniconda3\envs\yolo\lib\site-packages\torch\include\ATen/ops/special_chebyshev_polynomial_t_meta.h
注意: 包含文件:             D:\APP\AboutCode\Miniconda3\envs\yolo\lib\site-packages\torch\include\ATen/ops/special_chebyshev_polynomial_u_native.h
注意: 包含文件:              D:\APP\AboutCode\Miniconda3\envs\yolo\lib\site-packages\torch\include\ATen/ops/special_chebyshev_polynomial_u_meta.h
注意: 包含文件:             D:\APP\AboutCode\Miniconda3\envs\yolo\lib\site-packages\torch\include\ATen/ops/special_chebyshev_polynomial_v_native.h
注意: 包含文件:              D:\APP\AboutCode\Miniconda3\envs\yolo\lib\site-packages\torch\include\ATen/ops/special_chebyshev_polynomial_v_meta.h
注意: 包含文件:             D:\APP\AboutCode\Miniconda3\envs\yolo\lib\site-packages\torch\include\ATen/ops/special_chebyshev_polynomial_w_native.h
注意: 包含文件:              D:\APP\AboutCode\Miniconda3\envs\yolo\lib\site-packages\torch\include\ATen/ops/special_chebyshev_polynomial_w_meta.h
注意: 包含文件:             D:\APP\AboutCode\Miniconda3\envs\yolo\lib\site-packages\torch\include\ATen/ops/special_digamma_native.h
注意: 包含文件:             D:\APP\AboutCode\Miniconda3\envs\yolo\lib\site-packages\torch\include\ATen/ops/special_entr_native.h
注意: 包含文件:              D:\APP\AboutCode\Miniconda3\envs\yolo\lib\site-packages\torch\include\ATen/ops/special_entr_meta.h
注意: 包含文件:             D:\APP\AboutCode\Miniconda3\envs\yolo\lib\site-packages\torch\include\ATen/ops/special_erf_native.h
注意: 包含文件:             D:\APP\AboutCode\Miniconda3\envs\yolo\lib\site-packages\torch\include\ATen/ops/special_erfc_native.h
注意: 包含文件:             D:\APP\AboutCode\Miniconda3\envs\yolo\lib\site-packages\torch\include\ATen/ops/special_erfcx_native.h
注意: 包含文件:              D:\APP\AboutCode\Miniconda3\envs\yolo\lib\site-packages\torch\include\ATen/ops/special_erfcx_meta.h
注意: 包含文件:             D:\APP\AboutCode\Miniconda3\envs\yolo\lib\site-packages\torch\include\ATen/ops/special_erfinv_native.h
注意: 包含文件:             D:\APP\AboutCode\Miniconda3\envs\yolo\lib\site-packages\torch\include\ATen/ops/special_exp2_native.h
注意: 包含文件:             D:\APP\AboutCode\Miniconda3\envs\yolo\lib\site-packages\torch\include\ATen/ops/special_expit_native.h
注意: 包含文件:             D:\APP\AboutCode\Miniconda3\envs\yolo\lib\site-packages\torch\include\ATen/ops/special_expm1_native.h
注意: 包含文件:             D:\APP\AboutCode\Miniconda3\envs\yolo\lib\site-packages\torch\include\ATen/ops/special_gammainc_native.h
注意: 包含文件:             D:\APP\AboutCode\Miniconda3\envs\yolo\lib\site-packages\torch\include\ATen/ops/special_gammaincc_native.h
注意: 包含文件:             D:\APP\AboutCode\Miniconda3\envs\yolo\lib\site-packages\torch\include\ATen/ops/special_gammaln_native.h
注意: 包含文件:             D:\APP\AboutCode\Miniconda3\envs\yolo\lib\site-packages\torch\include\ATen/ops/special_hermite_polynomial_h_native.h
注意: 包含文件:              D:\APP\AboutCode\Miniconda3\envs\yolo\lib\site-packages\torch\include\ATen/ops/special_hermite_polynomial_h_meta.h
注意: 包含文件:             D:\APP\AboutCode\Miniconda3\envs\yolo\lib\site-packages\torch\include\ATen/ops/special_hermite_polynomial_he_native.h
注意: 包含文件:              D:\APP\AboutCode\Miniconda3\envs\yolo\lib\site-packages\torch\include\ATen/ops/special_hermite_polynomial_he_meta.h
注意: 包含文件:             D:\APP\AboutCode\Miniconda3\envs\yolo\lib\site-packages\torch\include\ATen/ops/special_i0_native.h
注意: 包含文件:             D:\APP\AboutCode\Miniconda3\envs\yolo\lib\site-packages\torch\include\ATen/ops/special_i0e_native.h
注意: 包含文件:              D:\APP\AboutCode\Miniconda3\envs\yolo\lib\site-packages\torch\include\ATen/ops/special_i0e_meta.h
注意: 包含文件:             D:\APP\AboutCode\Miniconda3\envs\yolo\lib\site-packages\torch\include\ATen/ops/special_i1_native.h
注意: 包含文件:              D:\APP\AboutCode\Miniconda3\envs\yolo\lib\site-packages\torch\include\ATen/ops/special_i1_meta.h
注意: 包含文件:             D:\APP\AboutCode\Miniconda3\envs\yolo\lib\site-packages\torch\include\ATen/ops/special_i1e_native.h
注意: 包含文件:              D:\APP\AboutCode\Miniconda3\envs\yolo\lib\site-packages\torch\include\ATen/ops/special_i1e_meta.h
注意: 包含文件:             D:\APP\AboutCode\Miniconda3\envs\yolo\lib\site-packages\torch\include\ATen/ops/special_laguerre_polynomial_l_native.h
注意: 包含文件:              D:\APP\AboutCode\Miniconda3\envs\yolo\lib\site-packages\torch\include\ATen/ops/special_laguerre_polynomial_l_meta.h
注意: 包含文件:             D:\APP\AboutCode\Miniconda3\envs\yolo\lib\site-packages\torch\include\ATen/ops/special_legendre_polynomial_p_native.h
注意: 包含文件:              D:\APP\AboutCode\Miniconda3\envs\yolo\lib\site-packages\torch\include\ATen/ops/special_legendre_polynomial_p_meta.h
注意: 包含文件:             D:\APP\AboutCode\Miniconda3\envs\yolo\lib\site-packages\torch\include\ATen/ops/special_log1p_native.h
注意: 包含文件:             D:\APP\AboutCode\Miniconda3\envs\yolo\lib\site-packages\torch\include\ATen/ops/special_log_ndtr_native.h
注意: 包含文件:              D:\APP\AboutCode\Miniconda3\envs\yolo\lib\site-packages\torch\include\ATen/ops/special_log_ndtr_meta.h
注意: 包含文件:             D:\APP\AboutCode\Miniconda3\envs\yolo\lib\site-packages\torch\include\ATen/ops/special_log_softmax_native.h
注意: 包含文件:             D:\APP\AboutCode\Miniconda3\envs\yolo\lib\site-packages\torch\include\ATen/ops/special_logit_native.h
注意: 包含文件:             D:\APP\AboutCode\Miniconda3\envs\yolo\lib\site-packages\torch\include\ATen/ops/special_logsumexp_native.h
注意: 包含文件:             D:\APP\AboutCode\Miniconda3\envs\yolo\lib\site-packages\torch\include\ATen/ops/special_modified_bessel_i0_native.h
注意: 包含文件:              D:\APP\AboutCode\Miniconda3\envs\yolo\lib\site-packages\torch\include\ATen/ops/special_modified_bessel_i0_meta.h
注意: 包含文件:             D:\APP\AboutCode\Miniconda3\envs\yolo\lib\site-packages\torch\include\ATen/ops/special_modified_bessel_i1_native.h
注意: 包含文件:              D:\APP\AboutCode\Miniconda3\envs\yolo\lib\site-packages\torch\include\ATen/ops/special_modified_bessel_i1_meta.h
注意: 包含文件:             D:\APP\AboutCode\Miniconda3\envs\yolo\lib\site-packages\torch\include\ATen/ops/special_modified_bessel_k0_native.h
注意: 包含文件:              D:\APP\AboutCode\Miniconda3\envs\yolo\lib\site-packages\torch\include\ATen/ops/special_modified_bessel_k0_meta.h
注意: 包含文件:             D:\APP\AboutCode\Miniconda3\envs\yolo\lib\site-packages\torch\include\ATen/ops/special_modified_bessel_k1_native.h
注意: 包含文件:              D:\APP\AboutCode\Miniconda3\envs\yolo\lib\site-packages\torch\include\ATen/ops/special_modified_bessel_k1_meta.h
注意: 包含文件:             D:\APP\AboutCode\Miniconda3\envs\yolo\lib\site-packages\torch\include\ATen/ops/special_multigammaln_native.h
注意: 包含文件:             D:\APP\AboutCode\Miniconda3\envs\yolo\lib\site-packages\torch\include\ATen/ops/special_ndtr_native.h
注意: 包含文件:             D:\APP\AboutCode\Miniconda3\envs\yolo\lib\site-packages\torch\include\ATen/ops/special_ndtri_native.h
注意: 包含文件:              D:\APP\AboutCode\Miniconda3\envs\yolo\lib\site-packages\torch\include\ATen/ops/special_ndtri_meta.h
注意: 包含文件:             D:\APP\AboutCode\Miniconda3\envs\yolo\lib\site-packages\torch\include\ATen/ops/special_polygamma_native.h
注意: 包含文件:             D:\APP\AboutCode\Miniconda3\envs\yolo\lib\site-packages\torch\include\ATen/ops/special_psi_native.h
注意: 包含文件:             D:\APP\AboutCode\Miniconda3\envs\yolo\lib\site-packages\torch\include\ATen/ops/special_round_native.h
注意: 包含文件:             D:\APP\AboutCode\Miniconda3\envs\yolo\lib\site-packages\torch\include\ATen/ops/special_scaled_modified_bessel_k0_native.h
注意: 包含文件:              D:\APP\AboutCode\Miniconda3\envs\yolo\lib\site-packages\torch\include\ATen/ops/special_scaled_modified_bessel_k0_meta.h
注意: 包含文件:             D:\APP\AboutCode\Miniconda3\envs\yolo\lib\site-packages\torch\include\ATen/ops/special_scaled_modified_bessel_k1_native.h
注意: 包含文件:              D:\APP\AboutCode\Miniconda3\envs\yolo\lib\site-packages\torch\include\ATen/ops/special_scaled_modified_bessel_k1_meta.h
注意: 包含文件:             D:\APP\AboutCode\Miniconda3\envs\yolo\lib\site-packages\torch\include\ATen/ops/special_shifted_chebyshev_polynomial_t_native.h
注意: 包含文件:              D:\APP\AboutCode\Miniconda3\envs\yolo\lib\site-packages\torch\include\ATen/ops/special_shifted_chebyshev_polynomial_t_meta.h
注意: 包含文件:             D:\APP\AboutCode\Miniconda3\envs\yolo\lib\site-packages\torch\include\ATen/ops/special_shifted_chebyshev_polynomial_u_native.h
注意: 包含文件:              D:\APP\AboutCode\Miniconda3\envs\yolo\lib\site-packages\torch\include\ATen/ops/special_shifted_chebyshev_polynomial_u_meta.h
注意: 包含文件:             D:\APP\AboutCode\Miniconda3\envs\yolo\lib\site-packages\torch\include\ATen/ops/special_shifted_chebyshev_polynomial_v_native.h
注意: 包含文件:              D:\APP\AboutCode\Miniconda3\envs\yolo\lib\site-packages\torch\include\ATen/ops/special_shifted_chebyshev_polynomial_v_meta.h
注意: 包含文件:             D:\APP\AboutCode\Miniconda3\envs\yolo\lib\site-packages\torch\include\ATen/ops/special_shifted_chebyshev_polynomial_w_native.h
注意: 包含文件:              D:\APP\AboutCode\Miniconda3\envs\yolo\lib\site-packages\torch\include\ATen/ops/special_shifted_chebyshev_polynomial_w_meta.h
注意: 包含文件:             D:\APP\AboutCode\Miniconda3\envs\yolo\lib\site-packages\torch\include\ATen/ops/special_sinc_native.h
注意: 包含文件:             D:\APP\AboutCode\Miniconda3\envs\yolo\lib\site-packages\torch\include\ATen/ops/special_softmax_native.h
注意: 包含文件:             D:\APP\AboutCode\Miniconda3\envs\yolo\lib\site-packages\torch\include\ATen/ops/special_spherical_bessel_j0_native.h
注意: 包含文件:              D:\APP\AboutCode\Miniconda3\envs\yolo\lib\site-packages\torch\include\ATen/ops/special_spherical_bessel_j0_meta.h
注意: 包含文件:             D:\APP\AboutCode\Miniconda3\envs\yolo\lib\site-packages\torch\include\ATen/ops/special_xlog1py_native.h
注意: 包含文件:              D:\APP\AboutCode\Miniconda3\envs\yolo\lib\site-packages\torch\include\ATen/ops/special_xlog1py_meta.h
注意: 包含文件:             D:\APP\AboutCode\Miniconda3\envs\yolo\lib\site-packages\torch\include\ATen/ops/special_xlogy_native.h
注意: 包含文件:             D:\APP\AboutCode\Miniconda3\envs\yolo\lib\site-packages\torch\include\ATen/ops/special_zeta_native.h
注意: 包含文件:              D:\APP\AboutCode\Miniconda3\envs\yolo\lib\site-packages\torch\include\ATen/ops/special_zeta_meta.h
注意: 包含文件:             D:\APP\AboutCode\Miniconda3\envs\yolo\lib\site-packages\torch\include\ATen/ops/split_native.h
注意: 包含文件:             D:\APP\AboutCode\Miniconda3\envs\yolo\lib\site-packages\torch\include\ATen/ops/split_copy_native.h
注意: 包含文件:             D:\APP\AboutCode\Miniconda3\envs\yolo\lib\site-packages\torch\include\ATen/ops/split_with_sizes_native.h
注意: 包含文件:             D:\APP\AboutCode\Miniconda3\envs\yolo\lib\site-packages\torch\include\ATen/ops/split_with_sizes_copy_native.h
注意: 包含文件:             D:\APP\AboutCode\Miniconda3\envs\yolo\lib\site-packages\torch\include\ATen/ops/sqrt_native.h
注意: 包含文件:              D:\APP\AboutCode\Miniconda3\envs\yolo\lib\site-packages\torch\include\ATen/ops/sqrt_meta.h
注意: 包含文件:             D:\APP\AboutCode\Miniconda3\envs\yolo\lib\site-packages\torch\include\ATen/ops/square_native.h
注意: 包含文件:             D:\APP\AboutCode\Miniconda3\envs\yolo\lib\site-packages\torch\include\ATen/ops/squeeze_native.h
注意: 包含文件:             D:\APP\AboutCode\Miniconda3\envs\yolo\lib\site-packages\torch\include\ATen/ops/squeeze_copy_native.h
注意: 包含文件:             D:\APP\AboutCode\Miniconda3\envs\yolo\lib\site-packages\torch\include\ATen/ops/sspaddmm_native.h
注意: 包含文件:             D:\APP\AboutCode\Miniconda3\envs\yolo\lib\site-packages\torch\include\ATen/ops/stack_native.h
注意: 包含文件:             D:\APP\AboutCode\Miniconda3\envs\yolo\lib\site-packages\torch\include\ATen/ops/std_native.h
注意: 包含文件:             D:\APP\AboutCode\Miniconda3\envs\yolo\lib\site-packages\torch\include\ATen/ops/std_mean_native.h
注意: 包含文件:             D:\APP\AboutCode\Miniconda3\envs\yolo\lib\site-packages\torch\include\ATen/ops/stft_native.h
注意: 包含文件:             D:\APP\AboutCode\Miniconda3\envs\yolo\lib\site-packages\torch\include\ATen/ops/stride_native.h
注意: 包含文件:             D:\APP\AboutCode\Miniconda3\envs\yolo\lib\site-packages\torch\include\ATen/ops/sub_native.h
注意: 包含文件:              D:\APP\AboutCode\Miniconda3\envs\yolo\lib\site-packages\torch\include\ATen/ops/sub_meta.h
注意: 包含文件:             D:\APP\AboutCode\Miniconda3\envs\yolo\lib\site-packages\torch\include\ATen/ops/subtract_native.h
注意: 包含文件:             D:\APP\AboutCode\Miniconda3\envs\yolo\lib\site-packages\torch\include\ATen/ops/sum_native.h
注意: 包含文件:              D:\APP\AboutCode\Miniconda3\envs\yolo\lib\site-packages\torch\include\ATen/ops/sum_meta.h
注意: 包含文件:             D:\APP\AboutCode\Miniconda3\envs\yolo\lib\site-packages\torch\include\ATen/ops/sum_to_size_native.h
注意: 包含文件:             D:\APP\AboutCode\Miniconda3\envs\yolo\lib\site-packages\torch\include\ATen/ops/svd_native.h
注意: 包含文件:             D:\APP\AboutCode\Miniconda3\envs\yolo\lib\site-packages\torch\include\ATen/ops/swapaxes_native.h
注意: 包含文件:             D:\APP\AboutCode\Miniconda3\envs\yolo\lib\site-packages\torch\include\ATen/ops/swapdims_native.h
注意: 包含文件:             D:\APP\AboutCode\Miniconda3\envs\yolo\lib\site-packages\torch\include\ATen/ops/sym_constrain_range_native.h
注意: 包含文件:             D:\APP\AboutCode\Miniconda3\envs\yolo\lib\site-packages\torch\include\ATen/ops/sym_constrain_range_for_size_native.h
注意: 包含文件:             D:\APP\AboutCode\Miniconda3\envs\yolo\lib\site-packages\torch\include\ATen/ops/sym_numel_native.h
注意: 包含文件:             D:\APP\AboutCode\Miniconda3\envs\yolo\lib\site-packages\torch\include\ATen/ops/sym_size_native.h
注意: 包含文件:             D:\APP\AboutCode\Miniconda3\envs\yolo\lib\site-packages\torch\include\ATen/ops/sym_storage_offset_native.h
注意: 包含文件:             D:\APP\AboutCode\Miniconda3\envs\yolo\lib\site-packages\torch\include\ATen/ops/sym_stride_native.h
注意: 包含文件:             D:\APP\AboutCode\Miniconda3\envs\yolo\lib\site-packages\torch\include\ATen/ops/t_native.h
注意: 包含文件:             D:\APP\AboutCode\Miniconda3\envs\yolo\lib\site-packages\torch\include\ATen/ops/t_copy_native.h
注意: 包含文件:             D:\APP\AboutCode\Miniconda3\envs\yolo\lib\site-packages\torch\include\ATen/ops/take_native.h
注意: 包含文件:             D:\APP\AboutCode\Miniconda3\envs\yolo\lib\site-packages\torch\include\ATen/ops/take_along_dim_native.h
注意: 包含文件:             D:\APP\AboutCode\Miniconda3\envs\yolo\lib\site-packages\torch\include\ATen/ops/tan_native.h
注意: 包含文件:              D:\APP\AboutCode\Miniconda3\envs\yolo\lib\site-packages\torch\include\ATen/ops/tan_meta.h
注意: 包含文件:             D:\APP\AboutCode\Miniconda3\envs\yolo\lib\site-packages\torch\include\ATen/ops/tanh_native.h
注意: 包含文件:              D:\APP\AboutCode\Miniconda3\envs\yolo\lib\site-packages\torch\include\ATen/ops/tanh_meta.h
注意: 包含文件:             D:\APP\AboutCode\Miniconda3\envs\yolo\lib\site-packages\torch\include\ATen/ops/tanh_backward_native.h
注意: 包含文件:              D:\APP\AboutCode\Miniconda3\envs\yolo\lib\site-packages\torch\include\ATen/ops/tanh_backward_meta.h
注意: 包含文件:             D:\APP\AboutCode\Miniconda3\envs\yolo\lib\site-packages\torch\include\ATen/ops/tensor_split_native.h
注意: 包含文件:             D:\APP\AboutCode\Miniconda3\envs\yolo\lib\site-packages\torch\include\ATen/ops/tensordot_native.h
注意: 包含文件:             D:\APP\AboutCode\Miniconda3\envs\yolo\lib\site-packages\torch\include\ATen/ops/thnn_conv2d_native.h
注意: 包含文件:             D:\APP\AboutCode\Miniconda3\envs\yolo\lib\site-packages\torch\include\ATen/ops/threshold_native.h
注意: 包含文件:              D:\APP\AboutCode\Miniconda3\envs\yolo\lib\site-packages\torch\include\ATen/ops/threshold_meta.h
注意: 包含文件:             D:\APP\AboutCode\Miniconda3\envs\yolo\lib\site-packages\torch\include\ATen/ops/threshold_backward_native.h
注意: 包含文件:              D:\APP\AboutCode\Miniconda3\envs\yolo\lib\site-packages\torch\include\ATen/ops/threshold_backward_meta.h
注意: 包含文件:             D:\APP\AboutCode\Miniconda3\envs\yolo\lib\site-packages\torch\include\ATen/ops/tile_native.h
注意: 包含文件:             D:\APP\AboutCode\Miniconda3\envs\yolo\lib\site-packages\torch\include\ATen/ops/to_native.h
注意: 包含文件:             D:\APP\AboutCode\Miniconda3\envs\yolo\lib\site-packages\torch\include\ATen/ops/to_dense_native.h
注意: 包含文件:             D:\APP\AboutCode\Miniconda3\envs\yolo\lib\site-packages\torch\include\ATen/ops/to_dense_backward_native.h
注意: 包含文件:             D:\APP\AboutCode\Miniconda3\envs\yolo\lib\site-packages\torch\include\ATen/ops/to_mkldnn_native.h
注意: 包含文件:             D:\APP\AboutCode\Miniconda3\envs\yolo\lib\site-packages\torch\include\ATen/ops/to_mkldnn_backward_native.h
注意: 包含文件:             D:\APP\AboutCode\Miniconda3\envs\yolo\lib\site-packages\torch\include\ATen/ops/to_padded_tensor_native.h
注意: 包含文件:             D:\APP\AboutCode\Miniconda3\envs\yolo\lib\site-packages\torch\include\ATen/ops/to_sparse_native.h
注意: 包含文件:             D:\APP\AboutCode\Miniconda3\envs\yolo\lib\site-packages\torch\include\ATen/ops/to_sparse_bsc_native.h
注意: 包含文件:             D:\APP\AboutCode\Miniconda3\envs\yolo\lib\site-packages\torch\include\ATen/ops/to_sparse_bsr_native.h
注意: 包含文件:             D:\APP\AboutCode\Miniconda3\envs\yolo\lib\site-packages\torch\include\ATen/ops/to_sparse_csc_native.h
注意: 包含文件:             D:\APP\AboutCode\Miniconda3\envs\yolo\lib\site-packages\torch\include\ATen/ops/to_sparse_csr_native.h
注意: 包含文件:             D:\APP\AboutCode\Miniconda3\envs\yolo\lib\site-packages\torch\include\ATen/ops/topk_native.h
注意: 包含文件:              D:\APP\AboutCode\Miniconda3\envs\yolo\lib\site-packages\torch\include\ATen/ops/topk_meta.h
注意: 包含文件:             D:\APP\AboutCode\Miniconda3\envs\yolo\lib\site-packages\torch\include\ATen/ops/trace_native.h
注意: 包含文件:             D:\APP\AboutCode\Miniconda3\envs\yolo\lib\site-packages\torch\include\ATen/ops/trace_backward_native.h
注意: 包含文件:             D:\APP\AboutCode\Miniconda3\envs\yolo\lib\site-packages\torch\include\ATen/ops/transpose_native.h
注意: 包含文件:             D:\APP\AboutCode\Miniconda3\envs\yolo\lib\site-packages\torch\include\ATen/ops/transpose_copy_native.h
注意: 包含文件:             D:\APP\AboutCode\Miniconda3\envs\yolo\lib\site-packages\torch\include\ATen/ops/trapezoid_native.h
注意: 包含文件:             D:\APP\AboutCode\Miniconda3\envs\yolo\lib\site-packages\torch\include\ATen/ops/trapz_native.h
注意: 包含文件:             D:\APP\AboutCode\Miniconda3\envs\yolo\lib\site-packages\torch\include\ATen/ops/triangular_solve_native.h
注意: 包含文件:              D:\APP\AboutCode\Miniconda3\envs\yolo\lib\site-packages\torch\include\ATen/ops/triangular_solve_meta.h
注意: 包含文件:             D:\APP\AboutCode\Miniconda3\envs\yolo\lib\site-packages\torch\include\ATen/ops/tril_native.h
注意: 包含文件:              D:\APP\AboutCode\Miniconda3\envs\yolo\lib\site-packages\torch\include\ATen/ops/tril_meta.h
注意: 包含文件:             D:\APP\AboutCode\Miniconda3\envs\yolo\lib\site-packages\torch\include\ATen/ops/tril_indices_native.h
注意: 包含文件:             D:\APP\AboutCode\Miniconda3\envs\yolo\lib\site-packages\torch\include\ATen/ops/triplet_margin_loss_native.h
注意: 包含文件:             D:\APP\AboutCode\Miniconda3\envs\yolo\lib\site-packages\torch\include\ATen/ops/triu_native.h
注意: 包含文件:              D:\APP\AboutCode\Miniconda3\envs\yolo\lib\site-packages\torch\include\ATen/ops/triu_meta.h
注意: 包含文件:             D:\APP\AboutCode\Miniconda3\envs\yolo\lib\site-packages\torch\include\ATen/ops/triu_indices_native.h
注意: 包含文件:             D:\APP\AboutCode\Miniconda3\envs\yolo\lib\site-packages\torch\include\ATen/ops/true_divide_native.h
注意: 包含文件:             D:\APP\AboutCode\Miniconda3\envs\yolo\lib\site-packages\torch\include\ATen/ops/trunc_native.h
注意: 包含文件:              D:\APP\AboutCode\Miniconda3\envs\yolo\lib\site-packages\torch\include\ATen/ops/trunc_meta.h
注意: 包含文件:             D:\APP\AboutCode\Miniconda3\envs\yolo\lib\site-packages\torch\include\ATen/ops/type_as_native.h
注意: 包含文件:             D:\APP\AboutCode\Miniconda3\envs\yolo\lib\site-packages\torch\include\ATen/ops/unbind_native.h
注意: 包含文件:             D:\APP\AboutCode\Miniconda3\envs\yolo\lib\site-packages\torch\include\ATen/ops/unbind_copy_native.h
注意: 包含文件:             D:\APP\AboutCode\Miniconda3\envs\yolo\lib\site-packages\torch\include\ATen/ops/unflatten_native.h
注意: 包含文件:             D:\APP\AboutCode\Miniconda3\envs\yolo\lib\site-packages\torch\include\ATen/ops/unflatten_dense_tensors_native.h
注意: 包含文件:             D:\APP\AboutCode\Miniconda3\envs\yolo\lib\site-packages\torch\include\ATen/ops/unfold_native.h
注意: 包含文件:             D:\APP\AboutCode\Miniconda3\envs\yolo\lib\site-packages\torch\include\ATen/ops/unfold_backward_native.h
注意: 包含文件:             D:\APP\AboutCode\Miniconda3\envs\yolo\lib\site-packages\torch\include\ATen/ops/unfold_copy_native.h
注意: 包含文件:             D:\APP\AboutCode\Miniconda3\envs\yolo\lib\site-packages\torch\include\ATen/ops/uniform_native.h
注意: 包含文件:             D:\APP\AboutCode\Miniconda3\envs\yolo\lib\site-packages\torch\include\ATen/ops/unique_consecutive_native.h
注意: 包含文件:             D:\APP\AboutCode\Miniconda3\envs\yolo\lib\site-packages\torch\include\ATen/ops/unique_dim_native.h
注意: 包含文件:             D:\APP\AboutCode\Miniconda3\envs\yolo\lib\site-packages\torch\include\ATen/ops/unique_dim_consecutive_native.h
注意: 包含文件:             D:\APP\AboutCode\Miniconda3\envs\yolo\lib\site-packages\torch\include\ATen/ops/unsafe_chunk_native.h
注意: 包含文件:             D:\APP\AboutCode\Miniconda3\envs\yolo\lib\site-packages\torch\include\ATen/ops/unsafe_split_native.h
注意: 包含文件:             D:\APP\AboutCode\Miniconda3\envs\yolo\lib\site-packages\torch\include\ATen/ops/unsafe_split_with_sizes_native.h
注意: 包含文件:             D:\APP\AboutCode\Miniconda3\envs\yolo\lib\site-packages\torch\include\ATen/ops/unsqueeze_native.h
注意: 包含文件:             D:\APP\AboutCode\Miniconda3\envs\yolo\lib\site-packages\torch\include\ATen/ops/unsqueeze_copy_native.h
注意: 包含文件:             D:\APP\AboutCode\Miniconda3\envs\yolo\lib\site-packages\torch\include\ATen/ops/upsample_bicubic2d_native.h
注意: 包含文件:              D:\APP\AboutCode\Miniconda3\envs\yolo\lib\site-packages\torch\include\ATen/ops/upsample_bicubic2d_meta.h
注意: 包含文件:             D:\APP\AboutCode\Miniconda3\envs\yolo\lib\site-packages\torch\include\ATen/ops/upsample_bicubic2d_backward_native.h
注意: 包含文件:              D:\APP\AboutCode\Miniconda3\envs\yolo\lib\site-packages\torch\include\ATen/ops/upsample_bicubic2d_backward_meta.h
注意: 包含文件:             D:\APP\AboutCode\Miniconda3\envs\yolo\lib\site-packages\torch\include\ATen/ops/upsample_bilinear2d_native.h
注意: 包含文件:              D:\APP\AboutCode\Miniconda3\envs\yolo\lib\site-packages\torch\include\ATen/ops/upsample_bilinear2d_meta.h
注意: 包含文件:             D:\APP\AboutCode\Miniconda3\envs\yolo\lib\site-packages\torch\include\ATen/ops/upsample_bilinear2d_backward_native.h
注意: 包含文件:              D:\APP\AboutCode\Miniconda3\envs\yolo\lib\site-packages\torch\include\ATen/ops/upsample_bilinear2d_backward_meta.h
注意: 包含文件:             D:\APP\AboutCode\Miniconda3\envs\yolo\lib\site-packages\torch\include\ATen/ops/upsample_linear1d_native.h
注意: 包含文件:              D:\APP\AboutCode\Miniconda3\envs\yolo\lib\site-packages\torch\include\ATen/ops/upsample_linear1d_meta.h
注意: 包含文件:             D:\APP\AboutCode\Miniconda3\envs\yolo\lib\site-packages\torch\include\ATen/ops/upsample_linear1d_backward_native.h
注意: 包含文件:              D:\APP\AboutCode\Miniconda3\envs\yolo\lib\site-packages\torch\include\ATen/ops/upsample_linear1d_backward_meta.h
注意: 包含文件:             D:\APP\AboutCode\Miniconda3\envs\yolo\lib\site-packages\torch\include\ATen/ops/upsample_nearest1d_native.h
注意: 包含文件:              D:\APP\AboutCode\Miniconda3\envs\yolo\lib\site-packages\torch\include\ATen/ops/upsample_nearest1d_meta.h
注意: 包含文件:             D:\APP\AboutCode\Miniconda3\envs\yolo\lib\site-packages\torch\include\ATen/ops/upsample_nearest1d_backward_native.h
注意: 包含文件:              D:\APP\AboutCode\Miniconda3\envs\yolo\lib\site-packages\torch\include\ATen/ops/upsample_nearest1d_backward_meta.h
注意: 包含文件:             D:\APP\AboutCode\Miniconda3\envs\yolo\lib\site-packages\torch\include\ATen/ops/upsample_nearest2d_native.h
注意: 包含文件:              D:\APP\AboutCode\Miniconda3\envs\yolo\lib\site-packages\torch\include\ATen/ops/upsample_nearest2d_meta.h
注意: 包含文件:             D:\APP\AboutCode\Miniconda3\envs\yolo\lib\site-packages\torch\include\ATen/ops/upsample_nearest2d_backward_native.h
注意: 包含文件:              D:\APP\AboutCode\Miniconda3\envs\yolo\lib\site-packages\torch\include\ATen/ops/upsample_nearest2d_backward_meta.h
注意: 包含文件:             D:\APP\AboutCode\Miniconda3\envs\yolo\lib\site-packages\torch\include\ATen/ops/upsample_nearest3d_native.h
注意: 包含文件:              D:\APP\AboutCode\Miniconda3\envs\yolo\lib\site-packages\torch\include\ATen/ops/upsample_nearest3d_meta.h
注意: 包含文件:             D:\APP\AboutCode\Miniconda3\envs\yolo\lib\site-packages\torch\include\ATen/ops/upsample_nearest3d_backward_native.h
注意: 包含文件:              D:\APP\AboutCode\Miniconda3\envs\yolo\lib\site-packages\torch\include\ATen/ops/upsample_nearest3d_backward_meta.h
注意: 包含文件:             D:\APP\AboutCode\Miniconda3\envs\yolo\lib\site-packages\torch\include\ATen/ops/upsample_trilinear3d_native.h
注意: 包含文件:              D:\APP\AboutCode\Miniconda3\envs\yolo\lib\site-packages\torch\include\ATen/ops/upsample_trilinear3d_meta.h
注意: 包含文件:             D:\APP\AboutCode\Miniconda3\envs\yolo\lib\site-packages\torch\include\ATen/ops/upsample_trilinear3d_backward_native.h
注意: 包含文件:              D:\APP\AboutCode\Miniconda3\envs\yolo\lib\site-packages\torch\include\ATen/ops/upsample_trilinear3d_backward_meta.h
注意: 包含文件:             D:\APP\AboutCode\Miniconda3\envs\yolo\lib\site-packages\torch\include\ATen/ops/value_selecting_reduction_backward_native.h
注意: 包含文件:             D:\APP\AboutCode\Miniconda3\envs\yolo\lib\site-packages\torch\include\ATen/ops/values_native.h
注意: 包含文件:             D:\APP\AboutCode\Miniconda3\envs\yolo\lib\site-packages\torch\include\ATen/ops/values_copy_native.h
注意: 包含文件:             D:\APP\AboutCode\Miniconda3\envs\yolo\lib\site-packages\torch\include\ATen/ops/vander_native.h
注意: 包含文件:             D:\APP\AboutCode\Miniconda3\envs\yolo\lib\site-packages\torch\include\ATen/ops/var_native.h
注意: 包含文件:             D:\APP\AboutCode\Miniconda3\envs\yolo\lib\site-packages\torch\include\ATen/ops/var_mean_native.h
注意: 包含文件:             D:\APP\AboutCode\Miniconda3\envs\yolo\lib\site-packages\torch\include\ATen/ops/vdot_native.h
注意: 包含文件:             D:\APP\AboutCode\Miniconda3\envs\yolo\lib\site-packages\torch\include\ATen/ops/view_native.h
注意: 包含文件:             D:\APP\AboutCode\Miniconda3\envs\yolo\lib\site-packages\torch\include\ATen/ops/view_as_native.h
注意: 包含文件:             D:\APP\AboutCode\Miniconda3\envs\yolo\lib\site-packages\torch\include\ATen/ops/view_as_complex_native.h
注意: 包含文件:             D:\APP\AboutCode\Miniconda3\envs\yolo\lib\site-packages\torch\include\ATen/ops/view_as_complex_copy_native.h
注意: 包含文件:             D:\APP\AboutCode\Miniconda3\envs\yolo\lib\site-packages\torch\include\ATen/ops/view_as_real_native.h
注意: 包含文件:             D:\APP\AboutCode\Miniconda3\envs\yolo\lib\site-packages\torch\include\ATen/ops/view_as_real_copy_native.h
注意: 包含文件:             D:\APP\AboutCode\Miniconda3\envs\yolo\lib\site-packages\torch\include\ATen/ops/view_copy_native.h
注意: 包含文件:             D:\APP\AboutCode\Miniconda3\envs\yolo\lib\site-packages\torch\include\ATen/ops/vsplit_native.h
注意: 包含文件:             D:\APP\AboutCode\Miniconda3\envs\yolo\lib\site-packages\torch\include\ATen/ops/vstack_native.h
注意: 包含文件:             D:\APP\AboutCode\Miniconda3\envs\yolo\lib\site-packages\torch\include\ATen/ops/where_native.h
注意: 包含文件:             D:\APP\AboutCode\Miniconda3\envs\yolo\lib\site-packages\torch\include\ATen/ops/xlogy_native.h
注意: 包含文件:              D:\APP\AboutCode\Miniconda3\envs\yolo\lib\site-packages\torch\include\ATen/ops/xlogy_meta.h
注意: 包含文件:             D:\APP\AboutCode\Miniconda3\envs\yolo\lib\site-packages\torch\include\ATen/ops/xor_native.h
注意: 包含文件:             D:\APP\AboutCode\Miniconda3\envs\yolo\lib\site-packages\torch\include\ATen/ops/zero_native.h
注意: 包含文件:             D:\APP\AboutCode\Miniconda3\envs\yolo\lib\site-packages\torch\include\ATen/ops/zeros_native.h
注意: 包含文件:             D:\APP\AboutCode\Miniconda3\envs\yolo\lib\site-packages\torch\include\ATen/ops/zeros_like_native.h
注意: 包含文件:           D:\APP\AboutCode\Miniconda3\envs\yolo\lib\site-packages\torch\include\ATen/TensorOperators.h
注意: 包含文件:           D:\APP\AboutCode\Miniconda3\envs\yolo\lib\site-packages\torch\include\ATen/Version.h
注意: 包含文件:           D:\APP\AboutCode\Miniconda3\envs\yolo\lib\site-packages\torch\include\ATen/core/Scalar.h
注意: 包含文件:           D:\APP\AboutCode\Miniconda3\envs\yolo\lib\site-packages\torch\include\ATen/core/UnsafeFromTH.h
注意: 包含文件:          D:\APP\AboutCode\Miniconda3\envs\yolo\lib\site-packages\torch\include\torch/csrc/autograd/generated/variable_factories.h
注意: 包含文件:           D:\APP\AboutCode\Miniconda3\envs\yolo\lib\site-packages\torch\include\torch/csrc/api/include/torch/detail/TensorDataContainer.h
注意: 包含文件:        D:\APP\AboutCode\Miniconda3\envs\yolo\lib\site-packages\torch\include\torch\csrc\api\include\torch/data/detail/data_shuttle.h
注意: 包含文件:         D:\APP\AboutCode\Miniconda3\envs\yolo\lib\site-packages\torch\include\torch\csrc\api\include\torch/data/detail/queue.h
注意: 包含文件:          D:\APP\AboutCode\Microsoft Visual Studio\2022\Community\VC\Tools\MSVC\14.44.35207\include\queue
注意: 包含文件:        D:\APP\AboutCode\Miniconda3\envs\yolo\lib\site-packages\torch\include\torch\csrc\api\include\torch/data/detail/sequencers.h
注意: 包含文件:        D:\APP\AboutCode\Miniconda3\envs\yolo\lib\site-packages\torch\include\torch\csrc\api\include\torch/data/iterator.h
注意: 包含文件:        D:\APP\AboutCode\Miniconda3\envs\yolo\lib\site-packages\torch\include\torch\csrc\api\include\torch/data/samplers/random.h
注意: 包含文件:         D:\APP\AboutCode\Miniconda3\envs\yolo\lib\site-packages\torch\include\torch\csrc\api\include\torch/data/samplers/base.h
注意: 包含文件:        D:\APP\AboutCode\Miniconda3\envs\yolo\lib\site-packages\torch\include\torch\csrc\api\include\torch/data/worker_exception.h
注意: 包含文件:      D:\APP\AboutCode\Miniconda3\envs\yolo\lib\site-packages\torch\include\torch\csrc\api\include\torch/data/dataloader/stateless.h
注意: 包含文件:     D:\APP\AboutCode\Miniconda3\envs\yolo\lib\site-packages\torch\include\torch\csrc\api\include\torch/data/datasets.h
注意: 包含文件:      D:\APP\AboutCode\Miniconda3\envs\yolo\lib\site-packages\torch\include\torch\csrc\api\include\torch/data/datasets/base.h
注意: 包含文件:       D:\APP\AboutCode\Miniconda3\envs\yolo\lib\site-packages\torch\include\torch\csrc\api\include\torch/data/example.h
注意: 包含文件:      D:\APP\AboutCode\Miniconda3\envs\yolo\lib\site-packages\torch\include\torch\csrc\api\include\torch/data/datasets/chunk.h
注意: 包含文件:       D:\APP\AboutCode\Miniconda3\envs\yolo\lib\site-packages\torch\include\torch\csrc\api\include\torch/data/datasets/stateful.h
注意: 包含文件:       D:\APP\AboutCode\Miniconda3\envs\yolo\lib\site-packages\torch\include\torch\csrc\api\include\torch/data/samplers.h
注意: 包含文件:        D:\APP\AboutCode\Miniconda3\envs\yolo\lib\site-packages\torch\include\torch\csrc\api\include\torch/data/samplers/custom_batch_request.h
注意: 包含文件:        D:\APP\AboutCode\Miniconda3\envs\yolo\lib\site-packages\torch\include\torch\csrc\api\include\torch/data/samplers/distributed.h
注意: 包含文件:        D:\APP\AboutCode\Miniconda3\envs\yolo\lib\site-packages\torch\include\torch\csrc\api\include\torch/data/samplers/sequential.h
注意: 包含文件:        D:\APP\AboutCode\Miniconda3\envs\yolo\lib\site-packages\torch\include\torch\csrc\api\include\torch/data/samplers/serialize.h
注意: 包含文件:         D:\APP\AboutCode\Miniconda3\envs\yolo\lib\site-packages\torch\include\torch\csrc\api\include\torch/serialize/archive.h
注意: 包含文件:          D:\APP\AboutCode\Miniconda3\envs\yolo\lib\site-packages\torch\include\torch\csrc\api\include\torch/serialize/input-archive.h
注意: 包含文件:           D:\APP\AboutCode\Miniconda3\envs\yolo\lib\site-packages\torch\include\torch/csrc/jit/api/module.h
注意: 包含文件:            D:\APP\AboutCode\Miniconda3\envs\yolo\lib\site-packages\torch\include\torch/csrc/jit/api/object.h
注意: 包含文件:             D:\APP\AboutCode\Miniconda3\envs\yolo\lib\site-packages\torch\include\torch/csrc/jit/api/method.h
注意: 包含文件:              D:\APP\AboutCode\Miniconda3\envs\yolo\lib\site-packages\torch\include\torch/csrc/api/include/torch/imethod.h
注意: 包含文件:              D:\APP\AboutCode\Miniconda3\envs\yolo\lib\site-packages\torch\include\torch/csrc/jit/api/function_impl.h
注意: 包含文件:               D:\APP\AboutCode\Miniconda3\envs\yolo\lib\site-packages\torch\include\torch/csrc/jit/ir/ir.h
注意: 包含文件:                D:\APP\AboutCode\Miniconda3\envs\yolo\lib\site-packages\torch\include\torch/csrc/jit/ir/attributes.h
注意: 包含文件:                D:\APP\AboutCode\Miniconda3\envs\yolo\lib\site-packages\torch\include\torch/csrc/jit/ir/graph_node_list.h
注意: 包含文件:                D:\APP\AboutCode\Miniconda3\envs\yolo\lib\site-packages\torch\include\torch/csrc/jit/ir/named_value.h
注意: 包含文件:                 D:\APP\AboutCode\Miniconda3\envs\yolo\lib\site-packages\torch\include\torch/csrc/jit/frontend/source_range.h
注意: 包含文件:                  D:\APP\AboutCode\Microsoft Visual Studio\2022\Community\VC\Tools\MSVC\14.44.35207\include\regex
注意: 包含文件:                   D:\APP\AboutCode\Microsoft Visual Studio\2022\Community\VC\Tools\MSVC\14.44.35207\include\locale
注意: 包含文件:                    D:\APP\AboutCode\Microsoft Visual Studio\2022\Community\VC\Tools\MSVC\14.44.35207\include\xlocbuf
注意: 包含文件:                    D:\APP\AboutCode\Microsoft Visual Studio\2022\Community\VC\Tools\MSVC\14.44.35207\include\xlocmes
注意: 包含文件:                 D:\APP\AboutCode\Miniconda3\envs\yolo\lib\site-packages\torch\include\torch/csrc/jit/ir/constants.h
注意: 包含文件:                  D:\APP\AboutCode\Miniconda3\envs\yolo\lib\site-packages\torch\include\torch/csrc/jit/ir/scope.h
注意: 包含文件:                D:\APP\AboutCode\Miniconda3\envs\yolo\lib\site-packages\torch\include\torch/csrc/jit/runtime/operator.h
注意: 包含文件:                 D:\APP\AboutCode\Miniconda3\envs\yolo\lib\site-packages\torch\include\c10/util/overloaded.h
注意: 包含文件:                 D:\APP\AboutCode\Miniconda3\envs\yolo\lib\site-packages\torch\include\torch/csrc/jit/runtime/operator_options.h
注意: 包含文件:                D:\APP\AboutCode\Miniconda3\envs\yolo\lib\site-packages\torch\include\torch/csrc/utils/schema_info.h
注意: 包含文件:                D:\APP\AboutCode\Miniconda3\envs\yolo\lib\site-packages\torch\include\ATen/core/enum_type.h
注意: 包含文件:                D:\APP\AboutCode\Miniconda3\envs\yolo\lib\site-packages\torch\include\ATen/core/interned_strings.h
注意: 包含文件:                 D:\APP\AboutCode\Miniconda3\envs\yolo\lib\site-packages\torch\include\ATen/core/aten_interned_strings.h
注意: 包含文件:               D:\APP\AboutCode\Miniconda3\envs\yolo\lib\site-packages\torch\include\torch/csrc/jit/runtime/graph_executor.h
注意: 包含文件:                D:\APP\AboutCode\Miniconda3\envs\yolo\lib\site-packages\torch\include\torch/csrc/jit/python/update_graph_executor_opt.h
注意: 包含文件:                D:\APP\AboutCode\Miniconda3\envs\yolo\lib\site-packages\torch\include\torch/csrc/jit/runtime/argument_spec.h
注意: 包含文件:                D:\APP\AboutCode\Miniconda3\envs\yolo\lib\site-packages\torch\include\torch/csrc/jit/runtime/interpreter.h
注意: 包含文件:                D:\APP\AboutCode\Miniconda3\envs\yolo\lib\site-packages\torch\include\torch/csrc/jit/runtime/variable_tensor_list.h
注意: 包含文件:            D:\APP\AboutCode\Miniconda3\envs\yolo\lib\site-packages\torch\include\torch/csrc/api/include/torch/ordered_dict.h
注意: 包含文件:            D:\APP\AboutCode\Miniconda3\envs\yolo\lib\site-packages\torch\include\torch/csrc/jit/api/compilation_unit.h
注意: 包含文件:             D:\APP\AboutCode\Miniconda3\envs\yolo\lib\site-packages\torch\include\torch/csrc/jit/frontend/name_mangler.h
注意: 包含文件:          D:\APP\AboutCode\Miniconda3\envs\yolo\lib\site-packages\torch\include\torch\csrc\api\include\torch/serialize/output-archive.h
注意: 包含文件:        D:\APP\AboutCode\Miniconda3\envs\yolo\lib\site-packages\torch\include\torch\csrc\api\include\torch/data/samplers/stream.h
注意: 包含文件:       D:\APP\AboutCode\Miniconda3\envs\yolo\lib\site-packages\torch\include\torch\csrc\api\include\torch/serialize.h
注意: 包含文件:        D:\APP\AboutCode\Miniconda3\envs\yolo\lib\site-packages\torch\include\torch\csrc\api\include\torch/serialize/tensor.h
注意: 包含文件:      D:\APP\AboutCode\Miniconda3\envs\yolo\lib\site-packages\torch\include\torch\csrc\api\include\torch/data/datasets/map.h
注意: 包含文件:      D:\APP\AboutCode\Miniconda3\envs\yolo\lib\site-packages\torch\include\torch\csrc\api\include\torch/data/datasets/mnist.h
注意: 包含文件:      D:\APP\AboutCode\Miniconda3\envs\yolo\lib\site-packages\torch\include\torch\csrc\api\include\torch/data/datasets/shared.h
注意: 包含文件:      D:\APP\AboutCode\Miniconda3\envs\yolo\lib\site-packages\torch\include\torch\csrc\api\include\torch/data/datasets/tensor.h
注意: 包含文件:     D:\APP\AboutCode\Miniconda3\envs\yolo\lib\site-packages\torch\include\torch\csrc\api\include\torch/data/transforms.h
注意: 包含文件:      D:\APP\AboutCode\Miniconda3\envs\yolo\lib\site-packages\torch\include\torch\csrc\api\include\torch/data/transforms/base.h
注意: 包含文件:      D:\APP\AboutCode\Miniconda3\envs\yolo\lib\site-packages\torch\include\torch\csrc\api\include\torch/data/transforms/collate.h
注意: 包含文件:       D:\APP\AboutCode\Miniconda3\envs\yolo\lib\site-packages\torch\include\torch\csrc\api\include\torch/data/transforms/lambda.h
注意: 包含文件:      D:\APP\AboutCode\Miniconda3\envs\yolo\lib\site-packages\torch\include\torch\csrc\api\include\torch/data/transforms/stack.h
注意: 包含文件:      D:\APP\AboutCode\Miniconda3\envs\yolo\lib\site-packages\torch\include\torch\csrc\api\include\torch/data/transforms/tensor.h
注意: 包含文件:    D:\APP\AboutCode\Miniconda3\envs\yolo\lib\site-packages\torch\include\torch\csrc\api\include\torch/enum.h
注意: 包含文件:    D:\APP\AboutCode\Miniconda3\envs\yolo\lib\site-packages\torch\include\torch\csrc\api\include\torch/fft.h
注意: 包含文件:    D:\APP\AboutCode\Miniconda3\envs\yolo\lib\site-packages\torch\include\torch\csrc\api\include\torch/jit.h
注意: 包含文件:    D:\APP\AboutCode\Miniconda3\envs\yolo\lib\site-packages\torch\include\torch\csrc\api\include\torch/linalg.h
注意: 包含文件:    D:\APP\AboutCode\Miniconda3\envs\yolo\lib\site-packages\torch\include\torch\csrc\api\include\torch/mps.h
注意: 包含文件:    D:\APP\AboutCode\Miniconda3\envs\yolo\lib\site-packages\torch\include\torch\csrc\api\include\torch/nested.h
注意: 包含文件:    D:\APP\AboutCode\Miniconda3\envs\yolo\lib\site-packages\torch\include\torch\csrc\api\include\torch/nn.h
注意: 包含文件:     D:\APP\AboutCode\Miniconda3\envs\yolo\lib\site-packages\torch\include\torch\csrc\api\include\torch/nn/cloneable.h
注意: 包含文件:      D:\APP\AboutCode\Miniconda3\envs\yolo\lib\site-packages\torch\include\torch\csrc\api\include\torch/nn/module.h
注意: 包含文件:       D:\APP\AboutCode\Miniconda3\envs\yolo\lib\site-packages\torch\include\torch\csrc\api\include\torch/nn/modules/container/any_module_holder.h
注意: 包含文件:        D:\APP\AboutCode\Miniconda3\envs\yolo\lib\site-packages\torch\include\torch\csrc\api\include\torch/nn/modules/container/any_value.h
注意: 包含文件:         D:\APP\AboutCode\Miniconda3\envs\yolo\lib\site-packages\torch\include\torch\csrc\api\include\torch/detail/static.h
注意: 包含文件:         D:\APP\AboutCode\Miniconda3\envs\yolo\lib\site-packages\torch\include\torch\csrc\api\include\torch/nn/pimpl.h
注意: 包含文件:          D:\APP\AboutCode\Miniconda3\envs\yolo\lib\site-packages\torch\include\torch/csrc/api/include/torch/nn/pimpl-inl.h
注意: 包含文件:      D:\APP\AboutCode\Miniconda3\envs\yolo\lib\site-packages\torch\include\torch\csrc\api\include\torch/utils.h
注意: 包含文件:       D:\APP\AboutCode\Miniconda3\envs\yolo\lib\site-packages\torch\include\ATen/Parallel.h
注意: 包含文件:        D:\APP\AboutCode\Miniconda3\envs\yolo\lib\site-packages\torch\include\ATen/Config.h
注意: 包含文件:        D:\APP\AboutCode\Miniconda3\envs\yolo\lib\site-packages\torch\include\ATen/ParallelOpenMP.h
注意: 包含文件:        D:\APP\AboutCode\Miniconda3\envs\yolo\lib\site-packages\torch\include\ATen/Parallel-inl.h
注意: 包含文件:       D:\APP\AboutCode\Miniconda3\envs\yolo\lib\site-packages\torch\include\torch/csrc/autograd/profiler.h
注意: 包含文件:        D:\APP\AboutCode\Miniconda3\envs\yolo\lib\site-packages\torch\include\torch/csrc/autograd/profiler_kineto.h
注意: 包含文件:         D:\APP\AboutCode\Miniconda3\envs\yolo\lib\site-packages\torch\include\torch/csrc/profiler/api.h
注意: 包含文件:          D:\APP\AboutCode\Miniconda3\envs\yolo\lib\site-packages\torch\include\torch/csrc/profiler/orchestration/observer.h
注意: 包含文件:         D:\APP\AboutCode\Miniconda3\envs\yolo\lib\site-packages\torch\include\torch/csrc/profiler/events.h
注意: 包含文件:         D:\APP\AboutCode\Miniconda3\envs\yolo\lib\site-packages\torch\include\torch/csrc/profiler/stubs/base.h
注意: 包含文件:          D:\APP\AboutCode\Miniconda3\envs\yolo\lib\site-packages\torch\include\c10/util/strong_type.h
注意: 包含文件:         D:\APP\AboutCode\Miniconda3\envs\yolo\lib\site-packages\torch\include\torch/csrc/profiler/util.h
注意: 包含文件:        D:\APP\AboutCode\Miniconda3\envs\yolo\lib\site-packages\torch\include\torch/csrc/autograd/profiler_legacy.h
注意: 包含文件:         D:\APP\AboutCode\Microsoft Visual Studio\2022\Community\VC\Tools\MSVC\14.44.35207\include\forward_list
注意: 包含文件:         D:\APP\AboutCode\Microsoft Visual Studio\2022\Community\VC\Tools\MSVC\14.44.35207\include\iostream
注意: 包含文件:     D:\APP\AboutCode\Miniconda3\envs\yolo\lib\site-packages\torch\include\torch\csrc\api\include\torch/nn/functional.h
注意: 包含文件:      D:\APP\AboutCode\Miniconda3\envs\yolo\lib\site-packages\torch\include\torch\csrc\api\include\torch/nn/functional/batchnorm.h
注意: 包含文件:       D:\APP\AboutCode\Miniconda3\envs\yolo\lib\site-packages\torch\include\torch\csrc\api\include\torch/nn/options/batchnorm.h
注意: 包含文件:      D:\APP\AboutCode\Miniconda3\envs\yolo\lib\site-packages\torch\include\torch\csrc\api\include\torch/nn/functional/conv.h
注意: 包含文件:       D:\APP\AboutCode\Miniconda3\envs\yolo\lib\site-packages\torch\include\torch\csrc\api\include\torch/nn/options/conv.h
注意: 包含文件:        D:\APP\AboutCode\Miniconda3\envs\yolo\lib\site-packages\torch\include\torch\csrc\api\include\torch/expanding_array.h
注意: 包含文件:      D:\APP\AboutCode\Miniconda3\envs\yolo\lib\site-packages\torch\include\torch\csrc\api\include\torch/nn/functional/distance.h
注意: 包含文件:       D:\APP\AboutCode\Miniconda3\envs\yolo\lib\site-packages\torch\include\torch\csrc\api\include\torch/nn/options/distance.h
注意: 包含文件:      D:\APP\AboutCode\Miniconda3\envs\yolo\lib\site-packages\torch\include\torch\csrc\api\include\torch/nn/functional/dropout.h
注意: 包含文件:       D:\APP\AboutCode\Miniconda3\envs\yolo\lib\site-packages\torch\include\torch\csrc\api\include\torch/nn/options/dropout.h
注意: 包含文件:      D:\APP\AboutCode\Miniconda3\envs\yolo\lib\site-packages\torch\include\torch\csrc\api\include\torch/nn/functional/embedding.h
注意: 包含文件:       D:\APP\AboutCode\Miniconda3\envs\yolo\lib\site-packages\torch\include\torch\csrc\api\include\torch/nn/options/embedding.h
注意: 包含文件:      D:\APP\AboutCode\Miniconda3\envs\yolo\lib\site-packages\torch\include\torch\csrc\api\include\torch/nn/functional/fold.h
注意: 包含文件:       D:\APP\AboutCode\Miniconda3\envs\yolo\lib\site-packages\torch\include\torch\csrc\api\include\torch/nn/options/fold.h
注意: 包含文件:      D:\APP\AboutCode\Miniconda3\envs\yolo\lib\site-packages\torch\include\torch\csrc\api\include\torch/nn/functional/instancenorm.h
注意: 包含文件:       D:\APP\AboutCode\Miniconda3\envs\yolo\lib\site-packages\torch\include\torch\csrc\api\include\torch/nn/options/instancenorm.h
注意: 包含文件:      D:\APP\AboutCode\Miniconda3\envs\yolo\lib\site-packages\torch\include\torch\csrc\api\include\torch/nn/functional/linear.h
注意: 包含文件:      D:\APP\AboutCode\Miniconda3\envs\yolo\lib\site-packages\torch\include\torch\csrc\api\include\torch/nn/functional/loss.h
注意: 包含文件:       D:\APP\AboutCode\Miniconda3\envs\yolo\lib\site-packages\torch\include\torch\csrc\api\include\torch/nn/functional/activation.h
注意: 包含文件:        D:\APP\AboutCode\Miniconda3\envs\yolo\lib\site-packages\torch\include\torch\csrc\api\include\torch/nn/options/activation.h
注意: 包含文件:        D:\APP\AboutCode\Miniconda3\envs\yolo\lib\site-packages\torch\include\torch\csrc\api\include\torch/nn/options/linear.h
注意: 包含文件:       D:\APP\AboutCode\Miniconda3\envs\yolo\lib\site-packages\torch\include\torch\csrc\api\include\torch/nn/options/loss.h
注意: 包含文件:      D:\APP\AboutCode\Miniconda3\envs\yolo\lib\site-packages\torch\include\torch\csrc\api\include\torch/nn/functional/normalization.h
注意: 包含文件:       D:\APP\AboutCode\Miniconda3\envs\yolo\lib\site-packages\torch\include\torch\csrc\api\include\torch/nn/functional/padding.h
注意: 包含文件:        D:\APP\AboutCode\Miniconda3\envs\yolo\lib\site-packages\torch\include\ATen/PadNd.h
注意: 包含文件:        D:\APP\AboutCode\Miniconda3\envs\yolo\lib\site-packages\torch\include\torch\csrc\api\include\torch/nn/options/padding.h
注意: 包含文件:       D:\APP\AboutCode\Miniconda3\envs\yolo\lib\site-packages\torch\include\torch\csrc\api\include\torch/nn/functional/pooling.h
注意: 包含文件:        D:\APP\AboutCode\Miniconda3\envs\yolo\lib\site-packages\torch\include\torch\csrc\api\include\torch/nn/modules/utils.h
注意: 包含文件:        D:\APP\AboutCode\Miniconda3\envs\yolo\lib\site-packages\torch\include\torch\csrc\api\include\torch/nn/options/pooling.h
注意: 包含文件:       D:\APP\AboutCode\Miniconda3\envs\yolo\lib\site-packages\torch\include\torch\csrc\api\include\torch/nn/options/normalization.h
注意: 包含文件:      D:\APP\AboutCode\Miniconda3\envs\yolo\lib\site-packages\torch\include\torch\csrc\api\include\torch/nn/functional/pixelshuffle.h
注意: 包含文件:       D:\APP\AboutCode\Miniconda3\envs\yolo\lib\site-packages\torch\include\torch\csrc\api\include\torch/nn/options/pixelshuffle.h
注意: 包含文件:      D:\APP\AboutCode\Miniconda3\envs\yolo\lib\site-packages\torch\include\torch\csrc\api\include\torch/nn/functional/upsampling.h
注意: 包含文件:       D:\APP\AboutCode\Miniconda3\envs\yolo\lib\site-packages\torch\include\torch\csrc\api\include\torch/nn/options/upsampling.h
注意: 包含文件:      D:\APP\AboutCode\Miniconda3\envs\yolo\lib\site-packages\torch\include\torch\csrc\api\include\torch/nn/functional/vision.h
注意: 包含文件:       D:\APP\AboutCode\Miniconda3\envs\yolo\lib\site-packages\torch\include\torch\csrc\api\include\torch/nn/options/vision.h
注意: 包含文件:     D:\APP\AboutCode\Miniconda3\envs\yolo\lib\site-packages\torch\include\torch\csrc\api\include\torch/nn/init.h
注意: 包含文件:     D:\APP\AboutCode\Miniconda3\envs\yolo\lib\site-packages\torch\include\torch\csrc\api\include\torch/nn/modules.h
注意: 包含文件:      D:\APP\AboutCode\Miniconda3\envs\yolo\lib\site-packages\torch\include\torch\csrc\api\include\torch/nn/modules/common.h
注意: 包含文件:      D:\APP\AboutCode\Miniconda3\envs\yolo\lib\site-packages\torch\include\torch\csrc\api\include\torch/nn/modules/container/any.h
注意: 包含文件:      D:\APP\AboutCode\Miniconda3\envs\yolo\lib\site-packages\torch\include\torch\csrc\api\include\torch/nn/modules/container/functional.h
注意: 包含文件:      D:\APP\AboutCode\Miniconda3\envs\yolo\lib\site-packages\torch\include\torch\csrc\api\include\torch/nn/modules/container/moduledict.h
注意: 包含文件:      D:\APP\AboutCode\Miniconda3\envs\yolo\lib\site-packages\torch\include\torch\csrc\api\include\torch/nn/modules/container/modulelist.h
注意: 包含文件:      D:\APP\AboutCode\Miniconda3\envs\yolo\lib\site-packages\torch\include\torch\csrc\api\include\torch/nn/modules/container/named_any.h
注意: 包含文件:      D:\APP\AboutCode\Miniconda3\envs\yolo\lib\site-packages\torch\include\torch\csrc\api\include\torch/nn/modules/container/parameterdict.h
注意: 包含文件:      D:\APP\AboutCode\Miniconda3\envs\yolo\lib\site-packages\torch\include\torch\csrc\api\include\torch/nn/modules/container/parameterlist.h
注意: 包含文件:      D:\APP\AboutCode\Miniconda3\envs\yolo\lib\site-packages\torch\include\torch\csrc\api\include\torch/nn/modules/container/sequential.h
注意: 包含文件:      D:\APP\AboutCode\Miniconda3\envs\yolo\lib\site-packages\torch\include\torch\csrc\api\include\torch/nn/modules/activation.h
注意: 包含文件:       D:\APP\AboutCode\Miniconda3\envs\yolo\lib\site-packages\torch\include\torch\csrc\api\include\torch/nn/modules/linear.h
注意: 包含文件:      D:\APP\AboutCode\Miniconda3\envs\yolo\lib\site-packages\torch\include\torch\csrc\api\include\torch/nn/modules/adaptive.h
注意: 包含文件:       D:\APP\AboutCode\Miniconda3\envs\yolo\lib\site-packages\torch\include\torch\csrc\api\include\torch/nn/options/adaptive.h
注意: 包含文件:      D:\APP\AboutCode\Miniconda3\envs\yolo\lib\site-packages\torch\include\torch\csrc\api\include\torch/nn/modules/batchnorm.h
注意: 包含文件:      D:\APP\AboutCode\Miniconda3\envs\yolo\lib\site-packages\torch\include\torch\csrc\api\include\torch/nn/modules/conv.h
注意: 包含文件:      D:\APP\AboutCode\Miniconda3\envs\yolo\lib\site-packages\torch\include\torch\csrc\api\include\torch/nn/modules/distance.h
注意: 包含文件:      D:\APP\AboutCode\Miniconda3\envs\yolo\lib\site-packages\torch\include\torch\csrc\api\include\torch/nn/modules/dropout.h
注意: 包含文件:      D:\APP\AboutCode\Miniconda3\envs\yolo\lib\site-packages\torch\include\torch\csrc\api\include\torch/nn/modules/embedding.h
注意: 包含文件:      D:\APP\AboutCode\Miniconda3\envs\yolo\lib\site-packages\torch\include\torch\csrc\api\include\torch/nn/modules/fold.h
注意: 包含文件:      D:\APP\AboutCode\Miniconda3\envs\yolo\lib\site-packages\torch\include\torch\csrc\api\include\torch/nn/modules/instancenorm.h
注意: 包含文件:      D:\APP\AboutCode\Miniconda3\envs\yolo\lib\site-packages\torch\include\torch\csrc\api\include\torch/nn/modules/loss.h
注意: 包含文件:      D:\APP\AboutCode\Miniconda3\envs\yolo\lib\site-packages\torch\include\torch\csrc\api\include\torch/nn/modules/normalization.h
注意: 包含文件:       D:\APP\AboutCode\Miniconda3\envs\yolo\lib\site-packages\torch\include\torch\csrc\api\include\torch/nn/modules/_functions.h
注意: 包含文件:      D:\APP\AboutCode\Miniconda3\envs\yolo\lib\site-packages\torch\include\torch\csrc\api\include\torch/nn/modules/padding.h
注意: 包含文件:      D:\APP\AboutCode\Miniconda3\envs\yolo\lib\site-packages\torch\include\torch\csrc\api\include\torch/nn/modules/pixelshuffle.h
注意: 包含文件:      D:\APP\AboutCode\Miniconda3\envs\yolo\lib\site-packages\torch\include\torch\csrc\api\include\torch/nn/modules/pooling.h
注意: 包含文件:      D:\APP\AboutCode\Miniconda3\envs\yolo\lib\site-packages\torch\include\torch\csrc\api\include\torch/nn/modules/rnn.h
注意: 包含文件:       D:\APP\AboutCode\Miniconda3\envs\yolo\lib\site-packages\torch\include\torch\csrc\api\include\torch/nn/options/rnn.h
注意: 包含文件:       D:\APP\AboutCode\Miniconda3\envs\yolo\lib\site-packages\torch\include\torch\csrc\api\include\torch/nn/utils/rnn.h
注意: 包含文件:      D:\APP\AboutCode\Miniconda3\envs\yolo\lib\site-packages\torch\include\torch\csrc\api\include\torch/nn/modules/transformer.h
注意: 包含文件:       D:\APP\AboutCode\Miniconda3\envs\yolo\lib\site-packages\torch\include\torch\csrc\api\include\torch/nn/options/transformer.h
注意: 包含文件:        D:\APP\AboutCode\Miniconda3\envs\yolo\lib\site-packages\torch\include\torch\csrc\api\include\torch/nn/options/transformerlayer.h
注意: 包含文件:      D:\APP\AboutCode\Miniconda3\envs\yolo\lib\site-packages\torch\include\torch\csrc\api\include\torch/nn/modules/transformercoder.h
注意: 包含文件:       D:\APP\AboutCode\Miniconda3\envs\yolo\lib\site-packages\torch\include\torch\csrc\api\include\torch/nn/options/transformercoder.h
注意: 包含文件:        D:\APP\AboutCode\Miniconda3\envs\yolo\lib\site-packages\torch\include\torch\csrc\api\include\torch/nn/modules/transformerlayer.h
注意: 包含文件:      D:\APP\AboutCode\Miniconda3\envs\yolo\lib\site-packages\torch\include\torch\csrc\api\include\torch/nn/modules/upsampling.h
注意: 包含文件:     D:\APP\AboutCode\Miniconda3\envs\yolo\lib\site-packages\torch\include\torch\csrc\api\include\torch/nn/options.h
注意: 包含文件:     D:\APP\AboutCode\Miniconda3\envs\yolo\lib\site-packages\torch\include\torch\csrc\api\include\torch/nn/utils.h
注意: 包含文件:      D:\APP\AboutCode\Miniconda3\envs\yolo\lib\site-packages\torch\include\torch\csrc\api\include\torch/nn/utils/clip_grad.h
注意: 包含文件:      D:\APP\AboutCode\Miniconda3\envs\yolo\lib\site-packages\torch\include\torch\csrc\api\include\torch/nn/utils/convert_parameters.h
注意: 包含文件:    D:\APP\AboutCode\Miniconda3\envs\yolo\lib\site-packages\torch\include\torch\csrc\api\include\torch/optim.h
注意: 包含文件:     D:\APP\AboutCode\Miniconda3\envs\yolo\lib\site-packages\torch\include\torch\csrc\api\include\torch/optim/adagrad.h
注意: 包含文件:      D:\APP\AboutCode\Miniconda3\envs\yolo\lib\site-packages\torch\include\torch\csrc\api\include\torch/optim/optimizer.h
注意: 包含文件:      D:\APP\AboutCode\Miniconda3\envs\yolo\lib\site-packages\torch\include\torch\csrc\api\include\torch/optim/serialize.h
注意: 包含文件:     D:\APP\AboutCode\Miniconda3\envs\yolo\lib\site-packages\torch\include\torch\csrc\api\include\torch/optim/adam.h
注意: 包含文件:     D:\APP\AboutCode\Miniconda3\envs\yolo\lib\site-packages\torch\include\torch\csrc\api\include\torch/optim/adamw.h
注意: 包含文件:     D:\APP\AboutCode\Miniconda3\envs\yolo\lib\site-packages\torch\include\torch\csrc\api\include\torch/optim/lbfgs.h
注意: 包含文件:     D:\APP\AboutCode\Miniconda3\envs\yolo\lib\site-packages\torch\include\torch\csrc\api\include\torch/optim/rmsprop.h
注意: 包含文件:     D:\APP\AboutCode\Miniconda3\envs\yolo\lib\site-packages\torch\include\torch\csrc\api\include\torch/optim/sgd.h
注意: 包含文件:     D:\APP\AboutCode\Miniconda3\envs\yolo\lib\site-packages\torch\include\torch\csrc\api\include\torch/optim/schedulers/lr_scheduler.h
注意: 包含文件:     D:\APP\AboutCode\Miniconda3\envs\yolo\lib\site-packages\torch\include\torch\csrc\api\include\torch/optim/schedulers/step_lr.h
注意: 包含文件:    D:\APP\AboutCode\Miniconda3\envs\yolo\lib\site-packages\torch\include\torch\csrc\api\include\torch/sparse.h
注意: 包含文件:    D:\APP\AboutCode\Miniconda3\envs\yolo\lib\site-packages\torch\include\torch\csrc\api\include\torch/special.h
注意: 包含文件:    D:\APP\AboutCode\Miniconda3\envs\yolo\lib\site-packages\torch\include\torch\csrc\api\include\torch/version.h
注意: 包含文件:   D:\APP\AboutCode\Miniconda3\envs\yolo\lib\site-packages\torch\include\torch\csrc\api\include\torch/python.h
注意: 包含文件:    D:\APP\AboutCode\Miniconda3\envs\yolo\lib\site-packages\torch\include\torch/csrc/Device.h
注意: 包含文件:     D:\APP\AboutCode\Miniconda3\envs\yolo\lib\site-packages\torch\include\torch/csrc/python_headers.h
注意: 包含文件:      D:\APP\AboutCode\Miniconda3\envs\yolo\include\Python.h
注意: 包含文件:       D:\APP\AboutCode\Miniconda3\envs\yolo\include\patchlevel.h
注意: 包含文件:       D:\APP\AboutCode\Miniconda3\envs\yolo\include\pyconfig.h
注意: 包含文件:        C:\Program Files (x86)\Windows Kits\10\include\10.0.26100.0\ucrt\io.h
注意: 包含文件:         C:\Program Files (x86)\Windows Kits\10\include\10.0.26100.0\ucrt\corecrt_io.h
注意: 包含文件:        C:\Program Files (x86)\Windows Kits\10\\include\10.0.26100.0\\shared\basetsd.h
注意: 包含文件:       D:\APP\AboutCode\Miniconda3\envs\yolo\include\pymacconfig.h
注意: 包含文件:       C:\Program Files (x86)\Windows Kits\10\include\10.0.26100.0\ucrt\assert.h
注意: 包含文件:       D:\APP\AboutCode\Miniconda3\envs\yolo\include\pyport.h
注意: 包含文件:        C:\Program Files (x86)\Windows Kits\10\include\10.0.26100.0\ucrt\math.h
注意: 包含文件:       D:\APP\AboutCode\Miniconda3\envs\yolo\include\pymacro.h
注意: 包含文件:       D:\APP\AboutCode\Miniconda3\envs\yolo\include\pymath.h
注意: 包含文件:       D:\APP\AboutCode\Miniconda3\envs\yolo\include\pytime.h
注意: 包含文件:        D:\APP\AboutCode\Miniconda3\envs\yolo\include\object.h
注意: 包含文件:         D:\APP\AboutCode\Miniconda3\envs\yolo\include\pymem.h
注意: 包含文件:          D:\APP\AboutCode\Miniconda3\envs\yolo\include\cpython/pymem.h
注意: 包含文件:         D:\APP\AboutCode\Miniconda3\envs\yolo\include\cpython/object.h
注意: 包含文件:       D:\APP\AboutCode\Miniconda3\envs\yolo\include\objimpl.h
注意: 包含文件:        D:\APP\AboutCode\Miniconda3\envs\yolo\include\cpython/objimpl.h
注意: 包含文件:       D:\APP\AboutCode\Miniconda3\envs\yolo\include\typeslots.h
注意: 包含文件:       D:\APP\AboutCode\Miniconda3\envs\yolo\include\pyhash.h
注意: 包含文件:       D:\APP\AboutCode\Miniconda3\envs\yolo\include\pydebug.h
注意: 包含文件:       D:\APP\AboutCode\Miniconda3\envs\yolo\include\bytearrayobject.h
注意: 包含文件:        D:\APP\AboutCode\Microsoft Visual Studio\2022\Community\VC\Tools\MSVC\14.44.35207\include\stdarg.h
注意: 包含文件:       D:\APP\AboutCode\Miniconda3\envs\yolo\include\bytesobject.h
注意: 包含文件:       D:\APP\AboutCode\Miniconda3\envs\yolo\include\unicodeobject.h
注意: 包含文件:        D:\APP\AboutCode\Miniconda3\envs\yolo\include\cpython/unicodeobject.h
注意: 包含文件:       D:\APP\AboutCode\Miniconda3\envs\yolo\include\longobject.h
注意: 包含文件:       D:\APP\AboutCode\Miniconda3\envs\yolo\include\longintrepr.h
注意: 包含文件:       D:\APP\AboutCode\Miniconda3\envs\yolo\include\boolobject.h
注意: 包含文件:       D:\APP\AboutCode\Miniconda3\envs\yolo\include\floatobject.h
注意: 包含文件:       D:\APP\AboutCode\Miniconda3\envs\yolo\include\complexobject.h
注意: 包含文件:       D:\APP\AboutCode\Miniconda3\envs\yolo\include\rangeobject.h
注意: 包含文件:       D:\APP\AboutCode\Miniconda3\envs\yolo\include\memoryobject.h
注意: 包含文件:       D:\APP\AboutCode\Miniconda3\envs\yolo\include\tupleobject.h
注意: 包含文件:        D:\APP\AboutCode\Miniconda3\envs\yolo\include\cpython/tupleobject.h
注意: 包含文件:       D:\APP\AboutCode\Miniconda3\envs\yolo\include\listobject.h
注意: 包含文件:       D:\APP\AboutCode\Miniconda3\envs\yolo\include\dictobject.h
注意: 包含文件:        D:\APP\AboutCode\Miniconda3\envs\yolo\include\cpython/dictobject.h
注意: 包含文件:       D:\APP\AboutCode\Miniconda3\envs\yolo\include\odictobject.h
注意: 包含文件:       D:\APP\AboutCode\Miniconda3\envs\yolo\include\enumobject.h
注意: 包含文件:       D:\APP\AboutCode\Miniconda3\envs\yolo\include\setobject.h
注意: 包含文件:       D:\APP\AboutCode\Miniconda3\envs\yolo\include\methodobject.h
注意: 包含文件:       D:\APP\AboutCode\Miniconda3\envs\yolo\include\moduleobject.h
注意: 包含文件:       D:\APP\AboutCode\Miniconda3\envs\yolo\include\funcobject.h
注意: 包含文件:       D:\APP\AboutCode\Miniconda3\envs\yolo\include\classobject.h
注意: 包含文件:       D:\APP\AboutCode\Miniconda3\envs\yolo\include\fileobject.h
注意: 包含文件:        D:\APP\AboutCode\Miniconda3\envs\yolo\include\cpython/fileobject.h
注意: 包含文件:       D:\APP\AboutCode\Miniconda3\envs\yolo\include\pycapsule.h
注意: 包含文件:       D:\APP\AboutCode\Miniconda3\envs\yolo\include\traceback.h
注意: 包含文件:        D:\APP\AboutCode\Miniconda3\envs\yolo\include\cpython/traceback.h
注意: 包含文件:       D:\APP\AboutCode\Miniconda3\envs\yolo\include\sliceobject.h
注意: 包含文件:       D:\APP\AboutCode\Miniconda3\envs\yolo\include\cellobject.h
注意: 包含文件:       D:\APP\AboutCode\Miniconda3\envs\yolo\include\iterobject.h
注意: 包含文件:       D:\APP\AboutCode\Miniconda3\envs\yolo\include\genobject.h
注意: 包含文件:        D:\APP\AboutCode\Miniconda3\envs\yolo\include\pystate.h
注意: 包含文件:         D:\APP\AboutCode\Miniconda3\envs\yolo\include\pythread.h
注意: 包含文件:         D:\APP\AboutCode\Miniconda3\envs\yolo\include\cpython/pystate.h
注意: 包含文件:          D:\APP\AboutCode\Miniconda3\envs\yolo\include\cpython/initconfig.h
注意: 包含文件:       D:\APP\AboutCode\Miniconda3\envs\yolo\include\descrobject.h
注意: 包含文件:       D:\APP\AboutCode\Miniconda3\envs\yolo\include\warnings.h
注意: 包含文件:       D:\APP\AboutCode\Miniconda3\envs\yolo\include\weakrefobject.h
注意: 包含文件:       D:\APP\AboutCode\Miniconda3\envs\yolo\include\structseq.h
注意: 包含文件:       D:\APP\AboutCode\Miniconda3\envs\yolo\include\namespaceobject.h
注意: 包含文件:       D:\APP\AboutCode\Miniconda3\envs\yolo\include\picklebufobject.h
注意: 包含文件:       D:\APP\AboutCode\Miniconda3\envs\yolo\include\codecs.h
注意: 包含文件:       D:\APP\AboutCode\Miniconda3\envs\yolo\include\pyerrors.h
注意: 包含文件:        D:\APP\AboutCode\Miniconda3\envs\yolo\include\cpython/pyerrors.h
注意: 包含文件:       D:\APP\AboutCode\Miniconda3\envs\yolo\include\context.h
注意: 包含文件:       D:\APP\AboutCode\Miniconda3\envs\yolo\include\pyarena.h
注意: 包含文件:       D:\APP\AboutCode\Miniconda3\envs\yolo\include\modsupport.h
注意: 包含文件:       D:\APP\AboutCode\Miniconda3\envs\yolo\include\compile.h
注意: 包含文件:        D:\APP\AboutCode\Miniconda3\envs\yolo\include\code.h
注意: 包含文件:       D:\APP\AboutCode\Miniconda3\envs\yolo\include\pythonrun.h
注意: 包含文件:       D:\APP\AboutCode\Miniconda3\envs\yolo\include\pylifecycle.h
注意: 包含文件:        D:\APP\AboutCode\Miniconda3\envs\yolo\include\cpython/pylifecycle.h
注意: 包含文件:       D:\APP\AboutCode\Miniconda3\envs\yolo\include\ceval.h
注意: 包含文件:       D:\APP\AboutCode\Miniconda3\envs\yolo\include\sysmodule.h
注意: 包含文件:        D:\APP\AboutCode\Miniconda3\envs\yolo\include\cpython/sysmodule.h
注意: 包含文件:       D:\APP\AboutCode\Miniconda3\envs\yolo\include\osmodule.h
注意: 包含文件:       D:\APP\AboutCode\Miniconda3\envs\yolo\include\intrcheck.h
注意: 包含文件:       D:\APP\AboutCode\Miniconda3\envs\yolo\include\import.h
注意: 包含文件:       D:\APP\AboutCode\Miniconda3\envs\yolo\include\abstract.h
注意: 包含文件:        D:\APP\AboutCode\Miniconda3\envs\yolo\include\cpython/abstract.h
注意: 包含文件:       D:\APP\AboutCode\Miniconda3\envs\yolo\include\bltinmodule.h
注意: 包含文件:       D:\APP\AboutCode\Miniconda3\envs\yolo\include\eval.h
注意: 包含文件:       D:\APP\AboutCode\Miniconda3\envs\yolo\include\pyctype.h
注意: 包含文件:       D:\APP\AboutCode\Miniconda3\envs\yolo\include\pystrtod.h
注意: 包含文件:       D:\APP\AboutCode\Miniconda3\envs\yolo\include\pystrcmp.h
注意: 包含文件:       D:\APP\AboutCode\Miniconda3\envs\yolo\include\dtoa.h
注意: 包含文件:       D:\APP\AboutCode\Miniconda3\envs\yolo\include\fileutils.h
注意: 包含文件:       D:\APP\AboutCode\Miniconda3\envs\yolo\include\pyfpe.h
注意: 包含文件:       D:\APP\AboutCode\Miniconda3\envs\yolo\include\tracemalloc.h
注意: 包含文件:      D:\APP\AboutCode\Miniconda3\envs\yolo\include\frameobject.h
注意: 包含文件:    D:\APP\AboutCode\Miniconda3\envs\yolo\lib\site-packages\torch\include\torch/csrc/Dtype.h
注意: 包含文件:    D:\APP\AboutCode\Miniconda3\envs\yolo\lib\site-packages\torch\include\torch/csrc/DynamicTypes.h
注意: 包含文件:    D:\APP\AboutCode\Miniconda3\envs\yolo\lib\site-packages\torch\include\torch/csrc/Exceptions.h
注意: 包含文件:     D:\APP\AboutCode\Miniconda3\envs\yolo\lib\site-packages\torch\include\ATen/detail/FunctionTraits.h
注意: 包含文件:     D:\APP\AboutCode\Miniconda3\envs\yolo\lib\site-packages\torch\include\pybind11/pybind11.h
注意: 包含文件:      D:\APP\AboutCode\Miniconda3\envs\yolo\lib\site-packages\torch\include\pybind11\detail/class.h
注意: 包含文件:       D:\APP\AboutCode\Miniconda3\envs\yolo\lib\site-packages\torch\include\pybind11\detail\../attr.h
注意: 包含文件:        D:\APP\AboutCode\Miniconda3\envs\yolo\lib\site-packages\torch\include\pybind11\detail/common.h
D:\APP\AboutCode\Miniconda3\envs\yolo\lib\site-packages\torch\include\pybind11\detail/common.h(210): warning C4005: “HAVE_SNPRINTF”: 宏重定义
D:\APP\AboutCode\Miniconda3\envs\yolo\include\pyerrors.h(315): note: 参见“HAVE_SNPRINTF”的前一个定义
注意: 包含文件:         D:\APP\AboutCode\Miniconda3\envs\yolo\include\frameobject.h
注意: 包含文件:         D:\APP\AboutCode\Microsoft Visual Studio\2022\Community\VC\Tools\MSVC\14.44.35207\include\version
注意: 包含文件:        D:\APP\AboutCode\Miniconda3\envs\yolo\lib\site-packages\torch\include\pybind11\cast.h
注意: 包含文件:         D:\APP\AboutCode\Miniconda3\envs\yolo\lib\site-packages\torch\include\pybind11\detail/descr.h
注意: 包含文件:         D:\APP\AboutCode\Miniconda3\envs\yolo\lib\site-packages\torch\include\pybind11\detail/type_caster_base.h
注意: 包含文件:          D:\APP\AboutCode\Miniconda3\envs\yolo\lib\site-packages\torch\include\pybind11\detail\../pytypes.h
注意: 包含文件:           D:\APP\AboutCode\Miniconda3\envs\yolo\lib\site-packages\torch\include\pybind11\buffer_info.h
注意: 包含文件:           C:\Program Files (x86)\Windows Kits\10\include\10.0.26100.0\ucrt\assert.h
注意: 包含文件:           D:\APP\AboutCode\Miniconda3\envs\yolo\include\frameobject.h
注意: 包含文件:          D:\APP\AboutCode\Miniconda3\envs\yolo\lib\site-packages\torch\include\pybind11\detail\internals.h
注意: 包含文件:          D:\APP\AboutCode\Miniconda3\envs\yolo\lib\site-packages\torch\include\pybind11\detail\typeid.h
注意: 包含文件:       D:\APP\AboutCode\Miniconda3\envs\yolo\lib\site-packages\torch\include\pybind11\detail\../options.h
注意: 包含文件:      D:\APP\AboutCode\Miniconda3\envs\yolo\lib\site-packages\torch\include\pybind11\detail/init.h
注意: 包含文件:      D:\APP\AboutCode\Miniconda3\envs\yolo\lib\site-packages\torch\include\pybind11\gil.h
注意: 包含文件:     D:\APP\AboutCode\Miniconda3\envs\yolo\lib\site-packages\torch\include\torch/csrc/jit/runtime/jit_exception.h
注意: 包含文件:     D:\APP\AboutCode\Miniconda3\envs\yolo\lib\site-packages\torch\include\torch/csrc/utils/cpp_stacktraces.h
注意: 包含文件:     D:\APP\AboutCode\Miniconda3\envs\yolo\lib\site-packages\torch\include\torch/csrc/utils/pybind.h
注意: 包含文件:      D:\APP\AboutCode\Miniconda3\envs\yolo\lib\site-packages\torch\include\pybind11/stl.h
注意: 包含文件:       D:\APP\AboutCode\Microsoft Visual Studio\2022\Community\VC\Tools\MSVC\14.44.35207\include\valarray
注意: 包含文件:      D:\APP\AboutCode\Miniconda3\envs\yolo\lib\site-packages\torch\include\torch/csrc/Generator.h
注意: 包含文件:      D:\APP\AboutCode\Miniconda3\envs\yolo\lib\site-packages\torch\include\torch/csrc/MemoryFormat.h
注意: 包含文件:      D:\APP\AboutCode\Miniconda3\envs\yolo\lib\site-packages\torch\include\torch/csrc/Stream.h
注意: 包含文件:      D:\APP\AboutCode\Miniconda3\envs\yolo\lib\site-packages\torch\include\torch/csrc/utils/tensor_memoryformats.h
注意: 包含文件:    D:\APP\AboutCode\Miniconda3\envs\yolo\lib\site-packages\torch\include\torch/csrc/autograd/python_variable.h
注意: 包含文件:     D:\APP\AboutCode\Miniconda3\envs\yolo\lib\site-packages\torch\include\torch/csrc/utils/pythoncapi_compat.h
注意: 包含文件:      D:\APP\AboutCode\Miniconda3\envs\yolo\include\frameobject.h
注意: 包含文件:    D:\APP\AboutCode\Miniconda3\envs\yolo\lib\site-packages\torch\include\torch/csrc/utils/python_numbers.h
注意: 包含文件:     D:\APP\AboutCode\Miniconda3\envs\yolo\lib\site-packages\torch\include\torch/csrc/jit/frontend/tracer.h
注意: 包含文件:     D:\APP\AboutCode\Miniconda3\envs\yolo\lib\site-packages\torch\include\torch/csrc/utils/object_ptr.h
注意: 包含文件:     D:\APP\AboutCode\Miniconda3\envs\yolo\lib\site-packages\torch\include\torch/csrc/utils/tensor_numpy.h
注意: 包含文件:    D:\APP\AboutCode\Miniconda3\envs\yolo\lib\site-packages\torch\include\torch/csrc/utils/python_tuples.h
注意: 包含文件:  D:\APP\AboutCode\Miniconda3\envs\yolo\lib\site-packages\torch\include\ATen/cuda/CUDAContext.h
注意: 包含文件:   D:\APP\AboutCode\Miniconda3\envs\yolo\lib\site-packages\torch\include\ATen/cuda/CUDAContextLight.h
注意: 包含文件:    C:\Program Files\NVIDIA GPU Computing Toolkit\CUDA\v11.8\include\cuda_runtime_api.h
注意: 包含文件:     C:\Program Files\NVIDIA GPU Computing Toolkit\CUDA\v11.8\include\crt/host_defines.h
注意: 包含文件:     C:\Program Files\NVIDIA GPU Computing Toolkit\CUDA\v11.8\include\builtin_types.h
注意: 包含文件:      C:\Program Files\NVIDIA GPU Computing Toolkit\CUDA\v11.8\include\device_types.h
注意: 包含文件:       C:\Program Files\NVIDIA GPU Computing Toolkit\CUDA\v11.8\include\crt/host_defines.h
注意: 包含文件:      C:\Program Files\NVIDIA GPU Computing Toolkit\CUDA\v11.8\include\driver_types.h
注意: 包含文件:       C:\Program Files\NVIDIA GPU Computing Toolkit\CUDA\v11.8\include\crt/host_defines.h
注意: 包含文件:       C:\Program Files\NVIDIA GPU Computing Toolkit\CUDA\v11.8\include\vector_types.h
注意: 包含文件:        C:\Program Files\NVIDIA GPU Computing Toolkit\CUDA\v11.8\include\crt/host_defines.h
注意: 包含文件:      C:\Program Files\NVIDIA GPU Computing Toolkit\CUDA\v11.8\include\surface_types.h
注意: 包含文件:       C:\Program Files\NVIDIA GPU Computing Toolkit\CUDA\v11.8\include\driver_types.h
注意: 包含文件:      C:\Program Files\NVIDIA GPU Computing Toolkit\CUDA\v11.8\include\texture_types.h
注意: 包含文件:       C:\Program Files\NVIDIA GPU Computing Toolkit\CUDA\v11.8\include\driver_types.h
注意: 包含文件:      C:\Program Files\NVIDIA GPU Computing Toolkit\CUDA\v11.8\include\vector_types.h
注意: 包含文件:     C:\Program Files\NVIDIA GPU Computing Toolkit\CUDA\v11.8\include\cuda_device_runtime_api.h
注意: 包含文件:    C:\Program Files\NVIDIA GPU Computing Toolkit\CUDA\v11.8\include\cusparse.h
注意: 包含文件:     C:\Program Files\NVIDIA GPU Computing Toolkit\CUDA\v11.8\include\cuComplex.h
注意: 包含文件:      C:\Program Files (x86)\Windows Kits\10\include\10.0.26100.0\ucrt\math.h
注意: 包含文件:      C:\Program Files\NVIDIA GPU Computing Toolkit\CUDA\v11.8\include\vector_types.h
注意: 包含文件:     C:\Program Files\NVIDIA GPU Computing Toolkit\CUDA\v11.8\include\cuda_fp16.h
注意: 包含文件:      C:\Program Files\NVIDIA GPU Computing Toolkit\CUDA\v11.8\include\cuda_fp16.hpp
注意: 包含文件:     C:\Program Files\NVIDIA GPU Computing Toolkit\CUDA\v11.8\include\driver_types.h
注意: 包含文件:     C:\Program Files\NVIDIA GPU Computing Toolkit\CUDA\v11.8\include\library_types.h
注意: 包含文件:    C:\Program Files\NVIDIA GPU Computing Toolkit\CUDA\v11.8\include\cublas_v2.h
注意: 包含文件:     C:\Program Files\NVIDIA GPU Computing Toolkit\CUDA\v11.8\include\cublas_api.h
注意: 包含文件:      C:\Program Files\NVIDIA GPU Computing Toolkit\CUDA\v11.8\include\driver_types.h
注意: 包含文件:      C:\Program Files\NVIDIA GPU Computing Toolkit\CUDA\v11.8\include\cuComplex.h
注意: 包含文件:      C:\Program Files\NVIDIA GPU Computing Toolkit\CUDA\v11.8\include\cuda_bf16.h
注意: 包含文件:       C:\Program Files\NVIDIA GPU Computing Toolkit\CUDA\v11.8\include\cuda_bf16.hpp
注意: 包含文件:      C:\Program Files\NVIDIA GPU Computing Toolkit\CUDA\v11.8\include\library_types.h
注意: 包含文件:    C:\Program Files\NVIDIA GPU Computing Toolkit\CUDA\v11.8\include\cusolverDn.h
注意: 包含文件:     C:\Program Files\NVIDIA GPU Computing Toolkit\CUDA\v11.8\include\cuComplex.h
注意: 包含文件:     C:\Program Files\NVIDIA GPU Computing Toolkit\CUDA\v11.8\include\cublas_v2.h
注意: 包含文件:     C:\Program Files\NVIDIA GPU Computing Toolkit\CUDA\v11.8\include\cusolver_common.h
注意: 包含文件:      C:\Program Files\NVIDIA GPU Computing Toolkit\CUDA\v11.8\include\library_types.h
注意: 包含文件:    D:\APP\AboutCode\Miniconda3\envs\yolo\lib\site-packages\torch\include\c10/cuda/CUDAFunctions.h
注意: 包含文件:     D:\APP\AboutCode\Miniconda3\envs\yolo\lib\site-packages\torch\include\c10/core/impl/GPUTrace.h
注意: 包含文件:     D:\APP\AboutCode\Miniconda3\envs\yolo\lib\site-packages\torch\include\c10/cuda/CUDAException.h
注意: 包含文件:      D:\APP\AboutCode\Miniconda3\envs\yolo\lib\site-packages\torch\include\c10/cuda/CUDADeviceAssertionHost.h
注意: 包含文件:       D:\APP\AboutCode\Miniconda3\envs\yolo\lib\site-packages\torch\include\c10/cuda/CUDAMacros.h
注意: 包含文件:        D:\APP\AboutCode\Miniconda3\envs\yolo\lib\site-packages\torch\include\c10/cuda/impl/cuda_cmake_macros.h
注意: 包含文件:      D:\APP\AboutCode\Miniconda3\envs\yolo\lib\site-packages\torch\include\c10/cuda/CUDAMiscFunctions.h
注意: 包含文件:      C:\Program Files\NVIDIA GPU Computing Toolkit\CUDA\v11.8\include\cuda.h
注意: 包含文件:     C:\Program Files\NVIDIA GPU Computing Toolkit\CUDA\v11.8\include\cuda_runtime_api.h
注意: 包含文件:   D:\APP\AboutCode\Miniconda3\envs\yolo\lib\site-packages\torch\include\c10/cuda/CUDAStream.h
注意: 包含文件:    C:\Program Files\NVIDIA GPU Computing Toolkit\CUDA\v11.8\include\cuda_runtime_api.h
注意: 包含文件:   D:\APP\AboutCode\Miniconda3\envs\yolo\lib\site-packages\torch\include\ATen/cuda/Exceptions.h
注意: 包含文件:    C:\Program Files\NVIDIA GPU Computing Toolkit\CUDA\v11.8\include\cublas_v2.h
注意: 包含文件:    C:\Program Files\NVIDIA GPU Computing Toolkit\CUDA\v11.8\include\cusparse.h
注意: 包含文件:    C:\Program Files\NVIDIA GPU Computing Toolkit\CUDA\v11.8\include\cusolver_common.h
注意: 包含文件:  C:\Program Files\NVIDIA GPU Computing Toolkit\CUDA\v11.8\include\cuda_runtime.h
注意: 包含文件:   C:\Program Files\NVIDIA GPU Computing Toolkit\CUDA\v11.8\include\crt/host_config.h
注意: 包含文件:   C:\Program Files\NVIDIA GPU Computing Toolkit\CUDA\v11.8\include\builtin_types.h
注意: 包含文件:    C:\Program Files\NVIDIA GPU Computing Toolkit\CUDA\v11.8\include\device_types.h
注意: 包含文件:    C:\Program Files\NVIDIA GPU Computing Toolkit\CUDA\v11.8\include\driver_types.h
注意: 包含文件:    C:\Program Files\NVIDIA GPU Computing Toolkit\CUDA\v11.8\include\surface_types.h
注意: 包含文件:    C:\Program Files\NVIDIA GPU Computing Toolkit\CUDA\v11.8\include\texture_types.h
注意: 包含文件:    C:\Program Files\NVIDIA GPU Computing Toolkit\CUDA\v11.8\include\vector_types.h
注意: 包含文件:   C:\Program Files\NVIDIA GPU Computing Toolkit\CUDA\v11.8\include\library_types.h
注意: 包含文件:   C:\Program Files\NVIDIA GPU Computing Toolkit\CUDA\v11.8\include\channel_descriptor.h
注意: 包含文件:    C:\Program Files\NVIDIA GPU Computing Toolkit\CUDA\v11.8\include\cuda_runtime_api.h
注意: 包含文件:   C:\Program Files\NVIDIA GPU Computing Toolkit\CUDA\v11.8\include\cuda_runtime_api.h
注意: 包含文件:   C:\Program Files\NVIDIA GPU Computing Toolkit\CUDA\v11.8\include\driver_functions.h
注意: 包含文件:    C:\Program Files\NVIDIA GPU Computing Toolkit\CUDA\v11.8\include\builtin_types.h
注意: 包含文件:     C:\Program Files\NVIDIA GPU Computing Toolkit\CUDA\v11.8\include\device_types.h
注意: 包含文件:     C:\Program Files\NVIDIA GPU Computing Toolkit\CUDA\v11.8\include\driver_types.h
注意: 包含文件:     C:\Program Files\NVIDIA GPU Computing Toolkit\CUDA\v11.8\include\surface_types.h
注意: 包含文件:     C:\Program Files\NVIDIA GPU Computing Toolkit\CUDA\v11.8\include\texture_types.h
注意: 包含文件:     C:\Program Files\NVIDIA GPU Computing Toolkit\CUDA\v11.8\include\vector_types.h
注意: 包含文件:    C:\Program Files\NVIDIA GPU Computing Toolkit\CUDA\v11.8\include\crt/host_defines.h
注意: 包含文件:    C:\Program Files\NVIDIA GPU Computing Toolkit\CUDA\v11.8\include\driver_types.h
注意: 包含文件:   C:\Program Files\NVIDIA GPU Computing Toolkit\CUDA\v11.8\include\crt/host_defines.h
注意: 包含文件:   C:\Program Files\NVIDIA GPU Computing Toolkit\CUDA\v11.8\include\vector_functions.h
注意: 包含文件:    C:\Program Files\NVIDIA GPU Computing Toolkit\CUDA\v11.8\include\cuda_runtime_api.h
注意: 包含文件:    C:\Program Files\NVIDIA GPU Computing Toolkit\CUDA\v11.8\include\vector_functions.hpp
注意: 包含文件:     C:\Program Files\NVIDIA GPU Computing Toolkit\CUDA\v11.8\include\cuda_runtime_api.h
[2/2] C:\Program Files\NVIDIA GPU Computing Toolkit\CUDA\v11.8\bin\nvcc --generate-dependencies-with-compile --dependency-output F:\qwen25vl-build\kernels\build\temp.win-amd64-cpython-38\Release\token_merge_launcher.obj.d -std=c++17 --use-local-env -Xcompiler /MD -Xcompiler /wd4819 -Xcompiler /wd4251 -Xcompiler /wd4244 -Xcompiler /wd4267 -Xcompiler /wd4275 -Xcompiler /wd4018 -Xcompiler /wd4190 -Xcompiler /wd4624 -Xcompiler /wd4067 -Xcompiler /wd4068 -Xcompiler /EHsc -Xcudafe --diag_suppress=base_class_has_different_dll_interface -Xcudafe --diag_suppress=field_without_dll_interface -Xcudafe --diag_suppress=dll_interface_conflict_none_assumed -Xcudafe --diag_suppress=dll_interface_conflict_dllexport_assumed -ID:\APP\AboutCode\Miniconda3\envs\yolo\lib\site-packages\torch\include -ID:\APP\AboutCode\Miniconda3\envs\yolo\lib\site-packages\torch\include\torch\csrc\api\include -ID:\APP\AboutCode\Miniconda3\envs\yolo\lib\site-packages\torch\include\TH -ID:\APP\AboutCode\Miniconda3\envs\yolo\lib\site-packages\torch\include\THC "-IC:\Program Files\NVIDIA GPU Computing Toolkit\CUDA\v11.8\include" -ID:\APP\AboutCode\Miniconda3\envs\yolo\include -ID:\APP\AboutCode\Miniconda3\envs\yolo\Include "-ID:\APP\AboutCode\Microsoft Visual Studio\2022\Community\VC\Tools\MSVC\14.44.35207\include" "-ID:\APP\AboutCode\Microsoft Visual Studio\2022\Community\VC\Tools\MSVC\14.44.35207\ATLMFC\include" "-ID:\APP\AboutCode\Microsoft Visual Studio\2022\Community\VC\Auxiliary\VS\include" "-IC:\Program Files (x86)\Windows Kits\10\include\10.0.26100.0\ucrt" "-IC:\Program Files (x86)\Windows Kits\10\\include\10.0.26100.0\\um" "-IC:\Program Files (x86)\Windows Kits\10\\include\10.0.26100.0\\shared" "-IC:\Program Files (x86)\Windows Kits\10\\include\10.0.26100.0\\winrt" "-IC:\Program Files (x86)\Windows Kits\10\\include\10.0.26100.0\\cppwinrt" -c F:\qwen25vl-build\kernels\token_merge_launcher.cu -o F:\qwen25vl-build\kernels\build\temp.win-amd64-cpython-38\Release\token_merge_launcher.obj -D__CUDA_NO_HALF_OPERATORS__ -D__CUDA_NO_HALF_CONVERSIONS__ -D__CUDA_NO_BFLOAT16_CONVERSIONS__ -D__CUDA_NO_HALF2_OPERATORS__ --expt-relaxed-constexpr -O3 -gencode=arch=compute_89,code=sm_89 --use_fast_math -lineinfo -DTORCH_API_INCLUDE_EXTENSION_H -DTORCH_EXTENSION_NAME=token_merge_cuda -D_GLIBCXX_USE_CXX11_ABI=0
token_merge_launcher.cu
creating F:\qwen25vl-build\kernels\build\lib.win-amd64-cpython-38
"D:\APP\AboutCode\Microsoft Visual Studio\2022\Community\VC\Tools\MSVC\14.44.35207\bin\HostX64\x64\link.exe" /nologo /INCREMENTAL:NO /LTCG /DLL /MANIFEST:EMBED,ID=2 /MANIFESTUAC:NO /LIBPATH:D:\APP\AboutCode\Miniconda3\envs\yolo\lib\site-packages\torch\lib "/LIBPATH:C:\Program Files\NVIDIA GPU Computing Toolkit\CUDA\v11.8\lib\x64" /LIBPATH:D:\APP\AboutCode\Miniconda3\envs\yolo\libs /LIBPATH:D:\APP\AboutCode\Miniconda3\envs\yolo /LIBPATH:D:\APP\AboutCode\Miniconda3\envs\yolo\PCbuild\amd64 "/LIBPATH:D:\APP\AboutCode\Microsoft Visual Studio\2022\Community\VC\Tools\MSVC\14.44.35207\ATLMFC\lib\x64" "/LIBPATH:D:\APP\AboutCode\Microsoft Visual Studio\2022\Community\VC\Tools\MSVC\14.44.35207\lib\x64" "/LIBPATH:C:\Program Files (x86)\Windows Kits\10\lib\10.0.26100.0\ucrt\x64" "/LIBPATH:C:\Program Files (x86)\Windows Kits\10\\lib\10.0.26100.0\\um\x64" c10.lib torch.lib torch_cpu.lib torch_python.lib cudart.lib c10_cuda.lib torch_cuda.lib /EXPORT:PyInit_token_merge_cuda F:\qwen25vl-build\kernels\build\temp.win-amd64-cpython-38\Release\bindings.obj F:\qwen25vl-build\kernels\build\temp.win-amd64-cpython-38\Release\token_merge_launcher.obj /OUT:build\lib.win-amd64-cpython-38\token_merge_cuda.cp38-win_amd64.pyd /IMPLIB:F:\qwen25vl-build\kernels\build\temp.win-amd64-cpython-38\Release\token_merge_cuda.cp38-win_amd64.lib
  正在创建库 F:\qwen25vl-build\kernels\build\temp.win-amd64-cpython-38\Release\token_merge_cuda.cp38-win_amd64.lib 和对象 F:\qwen25vl-build\kernels\build\temp.win-amd64-cpython-38\Release\token_merge_cuda.cp38-win_amd64.exp
正在生成代码
已完成代码的生成
copying build\lib.win-amd64-cpython-38\token_merge_cuda.cp38-win_amd64.pyd -> 
=== DONE ===
